id,name,city,address,category_id,rating,rating_count,image_status,thumbnail_url,first_image,tags
638,4号湖入口广场,成都市,蒙彼利埃小学,1,4.20,0,generic_unsplash_fallback,https://images.unsplash.com/photo-1444723121867-7a241cacace9?auto=format&fit=crop&w=1200&q=80,https://images.unsplash.com/photo-1444723121867-7a241cacace9?auto=format&fit=crop&w=1200&q=80,"{城市广场,成都市,四川省}"
667,白鹿森林公园,成都市,白鹿镇小夫路与塘坝二路交叉口,1,4.20,0,generic_unsplash_fallback,https://images.unsplash.com/photo-1500530855697-b586d89ba3ee?auto=format&fit=crop&w=1200&q=80,https://images.unsplash.com/photo-1500530855697-b586d89ba3ee?auto=format&fit=crop&w=1200&q=80,"{风景名胜,成都市,四川省}"
615,白鹭湾湿地公园,成都市,湿地路,1,4.20,0,generic_unsplash_fallback,https://images.unsplash.com/photo-1500530855697-b586d89ba3ee?auto=format&fit=crop&w=1200&q=80,https://images.unsplash.com/photo-1500530855697-b586d89ba3ee?auto=format&fit=crop&w=1200&q=80,"{公园,成都市,四川省}"
651,百工堰公园,成都市,公园路二段186号,1,4.20,0,generic_unsplash_fallback,https://images.unsplash.com/photo-1500530855697-b586d89ba3ee?auto=format&fit=crop&w=1200&q=80,https://images.unsplash.com/photo-1500530855697-b586d89ba3ee?auto=format&fit=crop&w=1200&q=80,"{公园,成都市,四川省}"
675,百花潭公园,成都市,芳邻路5号,1,4.20,0,generic_unsplash_fallback,https://images.unsplash.com/photo-1500530855697-b586d89ba3ee?auto=format&fit=crop&w=1200&q=80,https://images.unsplash.com/photo-1500530855697-b586d89ba3ee?auto=format&fit=crop&w=1200&q=80,"{公园,成都市,四川省}"
677,百仁城市文化公园,成都市,蜀江路与清源一路交叉口东北280米,1,4.20,0,generic_unsplash_fallback,https://images.unsplash.com/photo-1500530855697-b586d89ba3ee?auto=format&fit=crop&w=1200&q=80,https://images.unsplash.com/photo-1500530855697-b586d89ba3ee?auto=format&fit=crop&w=1200&q=80,"{公园,成都市,四川省}"
662,北湖生态公园,成都市,龙潭街道环湖路5号,1,4.20,0,generic_unsplash_fallback,https://images.unsplash.com/photo-1500530855697-b586d89ba3ee?auto=format&fit=crop&w=1200&q=80,https://images.unsplash.com/photo-1500530855697-b586d89ba3ee?auto=format&fit=crop&w=1200&q=80,"{公园,成都市,四川省}"
639,成都SKP中央大台阶,成都市,天府大道1600号(锦城广场东地铁站A口步行80米),1,4.20,0,generic_unsplash_fallback,https://images.unsplash.com/photo-1469854523086-cc02fe5d8800?auto=format&fit=crop&w=1200&q=80,https://images.unsplash.com/photo-1469854523086-cc02fe5d8800?auto=format&fit=crop&w=1200&q=80,"{旅游景点,成都市,四川省}"
628,成都大熊猫繁育研究基地,成都市,熊猫大道1375号,1,4.20,0,generic_unsplash_fallback,https://images.unsplash.com/photo-1469854523086-cc02fe5d8800?auto=format&fit=crop&w=1200&q=80,https://images.unsplash.com/photo-1469854523086-cc02fe5d8800?auto=format&fit=crop&w=1200&q=80,"{国家级景点,成都市,四川省}"
653,成都动物园,成都市,昭觉寺南路234号(动物园地铁站A口步行460米),1,4.20,0,generic_unsplash_fallback,https://images.unsplash.com/photo-1469854523086-cc02fe5d8800?auto=format&fit=crop&w=1200&q=80,https://images.unsplash.com/photo-1469854523086-cc02fe5d8800?auto=format&fit=crop&w=1200&q=80,"{动物园,成都市,四川省}"
633,成都高新中演大剧院,成都市,高新区天府四街688号4栋,1,4.20,0,generic_unsplash_fallback,https://images.unsplash.com/photo-1469854523086-cc02fe5d8800?auto=format&fit=crop&w=1200&q=80,https://images.unsplash.com/photo-1469854523086-cc02fe5d8800?auto=format&fit=crop&w=1200&q=80,"{旅游景点,成都市,四川省}"
616,成都桂溪公园骑行起点,成都市,桂溪生态公园附近,1,4.20,0,generic_unsplash_fallback,https://images.unsplash.com/photo-1500530855697-b586d89ba3ee?auto=format&fit=crop&w=1200&q=80,https://images.unsplash.com/photo-1500530855697-b586d89ba3ee?auto=format&fit=crop&w=1200&q=80,"{旅游景点,成都市,四川省}"
603,成都江滩公园,成都市,世纪城路,1,4.20,0,generic_unsplash_fallback,https://images.unsplash.com/photo-1500530855697-b586d89ba3ee?auto=format&fit=crop&w=1200&q=80,https://images.unsplash.com/photo-1500530855697-b586d89ba3ee?auto=format&fit=crop&w=1200&q=80,"{公园,成都市,四川省}"
661,成都露天音乐公园,成都市,北星大道一段1500号,1,4.20,0,generic_unsplash_fallback,https://images.unsplash.com/photo-1500530855697-b586d89ba3ee?auto=format&fit=crop&w=1200&q=80,https://images.unsplash.com/photo-1500530855697-b586d89ba3ee?auto=format&fit=crop&w=1200&q=80,"{公园,成都市,四川省}"
635,成都南站广场,成都市,天府大道北段成都南站(火车南站地铁站L口旁),1,4.20,0,generic_unsplash_fallback,https://images.unsplash.com/photo-1444723121867-7a241cacace9?auto=format&fit=crop&w=1200&q=80,https://images.unsplash.com/photo-1444723121867-7a241cacace9?auto=format&fit=crop&w=1200&q=80,"{城市广场,成都市,四川省}"
652,成都天台山旅游景区,成都市,天台山镇三角社区天水路55号,1,4.20,0,generic_unsplash_fallback,https://images.unsplash.com/photo-1469854523086-cc02fe5d8800?auto=format&fit=crop&w=1200&q=80,https://images.unsplash.com/photo-1469854523086-cc02fe5d8800?auto=format&fit=crop&w=1200&q=80,"{国家级景点,成都市,四川省}"
657,成都植物园,成都市,蓉都大道天回路1116号,1,4.20,0,generic_unsplash_fallback,https://images.unsplash.com/photo-1469854523086-cc02fe5d8800?auto=format&fit=crop&w=1200&q=80,https://images.unsplash.com/photo-1469854523086-cc02fe5d8800?auto=format&fit=crop&w=1200&q=80,"{植物园,成都市,四川省}"
672,成飞公园,成都市,纬一路220号,1,4.20,0,generic_unsplash_fallback,https://images.unsplash.com/photo-1500530855697-b586d89ba3ee?auto=format&fit=crop&w=1200&q=80,https://images.unsplash.com/photo-1500530855697-b586d89ba3ee?auto=format&fit=crop&w=1200&q=80,"{公园,成都市,四川省}"
632,大慈寺,成都市,大慈寺路21-23号(春熙路地铁站C口步行360米),1,4.20,0,generic_unsplash_fallback,https://images.unsplash.com/photo-1513415756790-2ac1db1297d0?auto=format&fit=crop&w=1200&q=80,https://images.unsplash.com/photo-1513415756790-2ac1db1297d0?auto=format&fit=crop&w=1200&q=80,"{寺庙道观,成都市,四川省}"
599,大源中央公园,成都市,成都高新区天府二街777号(大源地铁站D口旁),1,4.20,0,generic_unsplash_fallback,https://images.unsplash.com/photo-1500530855697-b586d89ba3ee?auto=format&fit=crop&w=1200&q=80,https://images.unsplash.com/photo-1500530855697-b586d89ba3ee?auto=format&fit=crop&w=1200&q=80,"{公园,成都市,四川省}"
660,东安湖公园,成都市,龙泉街道都市汽车城大道四段辅路,1,4.20,0,generic_unsplash_fallback,https://images.unsplash.com/photo-1500530855697-b586d89ba3ee?auto=format&fit=crop&w=1200&q=80,https://images.unsplash.com/photo-1500530855697-b586d89ba3ee?auto=format&fit=crop&w=1200&q=80,"{公园,成都市,四川省}"
604,东湖公园,成都市,二环路东五段301号(东湖公园地铁站A口旁),1,4.20,0,generic_unsplash_fallback,https://images.unsplash.com/photo-1500530855697-b586d89ba3ee?auto=format&fit=crop&w=1200&q=80,https://images.unsplash.com/photo-1500530855697-b586d89ba3ee?auto=format&fit=crop&w=1200&q=80,"{公园,成都市,四川省}"
619,东郊记忆,成都市,跳蹬河街道建设南支路1号,1,4.20,0,generic_unsplash_fallback,https://images.unsplash.com/photo-1469854523086-cc02fe5d8800?auto=format&fit=crop&w=1200&q=80,https://images.unsplash.com/photo-1469854523086-cc02fe5d8800?auto=format&fit=crop&w=1200&q=80,"{国家级景点,成都市,四川省}"
659,凤凰湖旅游景区,成都市,金凤路1号,1,4.20,0,generic_unsplash_fallback,https://images.unsplash.com/photo-1469854523086-cc02fe5d8800?auto=format&fit=crop&w=1200&q=80,https://images.unsplash.com/photo-1469854523086-cc02fe5d8800?auto=format&fit=crop&w=1200&q=80,"{国家级景点,成都市,四川省}"
644,桂龙公园,成都市,复城国际T2,1,4.20,0,generic_unsplash_fallback,https://images.unsplash.com/photo-1500530855697-b586d89ba3ee?auto=format&fit=crop&w=1200&q=80,https://images.unsplash.com/photo-1500530855697-b586d89ba3ee?auto=format&fit=crop&w=1200&q=80,"{公园,成都市,四川省}"
647,桂溪公园东区儿童滑梯,成都市,世纪城东路9号桂溪生态公园东区,1,4.20,0,generic_unsplash_fallback,https://images.unsplash.com/photo-1500530855697-b586d89ba3ee?auto=format&fit=crop&w=1200&q=80,https://images.unsplash.com/photo-1500530855697-b586d89ba3ee?auto=format&fit=crop&w=1200&q=80,"{旅游景点,成都市,四川省}"
594,桂溪生态公园,成都市,天府一街附近,1,4.20,0,generic_unsplash_fallback,https://images.unsplash.com/photo-1500530855697-b586d89ba3ee?auto=format&fit=crop&w=1200&q=80,https://images.unsplash.com/photo-1500530855697-b586d89ba3ee?auto=format&fit=crop&w=1200&q=80,"{公园,成都市,四川省}"
646,桂溪生态公园(西区)-儿童活动区,成都市,桂溪生态公园西区,1,4.20,0,generic_unsplash_fallback,https://images.unsplash.com/photo-1500530855697-b586d89ba3ee?auto=format&fit=crop&w=1200&q=80,https://images.unsplash.com/photo-1500530855697-b586d89ba3ee?auto=format&fit=crop&w=1200&q=80,"{旅游景点,成都市,四川省}"
606,桂溪生态公园东区,成都市,世纪城东路9号(四川电视台对面),1,4.20,0,generic_unsplash_fallback,https://images.unsplash.com/photo-1500530855697-b586d89ba3ee?auto=format&fit=crop&w=1200&q=80,https://images.unsplash.com/photo-1500530855697-b586d89ba3ee?auto=format&fit=crop&w=1200&q=80,"{旅游景点,成都市,四川省}"
602,桂溪生态公园西区,成都市,天府一街桂溪生态公园(西侧),1,4.20,0,generic_unsplash_fallback,https://images.unsplash.com/photo-1500530855697-b586d89ba3ee?auto=format&fit=crop&w=1200&q=80,https://images.unsplash.com/photo-1500530855697-b586d89ba3ee?auto=format&fit=crop&w=1200&q=80,"{公园,成都市,四川省}"
623,海合安成都极地海洋公园,成都市,天府新区海洋路68号,1,4.20,0,generic_unsplash_fallback,https://images.unsplash.com/photo-1500530855697-b586d89ba3ee?auto=format&fit=crop&w=1200&q=80,https://images.unsplash.com/photo-1500530855697-b586d89ba3ee?auto=format&fit=crop&w=1200&q=80,"{水族馆,成都市,四川省}"
637,和平社区广场,成都市,天仁北一街与天和路交汇处西北50米,1,4.20,0,generic_unsplash_fallback,https://images.unsplash.com/photo-1444723121867-7a241cacace9?auto=format&fit=crop&w=1200&q=80,https://images.unsplash.com/photo-1444723121867-7a241cacace9?auto=format&fit=crop&w=1200&q=80,"{城市广场,成都市,四川省}"
664,花舞人间都市农业主题公园,成都市,新蒲路梨花溪1号,1,4.20,0,generic_unsplash_fallback,https://images.unsplash.com/photo-1500530855697-b586d89ba3ee?auto=format&fit=crop&w=1200&q=80,https://images.unsplash.com/photo-1500530855697-b586d89ba3ee?auto=format&fit=crop&w=1200&q=80,"{风景名胜,成都市,四川省}"
611,环球中心东广场,成都市,锦悦西路与天府大道北段辅路交叉口西南380米,1,4.20,0,generic_unsplash_fallback,https://images.unsplash.com/photo-1444723121867-7a241cacace9?auto=format&fit=crop&w=1200&q=80,https://images.unsplash.com/photo-1444723121867-7a241cacace9?auto=format&fit=crop&w=1200&q=80,"{风景名胜,成都市,四川省}"
656,浣花溪公园,成都市,草堂街道青华路9号(近杜甫草堂),1,4.20,0,generic_unsplash_fallback,https://images.unsplash.com/photo-1500530855697-b586d89ba3ee?auto=format&fit=crop&w=1200&q=80,https://images.unsplash.com/photo-1500530855697-b586d89ba3ee?auto=format&fit=crop&w=1200&q=80,"{公园,成都市,四川省}"
629,基督教光音堂,成都市,天府一街888号,1,4.20,0,generic_unsplash_fallback,https://images.unsplash.com/photo-1469854523086-cc02fe5d8800?auto=format&fit=crop&w=1200&q=80,https://images.unsplash.com/photo-1469854523086-cc02fe5d8800?auto=format&fit=crop&w=1200&q=80,"{教堂,成都市,四川省}"
617,江家艺苑,成都市,幸福路163号,1,4.20,0,generic_unsplash_fallback,https://images.unsplash.com/photo-1469854523086-cc02fe5d8800?auto=format&fit=crop&w=1200&q=80,https://images.unsplash.com/photo-1469854523086-cc02fe5d8800?auto=format&fit=crop&w=1200&q=80,"{体育休闲服务场所,成都市,四川省}"
595,交子公园,成都市,天府大道北段,1,4.20,0,generic_unsplash_fallback,https://images.unsplash.com/photo-1500530855697-b586d89ba3ee?auto=format&fit=crop&w=1200&q=80,https://images.unsplash.com/photo-1500530855697-b586d89ba3ee?auto=format&fit=crop&w=1200&q=80,"{公园,成都市,四川省}"
634,交子人行桥,成都市,国华街与泰治路交叉口西南60米,1,4.20,0,generic_unsplash_fallback,https://images.unsplash.com/photo-1469854523086-cc02fe5d8800?auto=format&fit=crop&w=1200&q=80,https://images.unsplash.com/photo-1469854523086-cc02fe5d8800?auto=format&fit=crop&w=1200&q=80,"{风景名胜,成都市,四川省}"
605,交子之环,成都市,交子大道177号中海国际中心,1,4.20,0,generic_unsplash_fallback,https://images.unsplash.com/photo-1469854523086-cc02fe5d8800?auto=format&fit=crop&w=1200&q=80,https://images.unsplash.com/photo-1469854523086-cc02fe5d8800?auto=format&fit=crop&w=1200&q=80,"{风景名胜,成都市,四川省}"
593,锦城公园,成都市,益州大道北段1666号,1,4.20,0,generic_unsplash_fallback,https://images.unsplash.com/photo-1500530855697-b586d89ba3ee?auto=format&fit=crop&w=1200&q=80,https://images.unsplash.com/photo-1500530855697-b586d89ba3ee?auto=format&fit=crop&w=1200&q=80,"{公园,成都市,四川省}"
620,锦城广场,成都市,天府大道北段1656号,1,4.20,0,generic_unsplash_fallback,https://images.unsplash.com/photo-1444723121867-7a241cacace9?auto=format&fit=crop&w=1200&q=80,https://images.unsplash.com/photo-1444723121867-7a241cacace9?auto=format&fit=crop&w=1200&q=80,"{城市广场,成都市,四川省}"
612,锦城湖2号湖区,成都市,锦城大道1333号锦城湖内(东侧),1,4.20,0,generic_unsplash_fallback,https://images.unsplash.com/photo-1500530855697-b586d89ba3ee?auto=format&fit=crop&w=1200&q=80,https://images.unsplash.com/photo-1500530855697-b586d89ba3ee?auto=format&fit=crop&w=1200&q=80,"{公园,成都市,四川省}"
645,锦城湖3号湖区,成都市,剑南大道西侧,1,4.20,0,generic_unsplash_fallback,https://images.unsplash.com/photo-1500530855697-b586d89ba3ee?auto=format&fit=crop&w=1200&q=80,https://images.unsplash.com/photo-1500530855697-b586d89ba3ee?auto=format&fit=crop&w=1200&q=80,"{公园,成都市,四川省}"
607,锦城湖4号公园,成都市,锦城湖立交附近,1,4.20,0,generic_unsplash_fallback,https://images.unsplash.com/photo-1500530855697-b586d89ba3ee?auto=format&fit=crop&w=1200&q=80,https://images.unsplash.com/photo-1500530855697-b586d89ba3ee?auto=format&fit=crop&w=1200&q=80,"{公园,成都市,四川省}"
627,锦江公园,成都市,锦江大道与科华南路辅路交叉口东140米,1,4.20,0,generic_unsplash_fallback,https://images.unsplash.com/photo-1500530855697-b586d89ba3ee?auto=format&fit=crop&w=1200&q=80,https://images.unsplash.com/photo-1500530855697-b586d89ba3ee?auto=format&fit=crop&w=1200&q=80,"{公园,成都市,四川省}"
643,锦江绿道,成都市,国华街与五冶路交叉口东北80米,1,4.20,0,generic_unsplash_fallback,https://images.unsplash.com/photo-1469854523086-cc02fe5d8800?auto=format&fit=crop&w=1200&q=80,https://images.unsplash.com/photo-1469854523086-cc02fe5d8800?auto=format&fit=crop&w=1200&q=80,"{旅游景点,成都市,四川省}"
613,近慈寺,成都市,剑南大道北段899号,1,4.20,0,generic_unsplash_fallback,https://images.unsplash.com/photo-1513415756790-2ac1db1297d0?auto=format&fit=crop&w=1200&q=80,https://images.unsplash.com/photo-1513415756790-2ac1db1297d0?auto=format&fit=crop&w=1200&q=80,"{寺庙道观,成都市,四川省}"
641,九叶莲桥,成都市,科华南路与锦云东三巷交叉口东北120米,1,4.20,0,generic_unsplash_fallback,https://images.unsplash.com/photo-1469854523086-cc02fe5d8800?auto=format&fit=crop&w=1200&q=80,https://images.unsplash.com/photo-1469854523086-cc02fe5d8800?auto=format&fit=crop&w=1200&q=80,"{风景名胜,成都市,四川省}"
669,空港中央公园,成都市,航鹰东路与五洞桥北路二段交叉口东北180米,1,4.20,0,generic_unsplash_fallback,https://images.unsplash.com/photo-1500530855697-b586d89ba3ee?auto=format&fit=crop&w=1200&q=80,https://images.unsplash.com/photo-1500530855697-b586d89ba3ee?auto=format&fit=crop&w=1200&q=80,"{公园,成都市,四川省}"
614,宽窄巷子景区,成都市,金河路口宽窄巷子(宽窄巷子地铁站B口步行60米),1,4.20,0,generic_unsplash_fallback,https://images.unsplash.com/photo-1469854523086-cc02fe5d8800?auto=format&fit=crop&w=1200&q=80,https://images.unsplash.com/photo-1469854523086-cc02fe5d8800?auto=format&fit=crop&w=1200&q=80,"{旅游景点,成都市,四川省}"
650,龙泉山城市森林公园,成都市,茶店街道,1,4.20,0,generic_unsplash_fallback,https://images.unsplash.com/photo-1500530855697-b586d89ba3ee?auto=format&fit=crop&w=1200&q=80,https://images.unsplash.com/photo-1500530855697-b586d89ba3ee?auto=format&fit=crop&w=1200&q=80,"{公园,成都市,四川省}"
671,龙泉山风景区,成都市,桃花故里旅游路东100米,1,4.20,0,generic_unsplash_fallback,https://images.unsplash.com/photo-1469854523086-cc02fe5d8800?auto=format&fit=crop&w=1200&q=80,https://images.unsplash.com/photo-1469854523086-cc02fe5d8800?auto=format&fit=crop&w=1200&q=80,"{风景名胜,成都市,四川省}"
663,鲁家滩湿地公园,成都市,和盛镇春林路,1,4.20,0,generic_unsplash_fallback,https://images.unsplash.com/photo-1500530855697-b586d89ba3ee?auto=format&fit=crop&w=1200&q=80,https://images.unsplash.com/photo-1500530855697-b586d89ba3ee?auto=format&fit=crop&w=1200&q=80,"{公园,成都市,四川省}"
621,南湖公园,成都市,华阳街道南湖北路与南湖东路交叉路口东北角,1,4.20,0,generic_unsplash_fallback,https://images.unsplash.com/photo-1500530855697-b586d89ba3ee?auto=format&fit=crop&w=1200&q=80,https://images.unsplash.com/photo-1500530855697-b586d89ba3ee?auto=format&fit=crop&w=1200&q=80,"{公园,成都市,四川省}"
642,南站公园,成都市,桐梓林壹号4栋2单元603室,1,4.20,0,generic_unsplash_fallback,https://images.unsplash.com/photo-1500530855697-b586d89ba3ee?auto=format&fit=crop&w=1200&q=80,https://images.unsplash.com/photo-1500530855697-b586d89ba3ee?auto=format&fit=crop&w=1200&q=80,"{公园,成都市,四川省}"
676,泥巴沱森林公园,成都市,曲景路泥巴沱风景区,1,4.20,0,generic_unsplash_fallback,https://images.unsplash.com/photo-1500530855697-b586d89ba3ee?auto=format&fit=crop&w=1200&q=80,https://images.unsplash.com/photo-1500530855697-b586d89ba3ee?auto=format&fit=crop&w=1200&q=80,"{旅游景点,成都市,四川省}"
630,浓园国际艺术村,成都市,簇桥武侯大道新苗村5组,1,4.20,0,generic_unsplash_fallback,https://images.unsplash.com/photo-1469854523086-cc02fe5d8800?auto=format&fit=crop&w=1200&q=80,https://images.unsplash.com/photo-1469854523086-cc02fe5d8800?auto=format&fit=crop&w=1200&q=80,"{产业园区,成都市,四川省}"
666,秦皇湖,成都市,杭州路东段与蜀州路交叉口西南150米天府公园(东南角),1,4.20,0,generic_unsplash_fallback,https://images.unsplash.com/photo-1469854523086-cc02fe5d8800?auto=format&fit=crop&w=1200&q=80,https://images.unsplash.com/photo-1469854523086-cc02fe5d8800?auto=format&fit=crop&w=1200&q=80,"{风景名胜,成都市,四川省}"
654,青龙湖湿地公园,成都市,十陵风景区内,1,4.20,0,generic_unsplash_fallback,https://images.unsplash.com/photo-1500530855697-b586d89ba3ee?auto=format&fit=crop&w=1200&q=80,https://images.unsplash.com/photo-1500530855697-b586d89ba3ee?auto=format&fit=crop&w=1200&q=80,"{公园,成都市,四川省}"
610,人民公园,成都市,小南街8号(人民公园地铁站B口步行250米),1,4.20,0,generic_unsplash_fallback,https://images.unsplash.com/photo-1500530855697-b586d89ba3ee?auto=format&fit=crop&w=1200&q=80,https://images.unsplash.com/photo-1500530855697-b586d89ba3ee?auto=format&fit=crop&w=1200&q=80,"{国家级景点,成都市,四川省}"
609,三圣花乡旅游区,成都市,"",1,4.20,0,generic_unsplash_fallback,https://images.unsplash.com/photo-1469854523086-cc02fe5d8800?auto=format&fit=crop&w=1200&q=80,https://images.unsplash.com/photo-1469854523086-cc02fe5d8800?auto=format&fit=crop&w=1200&q=80,"{国家级景点,成都市,四川省}"
668,双流区中心公园,成都市,双流普贤村金河路,1,4.20,0,generic_unsplash_fallback,https://images.unsplash.com/photo-1500530855697-b586d89ba3ee?auto=format&fit=crop&w=1200&q=80,https://images.unsplash.com/photo-1500530855697-b586d89ba3ee?auto=format&fit=crop&w=1200&q=80,"{公园,成都市,四川省}"
597,双子塔夜景打卡点,成都市,交子大道与益州大道北段交叉口东40米,1,4.20,0,generic_unsplash_fallback,https://images.unsplash.com/photo-1444723121867-7a241cacace9?auto=format&fit=crop&w=1200&q=80,https://images.unsplash.com/photo-1444723121867-7a241cacace9?auto=format&fit=crop&w=1200&q=80,"{风景名胜,成都市,四川省}"
624,塔子山公园,成都市,迎晖路222号(塔子山公园地铁站D口步行293米),1,4.20,0,generic_unsplash_fallback,https://images.unsplash.com/photo-1500530855697-b586d89ba3ee?auto=format&fit=crop&w=1200&q=80,https://images.unsplash.com/photo-1500530855697-b586d89ba3ee?auto=format&fit=crop&w=1200&q=80,"{公园,成都市,四川省}"
655,棠湖公园,成都市,棠湖西路一段2号,1,4.20,0,generic_unsplash_fallback,https://images.unsplash.com/photo-1500530855697-b586d89ba3ee?auto=format&fit=crop&w=1200&q=80,https://images.unsplash.com/photo-1500530855697-b586d89ba3ee?auto=format&fit=crop&w=1200&q=80,"{公园,成都市,四川省}"
640,糖果乐园,成都市,锦尚大桥与国华街交叉口西120米,1,4.20,0,generic_unsplash_fallback,https://images.unsplash.com/photo-1500530855697-b586d89ba3ee?auto=format&fit=crop&w=1200&q=80,https://images.unsplash.com/photo-1500530855697-b586d89ba3ee?auto=format&fit=crop&w=1200&q=80,"{公园广场,成都市,四川省}"
622,天府芙蓉园,成都市,簇马路一段69号,1,4.20,0,generic_unsplash_fallback,https://images.unsplash.com/photo-1469854523086-cc02fe5d8800?auto=format&fit=crop&w=1200&q=80,https://images.unsplash.com/photo-1469854523086-cc02fe5d8800?auto=format&fit=crop&w=1200&q=80,"{风景名胜,成都市,四川省}"
665,天府公园,成都市,天府新区天府大道南二段与杭州路交叉口南,1,4.20,0,generic_unsplash_fallback,https://images.unsplash.com/photo-1500530855697-b586d89ba3ee?auto=format&fit=crop&w=1200&q=80,https://images.unsplash.com/photo-1500530855697-b586d89ba3ee?auto=format&fit=crop&w=1200&q=80,"{公园,成都市,四川省}"
598,天府绿道,成都市,益州大道中段694号,1,4.20,0,generic_unsplash_fallback,https://images.unsplash.com/photo-1469854523086-cc02fe5d8800?auto=format&fit=crop&w=1200&q=80,https://images.unsplash.com/photo-1469854523086-cc02fe5d8800?auto=format&fit=crop&w=1200&q=80,"{风景名胜,成都市,四川省}"
658,天府艺术公园,成都市,金泉街道金牛大道金牛坝路388号,1,4.20,0,generic_unsplash_fallback,https://images.unsplash.com/photo-1500530855697-b586d89ba3ee?auto=format&fit=crop&w=1200&q=80,https://images.unsplash.com/photo-1500530855697-b586d89ba3ee?auto=format&fit=crop&w=1200&q=80,"{公园,成都市,四川省}"
649,天府长岛数字文创园路演厅,成都市,高新区盛通街88号2栋1层,1,4.20,0,generic_unsplash_fallback,https://images.unsplash.com/photo-1469854523086-cc02fe5d8800?auto=format&fit=crop&w=1200&q=80,https://images.unsplash.com/photo-1469854523086-cc02fe5d8800?auto=format&fit=crop&w=1200&q=80,"{旅游景点,成都市,四川省}"
601,铁像寺,成都市,铁像寺路66号,1,4.20,0,generic_unsplash_fallback,https://images.unsplash.com/photo-1513415756790-2ac1db1297d0?auto=format&fit=crop&w=1200&q=80,https://images.unsplash.com/photo-1513415756790-2ac1db1297d0?auto=format&fit=crop&w=1200&q=80,"{寺庙道观,成都市,四川省}"
596,铁像寺水街,成都市,铁像寺路88号,1,4.20,0,generic_unsplash_fallback,https://images.unsplash.com/photo-1513415756790-2ac1db1297d0?auto=format&fit=crop&w=1200&q=80,https://images.unsplash.com/photo-1513415756790-2ac1db1297d0?auto=format&fit=crop&w=1200&q=80,"{国家级景点,成都市,四川省}"
608,望江楼公园,成都市,望江路30号,1,4.20,0,generic_unsplash_fallback,https://images.unsplash.com/photo-1500530855697-b586d89ba3ee?auto=format&fit=crop&w=1200&q=80,https://images.unsplash.com/photo-1500530855697-b586d89ba3ee?auto=format&fit=crop&w=1200&q=80,"{公园,成都市,四川省}"
670,文化公园,成都市,琴台路73号(青羊宫地铁站C口旁),1,4.20,0,generic_unsplash_fallback,https://images.unsplash.com/photo-1500530855697-b586d89ba3ee?auto=format&fit=crop&w=1200&q=80,https://images.unsplash.com/photo-1500530855697-b586d89ba3ee?auto=format&fit=crop&w=1200&q=80,"{公园,成都市,四川省}"
625,文殊院,成都市,文殊院街66号(文殊院地铁站K口步行400米),1,4.20,0,generic_unsplash_fallback,https://images.unsplash.com/photo-1469854523086-cc02fe5d8800?auto=format&fit=crop&w=1200&q=80,https://images.unsplash.com/photo-1469854523086-cc02fe5d8800?auto=format&fit=crop&w=1200&q=80,"{寺庙道观,成都市,四川省}"
618,西蜀廊桥古镇,成都市,桂溪街道成都市高新区世纪城路166号附280号,1,4.20,0,generic_unsplash_fallback,https://images.unsplash.com/photo-1469854523086-cc02fe5d8800?auto=format&fit=crop&w=1200&q=80,https://images.unsplash.com/photo-1469854523086-cc02fe5d8800?auto=format&fit=crop&w=1200&q=80,"{中餐厅,成都市,四川省}"
631,新川之心公园,成都市,高新区新川之心公园内侧园中园,1,4.20,0,generic_unsplash_fallback,https://images.unsplash.com/photo-1500530855697-b586d89ba3ee?auto=format&fit=crop&w=1200&q=80,https://images.unsplash.com/photo-1500530855697-b586d89ba3ee?auto=format&fit=crop&w=1200&q=80,"{公园,成都市,四川省}"
626,幸福梅林,成都市,锦江大道,1,4.20,0,generic_unsplash_fallback,https://images.unsplash.com/photo-1469854523086-cc02fe5d8800?auto=format&fit=crop&w=1200&q=80,https://images.unsplash.com/photo-1469854523086-cc02fe5d8800?auto=format&fit=crop&w=1200&q=80,"{国家级景点,成都市,四川省}"
673,永安湖旅游景区,成都市,生物城中路二段3号,1,4.20,0,generic_unsplash_fallback,https://images.unsplash.com/photo-1500530855697-b586d89ba3ee?auto=format&fit=crop&w=1200&q=80,https://images.unsplash.com/photo-1500530855697-b586d89ba3ee?auto=format&fit=crop&w=1200&q=80,"{公园,成都市,四川省}"
674,玉石湿地公园,成都市,大面街道玉石社区5-136,1,4.20,0,generic_unsplash_fallback,https://images.unsplash.com/photo-1500530855697-b586d89ba3ee?auto=format&fit=crop&w=1200&q=80,https://images.unsplash.com/photo-1500530855697-b586d89ba3ee?auto=format&fit=crop&w=1200&q=80,"{公园,成都市,四川省}"
636,月牙湖,成都市,桂溪街道桂溪街道吉庆一路与吉瑞一路交汇处东南角,1,4.20,0,generic_unsplash_fallback,https://images.unsplash.com/photo-1500530855697-b586d89ba3ee?auto=format&fit=crop&w=1200&q=80,https://images.unsplash.com/photo-1500530855697-b586d89ba3ee?auto=format&fit=crop&w=1200&q=80,"{公园,成都市,四川省}"
600,中和湿地公园,成都市,朝阳横街北50米,1,4.20,0,generic_unsplash_fallback,https://images.unsplash.com/photo-1500530855697-b586d89ba3ee?auto=format&fit=crop&w=1200&q=80,https://images.unsplash.com/photo-1500530855697-b586d89ba3ee?auto=format&fit=crop&w=1200&q=80,"{公园,成都市,四川省}"
2690,百二山河牌坊,大理白族自治州,滨海大道洱海公园内,1,4.20,0,generic_unsplash_fallback,https://images.unsplash.com/photo-1469854523086-cc02fe5d8800?auto=format&fit=crop&w=1200&q=80,https://images.unsplash.com/photo-1469854523086-cc02fe5d8800?auto=format&fit=crop&w=1200&q=80,"{旅游景点,大理白族自治州,云南省}"
2724,宾川县风车花园,大理白族自治州,金牛镇富民路与001乡道交叉口东220米,1,4.20,0,generic_unsplash_fallback,https://images.unsplash.com/photo-1469854523086-cc02fe5d8800?auto=format&fit=crop&w=1200&q=80,https://images.unsplash.com/photo-1469854523086-cc02fe5d8800?auto=format&fit=crop&w=1200&q=80,"{风景名胜,大理白族自治州,云南省}"
2719,才村-凉亭,大理白族自治州,月华路才村湿地公园,1,4.20,0,generic_unsplash_fallback,https://images.unsplash.com/photo-1469854523086-cc02fe5d8800?auto=format&fit=crop&w=1200&q=80,https://images.unsplash.com/photo-1469854523086-cc02fe5d8800?auto=format&fit=crop&w=1200&q=80,"{旅游景点,大理白族自治州,云南省}"
2694,苍山东路,大理白族自治州,苍山路与天庆路交叉口东北40米,1,4.20,0,generic_unsplash_fallback,https://images.unsplash.com/photo-1469854523086-cc02fe5d8800?auto=format&fit=crop&w=1200&q=80,https://images.unsplash.com/photo-1469854523086-cc02fe5d8800?auto=format&fit=crop&w=1200&q=80,"{旅游景点,大理白族自治州,云南省}"
2665,苍山景区-寂照庵,大理白族自治州,苍山景区内,1,4.20,0,generic_unsplash_fallback,https://images.unsplash.com/photo-1469854523086-cc02fe5d8800?auto=format&fit=crop&w=1200&q=80,https://images.unsplash.com/photo-1469854523086-cc02fe5d8800?auto=format&fit=crop&w=1200&q=80,"{寺庙道观,大理白族自治州,云南省}"
2659,苍山景区苍山感通索道,大理白族自治州,七里桥观音塘以西1.5公里,1,4.20,0,generic_unsplash_fallback,https://images.unsplash.com/photo-1469854523086-cc02fe5d8800?auto=format&fit=crop&w=1200&q=80,https://images.unsplash.com/photo-1469854523086-cc02fe5d8800?auto=format&fit=crop&w=1200&q=80,"{风景名胜,大理白族自治州,云南省}"
2708,草海湿地,大理白族自治州,新华银器小镇,1,4.20,0,generic_unsplash_fallback,https://images.unsplash.com/photo-1469854523086-cc02fe5d8800?auto=format&fit=crop&w=1200&q=80,https://images.unsplash.com/photo-1469854523086-cc02fe5d8800?auto=format&fit=crop&w=1200&q=80,"{风景名胜,大理白族自治州,云南省}"
2723,岑秀公园,大理白族自治州,博南东路1号附近,1,4.20,0,generic_unsplash_fallback,https://images.unsplash.com/photo-1500530855697-b586d89ba3ee?auto=format&fit=crop&w=1200&q=80,https://images.unsplash.com/photo-1500530855697-b586d89ba3ee?auto=format&fit=crop&w=1200&q=80,"{公园,大理白族自治州,云南省}"
2717,崇圣寺三塔非遗公园,大理白族自治州,三塔路36号,1,4.20,0,generic_unsplash_fallback,https://images.unsplash.com/photo-1500530855697-b586d89ba3ee?auto=format&fit=crop&w=1200&q=80,https://images.unsplash.com/photo-1500530855697-b586d89ba3ee?auto=format&fit=crop&w=1200&q=80,"{风景名胜,大理白族自治州,云南省}"
2656,崇圣寺三塔文化旅游区,大理白族自治州,大理镇三塔公园,1,4.20,0,generic_unsplash_fallback,https://images.unsplash.com/photo-1513415756790-2ac1db1297d0?auto=format&fit=crop&w=1200&q=80,https://images.unsplash.com/photo-1513415756790-2ac1db1297d0?auto=format&fit=crop&w=1200&q=80,"{寺庙道观,大理白族自治州,云南省}"
2702,大理苍山石门关旅游度假区,大理白族自治州,苍山西镇,1,4.20,0,generic_unsplash_fallback,https://images.unsplash.com/photo-1469854523086-cc02fe5d8800?auto=format&fit=crop&w=1200&q=80,https://images.unsplash.com/photo-1469854523086-cc02fe5d8800?auto=format&fit=crop&w=1200&q=80,"{旅游景点,大理白族自治州,云南省}"
2652,大理苍山世界地质公园,大理白族自治州,Z013附近,1,4.20,0,generic_unsplash_fallback,https://images.unsplash.com/photo-1500530855697-b586d89ba3ee?auto=format&fit=crop&w=1200&q=80,https://images.unsplash.com/photo-1500530855697-b586d89ba3ee?auto=format&fit=crop&w=1200&q=80,"{公园,大理白族自治州,云南省}"
2673,大理苍山中和索道,大理白族自治州,隐仙路与弘圣路交叉口西380米,1,4.20,0,generic_unsplash_fallback,https://images.unsplash.com/photo-1469854523086-cc02fe5d8800?auto=format&fit=crop&w=1200&q=80,https://images.unsplash.com/photo-1469854523086-cc02fe5d8800?auto=format&fit=crop&w=1200&q=80,"{风景名胜,大理白族自治州,云南省}"
2684,大理茶花谷,大理白族自治州,经济开发区满江村委会地石曲南山,1,4.20,0,generic_unsplash_fallback,https://images.unsplash.com/photo-1469854523086-cc02fe5d8800?auto=format&fit=crop&w=1200&q=80,https://images.unsplash.com/photo-1469854523086-cc02fe5d8800?auto=format&fit=crop&w=1200&q=80,"{旅游景点,大理白族自治州,云南省}"
2653,大理洱海碑观景台,大理白族自治州,机场路188号,1,4.20,0,generic_unsplash_fallback,https://images.unsplash.com/photo-1469854523086-cc02fe5d8800?auto=format&fit=crop&w=1200&q=80,https://images.unsplash.com/photo-1469854523086-cc02fe5d8800?auto=format&fit=crop&w=1200&q=80,"{风景名胜,大理白族自治州,云南省}"
2638,大理洱海旅游文化风情园,大理白族自治州,机场路与平安路交叉口西480米,1,4.20,0,generic_unsplash_fallback,https://images.unsplash.com/photo-1469854523086-cc02fe5d8800?auto=format&fit=crop&w=1200&q=80,https://images.unsplash.com/photo-1469854523086-cc02fe5d8800?auto=format&fit=crop&w=1200&q=80,"{风景名胜,大理白族自治州,云南省}"
2641,大理古城,大理白族自治州,护国路172号,1,4.20,0,generic_unsplash_fallback,https://images.unsplash.com/photo-1469854523086-cc02fe5d8800?auto=format&fit=crop&w=1200&q=80,https://images.unsplash.com/photo-1469854523086-cc02fe5d8800?auto=format&fit=crop&w=1200&q=80,"{国家级景点,大理白族自治州,云南省}"
2676,大理人民英雄纪念广场,大理白族自治州,洱河南路1号洱海公园,1,4.20,0,generic_unsplash_fallback,https://images.unsplash.com/photo-1444723121867-7a241cacace9?auto=format&fit=crop&w=1200&q=80,https://images.unsplash.com/photo-1444723121867-7a241cacace9?auto=format&fit=crop&w=1200&q=80,"{城市广场,大理白族自治州,云南省}"
2714,大理市罗时江生态湿地,大理白族自治州,罗时江生态湿地(九隆线东),1,4.20,0,generic_unsplash_fallback,https://images.unsplash.com/photo-1500530855697-b586d89ba3ee?auto=format&fit=crop&w=1200&q=80,https://images.unsplash.com/photo-1500530855697-b586d89ba3ee?auto=format&fit=crop&w=1200&q=80,"{公园,大理白族自治州,云南省}"
2677,大理站站前广场,大理白族自治州,巍山路261号大理站,1,4.20,0,generic_unsplash_fallback,https://images.unsplash.com/photo-1444723121867-7a241cacace9?auto=format&fit=crop&w=1200&q=80,https://images.unsplash.com/photo-1444723121867-7a241cacace9?auto=format&fit=crop&w=1200&q=80,"{城市广场,大理白族自治州,云南省}"
2699,丹凤亭,大理白族自治州,洱河南路1号洱海公园内(东南角),1,4.20,0,generic_unsplash_fallback,https://images.unsplash.com/photo-1469854523086-cc02fe5d8800?auto=format&fit=crop&w=1200&q=80,https://images.unsplash.com/photo-1469854523086-cc02fe5d8800?auto=format&fit=crop&w=1200&q=80,"{旅游景点,大理白族自治州,云南省}"
2668,洱海,大理白族自治州,挖色镇大理海印学校北侧70米,1,4.20,0,generic_unsplash_fallback,https://images.unsplash.com/photo-1469854523086-cc02fe5d8800?auto=format&fit=crop&w=1200&q=80,https://images.unsplash.com/photo-1469854523086-cc02fe5d8800?auto=format&fit=crop&w=1200&q=80,"{旅游景点,大理白族自治州,云南省}"
2645,洱海大游船,大理白族自治州,洱河南路大理港码头,1,4.20,0,generic_unsplash_fallback,https://images.unsplash.com/photo-1469854523086-cc02fe5d8800?auto=format&fit=crop&w=1200&q=80,https://images.unsplash.com/photo-1469854523086-cc02fe5d8800?auto=format&fit=crop&w=1200&q=80,"{体育休闲服务场所,大理白族自治州,云南省}"
2637,洱海公园,大理白族自治州,洱河南路1号,1,4.20,0,generic_unsplash_fallback,https://images.unsplash.com/photo-1500530855697-b586d89ba3ee?auto=format&fit=crop&w=1200&q=80,https://images.unsplash.com/photo-1500530855697-b586d89ba3ee?auto=format&fit=crop&w=1200&q=80,"{国家级景点,大理白族自治州,云南省}"
2679,洱海码头,大理白族自治州,洱河南路与漾濞路交叉口西200米,1,4.20,0,generic_unsplash_fallback,https://images.unsplash.com/photo-1469854523086-cc02fe5d8800?auto=format&fit=crop&w=1200&q=80,https://images.unsplash.com/photo-1469854523086-cc02fe5d8800?auto=format&fit=crop&w=1200&q=80,"{风景名胜,大理白族自治州,云南省}"
2675,洱海沙滩,大理白族自治州,环海西路43号,1,4.20,0,generic_unsplash_fallback,https://images.unsplash.com/photo-1469854523086-cc02fe5d8800?auto=format&fit=crop&w=1200&q=80,https://images.unsplash.com/photo-1469854523086-cc02fe5d8800?auto=format&fit=crop&w=1200&q=80,"{海滩,大理白族自治州,云南省}"
2671,洱海生态廊道,大理白族自治州,喜洲镇金河完小东侧250米,1,4.20,0,generic_unsplash_fallback,https://images.unsplash.com/photo-1469854523086-cc02fe5d8800?auto=format&fit=crop&w=1200&q=80,https://images.unsplash.com/photo-1469854523086-cc02fe5d8800?auto=format&fit=crop&w=1200&q=80,"{风景名胜,大理白族自治州,云南省}"
2703,洱海湿地公园,大理白族自治州,S314(环海东路)双廊古镇景区,1,4.20,0,generic_unsplash_fallback,https://images.unsplash.com/photo-1500530855697-b586d89ba3ee?auto=format&fit=crop&w=1200&q=80,https://images.unsplash.com/photo-1500530855697-b586d89ba3ee?auto=format&fit=crop&w=1200&q=80,"{公园,大理白族自治州,云南省}"
2646,洱海玉白菜湿地公园,大理白族自治州,怡景尚居西北侧270米,1,4.20,0,generic_unsplash_fallback,https://images.unsplash.com/photo-1500530855697-b586d89ba3ee?auto=format&fit=crop&w=1200&q=80,https://images.unsplash.com/photo-1500530855697-b586d89ba3ee?auto=format&fit=crop&w=1200&q=80,"{公园,大理白族自治州,云南省}"
2639,洱海月湿地公园,大理白族自治州,鸡足山路东50米,1,4.20,0,generic_unsplash_fallback,https://images.unsplash.com/photo-1500530855697-b586d89ba3ee?auto=format&fit=crop&w=1200&q=80,https://images.unsplash.com/photo-1500530855697-b586d89ba3ee?auto=format&fit=crop&w=1200&q=80,"{风景名胜,大理白族自治州,云南省}"
2644,飞来寺,大理白族自治州,大理创新工业园区满江办事处,1,4.20,0,generic_unsplash_fallback,https://images.unsplash.com/photo-1513415756790-2ac1db1297d0?auto=format&fit=crop&w=1200&q=80,https://images.unsplash.com/photo-1513415756790-2ac1db1297d0?auto=format&fit=crop&w=1200&q=80,"{寺庙道观,大理白族自治州,云南省}"
2643,风车广场,大理白族自治州,环城南路35号,1,4.20,0,generic_unsplash_fallback,https://images.unsplash.com/photo-1500530855697-b586d89ba3ee?auto=format&fit=crop&w=1200&q=80,https://images.unsplash.com/photo-1500530855697-b586d89ba3ee?auto=format&fit=crop&w=1200&q=80,"{公园广场,大理白族自治州,云南省}"
2674,观音塘,大理白族自治州,大理镇张家花园,1,4.20,0,generic_unsplash_fallback,https://images.unsplash.com/photo-1469854523086-cc02fe5d8800?auto=format&fit=crop&w=1200&q=80,https://images.unsplash.com/photo-1469854523086-cc02fe5d8800?auto=format&fit=crop&w=1200&q=80,"{寺庙道观,大理白族自治州,云南省}"
2693,涵海,大理白族自治州,通海路与颐苑路交叉口西北200米,1,4.20,0,generic_unsplash_fallback,https://images.unsplash.com/photo-1469854523086-cc02fe5d8800?auto=format&fit=crop&w=1200&q=80,https://images.unsplash.com/photo-1469854523086-cc02fe5d8800?auto=format&fit=crop&w=1200&q=80,"{旅游景点,大理白族自治州,云南省}"
2715,鹤庆森林公园,大理白族自治州,云鹤镇鹤阳路,1,4.20,0,generic_unsplash_fallback,https://images.unsplash.com/photo-1500530855697-b586d89ba3ee?auto=format&fit=crop&w=1200&q=80,https://images.unsplash.com/photo-1500530855697-b586d89ba3ee?auto=format&fit=crop&w=1200&q=80,"{公园,大理白族自治州,云南省}"
2716,鹤庆文庙公园,大理白族自治州,兴鹤路与鹤阳西路交叉口南480米,1,4.20,0,generic_unsplash_fallback,https://images.unsplash.com/photo-1500530855697-b586d89ba3ee?auto=format&fit=crop&w=1200&q=80,https://images.unsplash.com/photo-1500530855697-b586d89ba3ee?auto=format&fit=crop&w=1200&q=80,"{公园,大理白族自治州,云南省}"
2710,红塔公园,大理白族自治州,大理镇龙龛村北生久,1,4.20,0,generic_unsplash_fallback,https://images.unsplash.com/photo-1500530855697-b586d89ba3ee?auto=format&fit=crop&w=1200&q=80,https://images.unsplash.com/photo-1500530855697-b586d89ba3ee?auto=format&fit=crop&w=1200&q=80,"{公园,大理白族自治州,云南省}"
2706,黄龙潭公园,大理白族自治州,大羊路(鹤阳御龙湖畔佳苑对面),1,4.20,0,generic_unsplash_fallback,https://images.unsplash.com/photo-1500530855697-b586d89ba3ee?auto=format&fit=crop&w=1200&q=80,https://images.unsplash.com/photo-1500530855697-b586d89ba3ee?auto=format&fit=crop&w=1200&q=80,"{公园,大理白族自治州,云南省}"
2650,将军洞,大理白族自治州,嘉士伯大道2号龙泉公园,1,4.20,0,generic_unsplash_fallback,https://images.unsplash.com/photo-1469854523086-cc02fe5d8800?auto=format&fit=crop&w=1200&q=80,https://images.unsplash.com/photo-1469854523086-cc02fe5d8800?auto=format&fit=crop&w=1200&q=80,"{风景名胜,大理白族自治州,云南省}"
2680,金港中民城市广场,大理白族自治州,大理海湾国际酒店旁,1,4.20,0,generic_unsplash_fallback,https://images.unsplash.com/photo-1444723121867-7a241cacace9?auto=format&fit=crop&w=1200&q=80,https://images.unsplash.com/photo-1444723121867-7a241cacace9?auto=format&fit=crop&w=1200&q=80,"{城市广场,大理白族自治州,云南省}"
2722,景风公园,大理白族自治州,西门外街与景德路交叉口西140米,1,4.20,0,generic_unsplash_fallback,https://images.unsplash.com/photo-1500530855697-b586d89ba3ee?auto=format&fit=crop&w=1200&q=80,https://images.unsplash.com/photo-1500530855697-b586d89ba3ee?auto=format&fit=crop&w=1200&q=80,"{公园,大理白族自治州,云南省}"
2683,揽月亭,大理白族自治州,洱河南路1号洱海公园内(北侧),1,4.20,0,generic_unsplash_fallback,https://images.unsplash.com/photo-1469854523086-cc02fe5d8800?auto=format&fit=crop&w=1200&q=80,https://images.unsplash.com/photo-1469854523086-cc02fe5d8800?auto=format&fit=crop&w=1200&q=80,"{旅游景点,大理白族自治州,云南省}"
2651,理想邦,大理白族自治州,环海东路,1,4.20,0,generic_unsplash_fallback,https://images.unsplash.com/photo-1469854523086-cc02fe5d8800?auto=format&fit=crop&w=1200&q=80,https://images.unsplash.com/photo-1469854523086-cc02fe5d8800?auto=format&fit=crop&w=1200&q=80,"{旅游景点,大理白族自治州,云南省}"
2670,理想的花园,大理白族自治州,海东镇圣托里尼大理东南侧210米,1,4.20,0,generic_unsplash_fallback,https://images.unsplash.com/photo-1469854523086-cc02fe5d8800?auto=format&fit=crop&w=1200&q=80,https://images.unsplash.com/photo-1469854523086-cc02fe5d8800?auto=format&fit=crop&w=1200&q=80,"{风景名胜,大理白族自治州,云南省}"
2721,灵宝山国家森林公园,大理白族自治州,214国道灵宝山附近,1,4.20,0,generic_unsplash_fallback,https://images.unsplash.com/photo-1500530855697-b586d89ba3ee?auto=format&fit=crop&w=1200&q=80,https://images.unsplash.com/photo-1500530855697-b586d89ba3ee?auto=format&fit=crop&w=1200&q=80,"{省级景点,大理白族自治州,云南省}"
2649,龙龛码头,大理白族自治州,大理镇环海西路龙龛生态园(北侧),1,4.20,0,generic_unsplash_fallback,https://images.unsplash.com/photo-1469854523086-cc02fe5d8800?auto=format&fit=crop&w=1200&q=80,https://images.unsplash.com/photo-1469854523086-cc02fe5d8800?auto=format&fit=crop&w=1200&q=80,"{风景名胜,大理白族自治州,云南省}"
2657,龙龛码头观景台,大理白族自治州,景观大道与环海西路交叉口东150米,1,4.20,0,generic_unsplash_fallback,https://images.unsplash.com/photo-1469854523086-cc02fe5d8800?auto=format&fit=crop&w=1200&q=80,https://images.unsplash.com/photo-1469854523086-cc02fe5d8800?auto=format&fit=crop&w=1200&q=80,"{观景点,大理白族自治州,云南省}"
2648,龙山公园,大理白族自治州,行政办公区,1,4.20,0,generic_unsplash_fallback,https://images.unsplash.com/photo-1500530855697-b586d89ba3ee?auto=format&fit=crop&w=1200&q=80,https://images.unsplash.com/photo-1500530855697-b586d89ba3ee?auto=format&fit=crop&w=1200&q=80,"{公园,大理白族自治州,云南省}"
2664,龙尾关历史文化街区,大理白族自治州,下关镇中承街95号,1,4.20,0,generic_unsplash_fallback,https://images.unsplash.com/photo-1519608487953-e999c86e7455?auto=format&fit=crop&w=1200&q=80,https://images.unsplash.com/photo-1519608487953-e999c86e7455?auto=format&fit=crop&w=1200&q=80,"{旅游景点,大理白族自治州,云南省}"
2647,龙尾关遗址,大理白族自治州,龙尾街81号,1,4.20,0,generic_unsplash_fallback,https://images.unsplash.com/photo-1469854523086-cc02fe5d8800?auto=format&fit=crop&w=1200&q=80,https://images.unsplash.com/photo-1469854523086-cc02fe5d8800?auto=format&fit=crop&w=1200&q=80,"{风景名胜,大理白族自治州,云南省}"
2712,龙翔公园,大理白族自治州,龙岗路1号,1,4.20,0,generic_unsplash_fallback,https://images.unsplash.com/photo-1500530855697-b586d89ba3ee?auto=format&fit=crop&w=1200&q=80,https://images.unsplash.com/photo-1500530855697-b586d89ba3ee?auto=format&fit=crop&w=1200&q=80,"{公园,大理白族自治州,云南省}"
2663,绿玉公园,大理白族自治州,下关镇四方街商贸有限公司,1,4.20,0,generic_unsplash_fallback,https://images.unsplash.com/photo-1500530855697-b586d89ba3ee?auto=format&fit=crop&w=1200&q=80,https://images.unsplash.com/photo-1500530855697-b586d89ba3ee?auto=format&fit=crop&w=1200&q=80,"{旅游景点,大理白族自治州,云南省}"
2701,梅竹园,大理白族自治州,洱河南路1号洱海公园(东北角),1,4.20,0,generic_unsplash_fallback,https://images.unsplash.com/photo-1469854523086-cc02fe5d8800?auto=format&fit=crop&w=1200&q=80,https://images.unsplash.com/photo-1469854523086-cc02fe5d8800?auto=format&fit=crop&w=1200&q=80,"{旅游景点,大理白族自治州,云南省}"
2707,蒙阳公园,大理白族自治州,南诏镇大水沟街15号,1,4.20,0,generic_unsplash_fallback,https://images.unsplash.com/photo-1500530855697-b586d89ba3ee?auto=format&fit=crop&w=1200&q=80,https://images.unsplash.com/photo-1500530855697-b586d89ba3ee?auto=format&fit=crop&w=1200&q=80,"{公园,大理白族自治州,云南省}"
2713,木莲公园,大理白族自治州,大理海洋世界东侧350米,1,4.20,0,generic_unsplash_fallback,https://images.unsplash.com/photo-1500530855697-b586d89ba3ee?auto=format&fit=crop&w=1200&q=80,https://images.unsplash.com/photo-1500530855697-b586d89ba3ee?auto=format&fit=crop&w=1200&q=80,"{公园,大理白族自治州,云南省}"
2709,纳溪公园,大理白族自治州,越祈路46号,1,4.20,0,generic_unsplash_fallback,https://images.unsplash.com/photo-1500530855697-b586d89ba3ee?auto=format&fit=crop&w=1200&q=80,https://images.unsplash.com/photo-1500530855697-b586d89ba3ee?auto=format&fit=crop&w=1200&q=80,"{公园,大理白族自治州,云南省}"
2725,盘龙公园,大理白族自治州,"",1,4.20,0,generic_unsplash_fallback,https://images.unsplash.com/photo-1500530855697-b586d89ba3ee?auto=format&fit=crop&w=1200&q=80,https://images.unsplash.com/photo-1500530855697-b586d89ba3ee?auto=format&fit=crop&w=1200&q=80,"{公园,大理白族自治州,云南省}"
2669,磻溪S湾,大理白族自治州,磻溪完全小学北侧90米,1,4.20,0,generic_unsplash_fallback,https://images.unsplash.com/photo-1469854523086-cc02fe5d8800?auto=format&fit=crop&w=1200&q=80,https://images.unsplash.com/photo-1469854523086-cc02fe5d8800?auto=format&fit=crop&w=1200&q=80,"{风景名胜,大理白族自治州,云南省}"
2696,普济寺,大理白族自治州,中丞街与洱河北路交叉口西北500米,1,4.20,0,generic_unsplash_fallback,https://images.unsplash.com/photo-1513415756790-2ac1db1297d0?auto=format&fit=crop&w=1200&q=80,https://images.unsplash.com/photo-1513415756790-2ac1db1297d0?auto=format&fit=crop&w=1200&q=80,"{寺庙道观,大理白族自治州,云南省}"
2718,青螺公园,大理白族自治州,文笔路西150米,1,4.20,0,generic_unsplash_fallback,https://images.unsplash.com/photo-1500530855697-b586d89ba3ee?auto=format&fit=crop&w=1200&q=80,https://images.unsplash.com/photo-1500530855697-b586d89ba3ee?auto=format&fit=crop&w=1200&q=80,"{公园,大理白族自治州,云南省}"
2655,三圣岛,大理白族自治州,下关镇下末北村环海西路,1,4.20,0,generic_unsplash_fallback,https://images.unsplash.com/photo-1469854523086-cc02fe5d8800?auto=format&fit=crop&w=1200&q=80,https://images.unsplash.com/photo-1469854523086-cc02fe5d8800?auto=format&fit=crop&w=1200&q=80,"{风景名胜,大理白族自治州,云南省}"
2705,三塔倒影公园,大理白族自治州,大理镇三塔公园南侧,1,4.20,0,generic_unsplash_fallback,https://images.unsplash.com/photo-1500530855697-b586d89ba3ee?auto=format&fit=crop&w=1200&q=80,https://images.unsplash.com/photo-1500530855697-b586d89ba3ee?auto=format&fit=crop&w=1200&q=80,"{公园,大理白族自治州,云南省}"
2654,石屏村本主庙,大理白族自治州,滨海大道30号附近,1,4.20,0,generic_unsplash_fallback,https://images.unsplash.com/photo-1513415756790-2ac1db1297d0?auto=format&fit=crop&w=1200&q=80,https://images.unsplash.com/photo-1513415756790-2ac1db1297d0?auto=format&fit=crop&w=1200&q=80,"{寺庙道观,大理白族自治州,云南省}"
2692,水上栈道,大理白族自治州,鸡足山路东50米洱海月湿地公园(西南角),1,4.20,0,generic_unsplash_fallback,https://images.unsplash.com/photo-1469854523086-cc02fe5d8800?auto=format&fit=crop&w=1200&q=80,https://images.unsplash.com/photo-1469854523086-cc02fe5d8800?auto=format&fit=crop&w=1200&q=80,"{旅游景点,大理白族自治州,云南省}"
2681,锁水阁广场,大理白族自治州,洱河北路与兴盛北路交叉口东20米,1,4.20,0,generic_unsplash_fallback,https://images.unsplash.com/photo-1444723121867-7a241cacace9?auto=format&fit=crop&w=1200&q=80,https://images.unsplash.com/photo-1444723121867-7a241cacace9?auto=format&fit=crop&w=1200&q=80,"{城市广场,大理白族自治州,云南省}"
2682,天井口袋公园,大理白族自治州,满江街道苍山东路434号,1,4.20,0,generic_unsplash_fallback,https://images.unsplash.com/photo-1500530855697-b586d89ba3ee?auto=format&fit=crop&w=1200&q=80,https://images.unsplash.com/photo-1500530855697-b586d89ba3ee?auto=format&fit=crop&w=1200&q=80,"{公园,大理白族自治州,云南省}"
2666,天龙八部影视城,大理白族自治州,大理古城(洗马潭索道东北),1,4.20,0,generic_unsplash_fallback,https://images.unsplash.com/photo-1469854523086-cc02fe5d8800?auto=format&fit=crop&w=1200&q=80,https://images.unsplash.com/photo-1469854523086-cc02fe5d8800?auto=format&fit=crop&w=1200&q=80,"{风景名胜,大理白族自治州,云南省}"
2700,天龙台,大理白族自治州,洱河南路1号洱海公园内(西侧),1,4.20,0,generic_unsplash_fallback,https://images.unsplash.com/photo-1469854523086-cc02fe5d8800?auto=format&fit=crop&w=1200&q=80,https://images.unsplash.com/photo-1469854523086-cc02fe5d8800?auto=format&fit=crop&w=1200&q=80,"{旅游景点,大理白族自治州,云南省}"
2672,文笔村风光景区,大理白族自治州,文笔村,1,4.20,0,generic_unsplash_fallback,https://images.unsplash.com/photo-1469854523086-cc02fe5d8800?auto=format&fit=crop&w=1200&q=80,https://images.unsplash.com/photo-1469854523086-cc02fe5d8800?auto=format&fit=crop&w=1200&q=80,"{风景名胜,大理白族自治州,云南省}"
2695,下关文庙,大理白族自治州,洱海北路龙尾关遗址红土坡27号正西方向130米,1,4.20,0,generic_unsplash_fallback,https://images.unsplash.com/photo-1513415756790-2ac1db1297d0?auto=format&fit=crop&w=1200&q=80,https://images.unsplash.com/photo-1513415756790-2ac1db1297d0?auto=format&fit=crop&w=1200&q=80,"{寺庙道观,大理白族自治州,云南省}"
2662,下和湾湿地,大理白族自治州,机场路(洱海景区),1,4.20,0,generic_unsplash_fallback,https://images.unsplash.com/photo-1469854523086-cc02fe5d8800?auto=format&fit=crop&w=1200&q=80,https://images.unsplash.com/photo-1469854523086-cc02fe5d8800?auto=format&fit=crop&w=1200&q=80,"{旅游景点,大理白族自治州,云南省}"
2689,小关邑清真寺,大理白族自治州,兴盛北路西50米,1,4.20,0,generic_unsplash_fallback,https://images.unsplash.com/photo-1513415756790-2ac1db1297d0?auto=format&fit=crop&w=1200&q=80,https://images.unsplash.com/photo-1513415756790-2ac1db1297d0?auto=format&fit=crop&w=1200&q=80,"{回教寺,大理白族自治州,云南省}"
2686,雄风塔(大理州政务服务中心),大理白族自治州,龙山东路与Z002交叉口西420米,1,4.20,0,generic_unsplash_fallback,https://images.unsplash.com/photo-1444723121867-7a241cacace9?auto=format&fit=crop&w=1200&q=80,https://images.unsplash.com/photo-1444723121867-7a241cacace9?auto=format&fit=crop&w=1200&q=80,"{风景名胜,大理白族自治州,云南省}"
2667,应海廟,大理白族自治州,洱河南路1号洱海公园内(东侧),1,4.20,0,generic_unsplash_fallback,https://images.unsplash.com/photo-1469854523086-cc02fe5d8800?auto=format&fit=crop&w=1200&q=80,https://images.unsplash.com/photo-1469854523086-cc02fe5d8800?auto=format&fit=crop&w=1200&q=80,"{寺庙道观,大理白族自治州,云南省}"
2726,樱花湖公园,大理白族自治州,白马路与谷山路交叉口西北460米,1,4.20,0,generic_unsplash_fallback,https://images.unsplash.com/photo-1500530855697-b586d89ba3ee?auto=format&fit=crop&w=1200&q=80,https://images.unsplash.com/photo-1500530855697-b586d89ba3ee?auto=format&fit=crop&w=1200&q=80,"{公园,大理白族自治州,云南省}"
2640,渔家女雕像,大理白族自治州,滨海大道洱海公园内,1,4.20,0,generic_unsplash_fallback,https://images.unsplash.com/photo-1469854523086-cc02fe5d8800?auto=format&fit=crop&w=1200&q=80,https://images.unsplash.com/photo-1469854523086-cc02fe5d8800?auto=format&fit=crop&w=1200&q=80,"{旅游景点,大理白族自治州,云南省}"
2711,玉波湿地公园,大理白族自治州,祥城镇财富路,1,4.20,0,generic_unsplash_fallback,https://images.unsplash.com/photo-1500530855697-b586d89ba3ee?auto=format&fit=crop&w=1200&q=80,https://images.unsplash.com/photo-1500530855697-b586d89ba3ee?auto=format&fit=crop&w=1200&q=80,"{公园,大理白族自治州,云南省}"
2685,玉洱银苍,大理白族自治州,洱海公园山茶园内,1,4.20,0,generic_unsplash_fallback,https://images.unsplash.com/photo-1469854523086-cc02fe5d8800?auto=format&fit=crop&w=1200&q=80,https://images.unsplash.com/photo-1469854523086-cc02fe5d8800?auto=format&fit=crop&w=1200&q=80,"{旅游景点,大理白族自治州,云南省}"
2720,玉湖公园,大理白族自治州,文康路31号对面,1,4.20,0,generic_unsplash_fallback,https://images.unsplash.com/photo-1500530855697-b586d89ba3ee?auto=format&fit=crop&w=1200&q=80,https://images.unsplash.com/photo-1500530855697-b586d89ba3ee?auto=format&fit=crop&w=1200&q=80,"{公园,大理白族自治州,云南省}"
2678,云想山风景区,大理白族自治州,大理创新工业园区满江街道巍山路523号,1,4.20,0,generic_unsplash_fallback,https://images.unsplash.com/photo-1469854523086-cc02fe5d8800?auto=format&fit=crop&w=1200&q=80,https://images.unsplash.com/photo-1469854523086-cc02fe5d8800?auto=format&fit=crop&w=1200&q=80,"{风景名胜,大理白族自治州,云南省}"
1900,白云彩林公园,大连市,南石巷与威华街交叉口南40米,1,4.20,0,generic_unsplash_fallback,https://images.unsplash.com/photo-1500530855697-b586d89ba3ee?auto=format&fit=crop&w=1200&q=80,https://images.unsplash.com/photo-1500530855697-b586d89ba3ee?auto=format&fit=crop&w=1200&q=80,"{公园,大连市,辽宁省}"
1908,白云鹿鸣,大连市,七莲银珠水系西侧,1,4.20,0,generic_unsplash_fallback,https://images.unsplash.com/photo-1469854523086-cc02fe5d8800?auto=format&fit=crop&w=1200&q=80,https://images.unsplash.com/photo-1469854523086-cc02fe5d8800?auto=format&fit=crop&w=1200&q=80,"{风景名胜,大连市,辽宁省}"
1878,白云山山体公园,大连市,白云街道长白街7-2号附近,1,4.20,0,generic_unsplash_fallback,https://images.unsplash.com/photo-1500530855697-b586d89ba3ee?auto=format&fit=crop&w=1200&q=80,https://images.unsplash.com/photo-1500530855697-b586d89ba3ee?auto=format&fit=crop&w=1200&q=80,"{公园,大连市,辽宁省}"
1882,白云雁水健身公园,大连市,白云街道迎春路60号,1,4.20,0,generic_unsplash_fallback,https://images.unsplash.com/photo-1500530855697-b586d89ba3ee?auto=format&fit=crop&w=1200&q=80,https://images.unsplash.com/photo-1500530855697-b586d89ba3ee?auto=format&fit=crop&w=1200&q=80,"{公园广场,大连市,辽宁省}"
1909,棒棰岛风景区,大连市,迎宾路1号,1,4.20,0,generic_unsplash_fallback,https://images.unsplash.com/photo-1469854523086-cc02fe5d8800?auto=format&fit=crop&w=1200&q=80,https://images.unsplash.com/photo-1469854523086-cc02fe5d8800?auto=format&fit=crop&w=1200&q=80,"{风景名胜,大连市,辽宁省}"
1911,北海公园,大连市,先进街34号,1,4.20,0,generic_unsplash_fallback,https://images.unsplash.com/photo-1500530855697-b586d89ba3ee?auto=format&fit=crop&w=1200&q=80,https://images.unsplash.com/photo-1500530855697-b586d89ba3ee?auto=format&fit=crop&w=1200&q=80,"{公园,自然,湖景,摄影,亲子,低预算}"
1944,碧海山庄公园,大连市,大连湾街道,1,4.20,0,generic_unsplash_fallback,https://images.unsplash.com/photo-1500530855697-b586d89ba3ee?auto=format&fit=crop&w=1200&q=80,https://images.unsplash.com/photo-1500530855697-b586d89ba3ee?auto=format&fit=crop&w=1200&q=80,"{公园,大连市,辽宁省}"
1917,滨海大道跨海大桥,大连市,滨海西路与滨海大道交叉口东北380米,1,4.20,0,generic_unsplash_fallback,https://images.unsplash.com/photo-1469854523086-cc02fe5d8800?auto=format&fit=crop&w=1200&q=80,https://images.unsplash.com/photo-1469854523086-cc02fe5d8800?auto=format&fit=crop&w=1200&q=80,"{旅游景点,大连市,辽宁省}"
1902,滨海路西段木栈道,大连市,白山路街道城堡麓园南侧200米,1,4.20,0,generic_unsplash_fallback,https://images.unsplash.com/photo-1469854523086-cc02fe5d8800?auto=format&fit=crop&w=1200&q=80,https://images.unsplash.com/photo-1469854523086-cc02fe5d8800?auto=format&fit=crop&w=1200&q=80,"{旅游景点,大连市,辽宁省}"
1931,大黑山景区,大连市,凤祥路,1,4.20,0,generic_unsplash_fallback,https://images.unsplash.com/photo-1469854523086-cc02fe5d8800?auto=format&fit=crop&w=1200&q=80,https://images.unsplash.com/photo-1469854523086-cc02fe5d8800?auto=format&fit=crop&w=1200&q=80,"{风景名胜,大连市,辽宁省}"
1903,大连百年纪念城雕,大连市,星海湾广场南端,1,4.20,0,generic_unsplash_fallback,https://images.unsplash.com/photo-1469854523086-cc02fe5d8800?auto=format&fit=crop&w=1200&q=80,https://images.unsplash.com/photo-1469854523086-cc02fe5d8800?auto=format&fit=crop&w=1200&q=80,"{风景名胜,大连市,辽宁省}"
1936,大连冰峪省级旅游度假区,大连市,仙人洞镇北部,1,4.20,0,generic_unsplash_fallback,https://images.unsplash.com/photo-1469854523086-cc02fe5d8800?auto=format&fit=crop&w=1200&q=80,https://images.unsplash.com/photo-1469854523086-cc02fe5d8800?auto=format&fit=crop&w=1200&q=80,"{国家级景点,大连市,辽宁省}"
1935,大连横山公园,大连市,祥坛路1号,1,4.20,0,generic_unsplash_fallback,https://images.unsplash.com/photo-1500530855697-b586d89ba3ee?auto=format&fit=crop&w=1200&q=80,https://images.unsplash.com/photo-1500530855697-b586d89ba3ee?auto=format&fit=crop&w=1200&q=80,"{公园,大连市,辽宁省}"
1941,大连金龙寺国家森林公园,大连市,营升路,1,4.20,0,generic_unsplash_fallback,https://images.unsplash.com/photo-1500530855697-b586d89ba3ee?auto=format&fit=crop&w=1200&q=80,https://images.unsplash.com/photo-1500530855697-b586d89ba3ee?auto=format&fit=crop&w=1200&q=80,"{省级景点,大连市,辽宁省}"
1925,大连金石滩滨海国家地质公园,大连市,金石滩国家旅游度假区海恐龙背广场,1,4.20,0,generic_unsplash_fallback,https://images.unsplash.com/photo-1500530855697-b586d89ba3ee?auto=format&fit=crop&w=1200&q=80,https://images.unsplash.com/photo-1500530855697-b586d89ba3ee?auto=format&fit=crop&w=1200&q=80,"{风景名胜,大连市,辽宁省}"
1924,大连金石滩国家旅游度假区,大连市,金石路65号,1,4.20,0,generic_unsplash_fallback,https://images.unsplash.com/photo-1469854523086-cc02fe5d8800?auto=format&fit=crop&w=1200&q=80,https://images.unsplash.com/photo-1469854523086-cc02fe5d8800?auto=format&fit=crop&w=1200&q=80,"{国家级景点,大连市,辽宁省}"
1891,大连老虎滩海洋公园,大连市,滨海中路9号,1,4.20,0,generic_unsplash_fallback,https://images.unsplash.com/photo-1500530855697-b586d89ba3ee?auto=format&fit=crop&w=1200&q=80,https://images.unsplash.com/photo-1500530855697-b586d89ba3ee?auto=format&fit=crop&w=1200&q=80,"{国家级景点,大连市,辽宁省}"
1893,大连老虎滩海洋公园极地馆,大连市,虎滩街3号,1,4.20,0,generic_unsplash_fallback,https://images.unsplash.com/photo-1500530855697-b586d89ba3ee?auto=format&fit=crop&w=1200&q=80,https://images.unsplash.com/photo-1500530855697-b586d89ba3ee?auto=format&fit=crop&w=1200&q=80,"{国家级景点,大连市,辽宁省}"
1875,大连森林动物园,大连市,南石道街迎春路60号,1,4.20,0,generic_unsplash_fallback,https://images.unsplash.com/photo-1469854523086-cc02fe5d8800?auto=format&fit=crop&w=1200&q=80,https://images.unsplash.com/photo-1469854523086-cc02fe5d8800?auto=format&fit=crop&w=1200&q=80,"{动物园,大连市,辽宁省}"
1888,大连圣亚海洋世界,大连市,中山路608-6-8号,1,4.20,0,generic_unsplash_fallback,https://images.unsplash.com/photo-1469854523086-cc02fe5d8800?auto=format&fit=crop&w=1200&q=80,https://images.unsplash.com/photo-1469854523086-cc02fe5d8800?auto=format&fit=crop&w=1200&q=80,"{水族馆,大连市,辽宁省}"
1919,大连市奥林匹克广场,大连市,中山路9号(人民广场地铁站出入口步行220米),1,4.20,0,generic_unsplash_fallback,https://images.unsplash.com/photo-1444723121867-7a241cacace9?auto=format&fit=crop&w=1200&q=80,https://images.unsplash.com/photo-1444723121867-7a241cacace9?auto=format&fit=crop&w=1200&q=80,"{城市广场,大连市,辽宁省}"
1933,大连西城生态旅游度假区-长青湖景区,大连市,大连西郊国家森林公园(东南角),1,4.20,0,generic_unsplash_fallback,https://images.unsplash.com/photo-1469854523086-cc02fe5d8800?auto=format&fit=crop&w=1200&q=80,https://images.unsplash.com/photo-1469854523086-cc02fe5d8800?auto=format&fit=crop&w=1200&q=80,"{旅游景点,大连市,辽宁省}"
1932,大连西郊国家森林公园,大连市,红旗西路与张前线交汇处,1,4.20,0,generic_unsplash_fallback,https://images.unsplash.com/photo-1500530855697-b586d89ba3ee?auto=format&fit=crop&w=1200&q=80,https://images.unsplash.com/photo-1500530855697-b586d89ba3ee?auto=format&fit=crop&w=1200&q=80,"{国家级景点,大连市,辽宁省}"
1940,大连小窑湾航海主题公园,大连市,金普新区开发区小窑湾,1,4.20,0,generic_unsplash_fallback,https://images.unsplash.com/photo-1500530855697-b586d89ba3ee?auto=format&fit=crop&w=1200&q=80,https://images.unsplash.com/photo-1500530855697-b586d89ba3ee?auto=format&fit=crop&w=1200&q=80,"{公园,大连市,辽宁省}"
1913,大连站北广场,大连市,站北街道(地铁大连站地铁站B口步行170米),1,4.20,0,generic_unsplash_fallback,https://images.unsplash.com/photo-1444723121867-7a241cacace9?auto=format&fit=crop&w=1200&q=80,https://images.unsplash.com/photo-1444723121867-7a241cacace9?auto=format&fit=crop&w=1200&q=80,"{城市广场,大连市,辽宁省}"
1912,大连站南广场,大连市,长江路261号(友好广场地铁站D口步行360米),1,4.20,0,generic_unsplash_fallback,https://images.unsplash.com/photo-1444723121867-7a241cacace9?auto=format&fit=crop&w=1200&q=80,https://images.unsplash.com/photo-1444723121867-7a241cacace9?auto=format&fit=crop&w=1200&q=80,"{城市广场,大连市,辽宁省}"
1880,大连植物园,大连市,望海街39号,1,4.20,0,generic_unsplash_fallback,https://images.unsplash.com/photo-1469854523086-cc02fe5d8800?auto=format&fit=crop&w=1200&q=80,https://images.unsplash.com/photo-1469854523086-cc02fe5d8800?auto=format&fit=crop&w=1200&q=80,"{植物园,大连市,辽宁省}"
1887,东港音乐喷泉广场,大连市,五五路9号(近大连国际会议中心),1,4.20,0,generic_unsplash_fallback,https://images.unsplash.com/photo-1444723121867-7a241cacace9?auto=format&fit=crop&w=1200&q=80,https://images.unsplash.com/photo-1444723121867-7a241cacace9?auto=format&fit=crop&w=1200&q=80,"{城市广场,大连市,辽宁省}"
1939,董家沟植物公园,大连市,淮河东路161号,1,4.20,0,generic_unsplash_fallback,https://images.unsplash.com/photo-1500530855697-b586d89ba3ee?auto=format&fit=crop&w=1200&q=80,https://images.unsplash.com/photo-1500530855697-b586d89ba3ee?auto=format&fit=crop&w=1200&q=80,"{植物园,大连市,辽宁省}"
1879,儿童公园,大连市,哈尔滨街1-88号(南山路129-225号),1,4.20,0,generic_unsplash_fallback,https://images.unsplash.com/photo-1500530855697-b586d89ba3ee?auto=format&fit=crop&w=1200&q=80,https://images.unsplash.com/photo-1500530855697-b586d89ba3ee?auto=format&fit=crop&w=1200&q=80,"{公园,大连市,辽宁省}"
1884,付家庄公园,大连市,滨海西路53号,1,4.20,0,generic_unsplash_fallback,https://images.unsplash.com/photo-1500530855697-b586d89ba3ee?auto=format&fit=crop&w=1200&q=80,https://images.unsplash.com/photo-1500530855697-b586d89ba3ee?auto=format&fit=crop&w=1200&q=80,"{公园,大连市,辽宁省}"
1896,富国公园,大连市,星海湾街道星海街173号,1,4.20,0,generic_unsplash_fallback,https://images.unsplash.com/photo-1500530855697-b586d89ba3ee?auto=format&fit=crop&w=1200&q=80,https://images.unsplash.com/photo-1500530855697-b586d89ba3ee?auto=format&fit=crop&w=1200&q=80,"{公园,大连市,辽宁省}"
1947,富国公园最高观景台,大连市,星海湾街道星海街173号富国公园(东北角),1,4.20,0,generic_unsplash_fallback,https://images.unsplash.com/photo-1500530855697-b586d89ba3ee?auto=format&fit=crop&w=1200&q=80,https://images.unsplash.com/photo-1500530855697-b586d89ba3ee?auto=format&fit=crop&w=1200&q=80,"{风景名胜,大连市,辽宁省}"
1895,港东五街打卡点,大连市,华乐街与长江东路交叉口西南180米,1,4.20,0,generic_unsplash_fallback,https://images.unsplash.com/photo-1519608487953-e999c86e7455?auto=format&fit=crop&w=1200&q=80,https://images.unsplash.com/photo-1519608487953-e999c86e7455?auto=format&fit=crop&w=1200&q=80,"{风景名胜,大连市,辽宁省}"
1921,广播电视塔,大连市,绿山巷99号大连观光塔(东北角),1,4.20,0,generic_unsplash_fallback,https://images.unsplash.com/photo-1444723121867-7a241cacace9?auto=format&fit=crop&w=1200&q=80,https://images.unsplash.com/photo-1444723121867-7a241cacace9?auto=format&fit=crop&w=1200&q=80,"{风景名胜,大连市,辽宁省}"
1894,海昌·东方水城,大连市,港浦路114号,1,4.20,0,generic_unsplash_fallback,https://images.unsplash.com/photo-1469854523086-cc02fe5d8800?auto=format&fit=crop&w=1200&q=80,https://images.unsplash.com/photo-1469854523086-cc02fe5d8800?auto=format&fit=crop&w=1200&q=80,"{旅游景点,大连市,辽宁省}"
1942,海纳百川大连国际雕塑公园,大连市,清水街与凌滨路交叉口,1,4.20,0,generic_unsplash_fallback,https://images.unsplash.com/photo-1500530855697-b586d89ba3ee?auto=format&fit=crop&w=1200&q=80,https://images.unsplash.com/photo-1500530855697-b586d89ba3ee?auto=format&fit=crop&w=1200&q=80,"{公园,大连市,辽宁省}"
1899,海之韵公园,大连市,滨海北路1号,1,4.20,0,generic_unsplash_fallback,https://images.unsplash.com/photo-1500530855697-b586d89ba3ee?auto=format&fit=crop&w=1200&q=80,https://images.unsplash.com/photo-1500530855697-b586d89ba3ee?auto=format&fit=crop&w=1200&q=80,"{公园,大连市,辽宁省}"
1901,黑石礁公园,大连市,黑石礁街52号大连海洋大学附近,1,4.20,0,generic_unsplash_fallback,https://images.unsplash.com/photo-1500530855697-b586d89ba3ee?auto=format&fit=crop&w=1200&q=80,https://images.unsplash.com/photo-1500530855697-b586d89ba3ee?auto=format&fit=crop&w=1200&q=80,"{公园,大连市,辽宁省}"
1914,华宫古玩城,大连市,西安路街道联合路62号,1,4.20,0,generic_unsplash_fallback,https://images.unsplash.com/photo-1469854523086-cc02fe5d8800?auto=format&fit=crop&w=1200&q=80,https://images.unsplash.com/photo-1469854523086-cc02fe5d8800?auto=format&fit=crop&w=1200&q=80,"{寺庙道观,大连市,辽宁省}"
1897,基督教北京街教堂,大连市,北京街道长江路665号,1,4.20,0,generic_unsplash_fallback,https://images.unsplash.com/photo-1519608487953-e999c86e7455?auto=format&fit=crop&w=1200&q=80,https://images.unsplash.com/photo-1519608487953-e999c86e7455?auto=format&fit=crop&w=1200&q=80,"{教堂,大连市,辽宁省}"
1892,金沙滩,大连市,八一路街道八一路街道滨海路53号,1,4.20,0,generic_unsplash_fallback,https://images.unsplash.com/photo-1469854523086-cc02fe5d8800?auto=format&fit=crop&w=1200&q=80,https://images.unsplash.com/photo-1469854523086-cc02fe5d8800?auto=format&fit=crop&w=1200&q=80,"{旅游景点,大连市,辽宁省}"
1926,金石滩-海滨公园,大连市,金普新区开发区金石滩国家旅游度假区内,1,4.20,0,generic_unsplash_fallback,https://images.unsplash.com/photo-1500530855697-b586d89ba3ee?auto=format&fit=crop&w=1200&q=80,https://images.unsplash.com/photo-1500530855697-b586d89ba3ee?auto=format&fit=crop&w=1200&q=80,"{公园,大连市,辽宁省}"
1927,金石缘公园,大连市,中心大街13号金石园内,1,4.20,0,generic_unsplash_fallback,https://images.unsplash.com/photo-1500530855697-b586d89ba3ee?auto=format&fit=crop&w=1200&q=80,https://images.unsplash.com/photo-1500530855697-b586d89ba3ee?auto=format&fit=crop&w=1200&q=80,"{公园,大连市,辽宁省}"
1872,劳动公园,大连市,昆明街道解放路58号,1,4.20,0,generic_unsplash_fallback,https://images.unsplash.com/photo-1500530855697-b586d89ba3ee?auto=format&fit=crop&w=1200&q=80,https://images.unsplash.com/photo-1500530855697-b586d89ba3ee?auto=format&fit=crop&w=1200&q=80,"{公园,大连市,辽宁省}"
1915,莲花山公园,大连市,白云街道白云街道白云街道白云街道威华街134号,1,4.20,0,generic_unsplash_fallback,https://images.unsplash.com/photo-1500530855697-b586d89ba3ee?auto=format&fit=crop&w=1200&q=80,https://images.unsplash.com/photo-1500530855697-b586d89ba3ee?auto=format&fit=crop&w=1200&q=80,"{公园,大连市,辽宁省}"
1920,莲花山寺,大连市,迎春路60号,1,4.20,0,generic_unsplash_fallback,https://images.unsplash.com/photo-1513415756790-2ac1db1297d0?auto=format&fit=crop&w=1200&q=80,https://images.unsplash.com/photo-1513415756790-2ac1db1297d0?auto=format&fit=crop&w=1200&q=80,"{寺庙道观,大连市,辽宁省}"
1885,民主广场,大连市,文林街15-1号,1,4.20,0,generic_unsplash_fallback,https://images.unsplash.com/photo-1444723121867-7a241cacace9?auto=format&fit=crop&w=1200&q=80,https://images.unsplash.com/photo-1444723121867-7a241cacace9?auto=format&fit=crop&w=1200&q=80,"{城市广场,大连市,辽宁省}"
1922,牡丹园,大连市,解放路5号劳动公园(青泥洼桥地铁站G1口步行440米),1,4.20,0,generic_unsplash_fallback,https://images.unsplash.com/photo-1469854523086-cc02fe5d8800?auto=format&fit=crop&w=1200&q=80,https://images.unsplash.com/photo-1469854523086-cc02fe5d8800?auto=format&fit=crop&w=1200&q=80,"{旅游景点,大连市,辽宁省}"
1938,泊霞湾公园,大连市,革镇堡街道羊圈子村,1,4.20,0,generic_unsplash_fallback,https://images.unsplash.com/photo-1500530855697-b586d89ba3ee?auto=format&fit=crop&w=1200&q=80,https://images.unsplash.com/photo-1500530855697-b586d89ba3ee?auto=format&fit=crop&w=1200&q=80,"{公园,大连市,辽宁省}"
1934,七贤岭森林公园,大连市,七贤路,1,4.20,0,generic_unsplash_fallback,https://images.unsplash.com/photo-1500530855697-b586d89ba3ee?auto=format&fit=crop&w=1200&q=80,https://images.unsplash.com/photo-1500530855697-b586d89ba3ee?auto=format&fit=crop&w=1200&q=80,"{公园,大连市,辽宁省}"
1945,前关城市中央湿地公园,大连市,关厢路,1,4.20,0,generic_unsplash_fallback,https://images.unsplash.com/photo-1500530855697-b586d89ba3ee?auto=format&fit=crop&w=1200&q=80,https://images.unsplash.com/photo-1500530855697-b586d89ba3ee?auto=format&fit=crop&w=1200&q=80,"{公园,大连市,辽宁省}"
1907,亲海栈道,大连市,深蓝大连潜水游泳俱乐部东侧220米,1,4.20,0,generic_unsplash_fallback,https://images.unsplash.com/photo-1469854523086-cc02fe5d8800?auto=format&fit=crop&w=1200&q=80,https://images.unsplash.com/photo-1469854523086-cc02fe5d8800?auto=format&fit=crop&w=1200&q=80,"{风景名胜,大连市,辽宁省}"
1877,人民广场,大连市,人民广场街道中山路(人民广场地铁站B口步行370米),1,4.20,0,generic_unsplash_fallback,https://images.unsplash.com/photo-1444723121867-7a241cacace9?auto=format&fit=crop&w=1200&q=80,https://images.unsplash.com/photo-1444723121867-7a241cacace9?auto=format&fit=crop&w=1200&q=80,"{城市广场,大连市,辽宁省}"
1929,十八盘,大连市,滨海北路1号海之韵公园(东北角),1,4.20,0,generic_unsplash_fallback,https://images.unsplash.com/photo-1469854523086-cc02fe5d8800?auto=format&fit=crop&w=1200&q=80,https://images.unsplash.com/photo-1469854523086-cc02fe5d8800?auto=format&fit=crop&w=1200&q=80,"{旅游景点,大连市,辽宁省}"
1890,双拥文化广场,大连市,黄河街与九三街路口处,1,4.20,0,generic_unsplash_fallback,https://images.unsplash.com/photo-1444723121867-7a241cacace9?auto=format&fit=crop&w=1200&q=80,https://images.unsplash.com/photo-1444723121867-7a241cacace9?auto=format&fit=crop&w=1200&q=80,"{城市广场,大连市,辽宁省}"
1916,思想公园,大连市,中山路427-a-2(富国街地铁站D口步行120米),1,4.20,0,generic_unsplash_fallback,https://images.unsplash.com/photo-1500530855697-b586d89ba3ee?auto=format&fit=crop&w=1200&q=80,https://images.unsplash.com/photo-1500530855697-b586d89ba3ee?auto=format&fit=crop&w=1200&q=80,"{公园,大连市,辽宁省}"
1889,松山寺,大连市,唐山街,1,4.20,0,generic_unsplash_fallback,https://images.unsplash.com/photo-1513415756790-2ac1db1297d0?auto=format&fit=crop&w=1200&q=80,https://images.unsplash.com/photo-1513415756790-2ac1db1297d0?auto=format&fit=crop&w=1200&q=80,"{寺庙道观,大连市,辽宁省}"
1923,天主教堂,大连市,西安街31号,1,4.20,0,generic_unsplash_fallback,https://images.unsplash.com/photo-1469854523086-cc02fe5d8800?auto=format&fit=crop&w=1200&q=80,https://images.unsplash.com/photo-1469854523086-cc02fe5d8800?auto=format&fit=crop&w=1200&q=80,"{教会,大连市,辽宁省}"
1910,希望广场,大连市,中山路与高明街交汇处东100米,1,4.20,0,generic_unsplash_fallback,https://images.unsplash.com/photo-1500530855697-b586d89ba3ee?auto=format&fit=crop&w=1200&q=80,https://images.unsplash.com/photo-1500530855697-b586d89ba3ee?auto=format&fit=crop&w=1200&q=80,"{公园广场,大连市,辽宁省}"
1905,小付家庄海滩,大连市,滨海中路傅家庄公园,1,4.20,0,generic_unsplash_fallback,https://images.unsplash.com/photo-1469854523086-cc02fe5d8800?auto=format&fit=crop&w=1200&q=80,https://images.unsplash.com/photo-1469854523086-cc02fe5d8800?auto=format&fit=crop&w=1200&q=80,"{海滩,大连市,辽宁省}"
1946,蟹子湾公园,大连市,海燕街7号,1,4.20,0,generic_unsplash_fallback,https://images.unsplash.com/photo-1500530855697-b586d89ba3ee?auto=format&fit=crop&w=1200&q=80,https://images.unsplash.com/photo-1500530855697-b586d89ba3ee?auto=format&fit=crop&w=1200&q=80,"{公园,大连市,辽宁省}"
1886,星海公园,大连市,中山路634号,1,4.20,0,generic_unsplash_fallback,https://images.unsplash.com/photo-1500530855697-b586d89ba3ee?auto=format&fit=crop&w=1200&q=80,https://images.unsplash.com/photo-1500530855697-b586d89ba3ee?auto=format&fit=crop&w=1200&q=80,"{公园,大连市,辽宁省}"
1873,星海广场,大连市,中山路572号(西南路口),1,4.20,0,generic_unsplash_fallback,https://images.unsplash.com/photo-1444723121867-7a241cacace9?auto=format&fit=crop&w=1200&q=80,https://images.unsplash.com/photo-1444723121867-7a241cacace9?auto=format&fit=crop&w=1200&q=80,"{城市广场,大连市,辽宁省}"
1881,银沙滩公园,大连市,滨海西路76号,1,4.20,0,generic_unsplash_fallback,https://images.unsplash.com/photo-1500530855697-b586d89ba3ee?auto=format&fit=crop&w=1200&q=80,https://images.unsplash.com/photo-1500530855697-b586d89ba3ee?auto=format&fit=crop&w=1200&q=80,"{海滩,大连市,辽宁省}"
1906,英雄纪念公园,大连市,纪念街96号,1,4.20,0,generic_unsplash_fallback,https://images.unsplash.com/photo-1500530855697-b586d89ba3ee?auto=format&fit=crop&w=1200&q=80,https://images.unsplash.com/photo-1500530855697-b586d89ba3ee?auto=format&fit=crop&w=1200&q=80,"{公园,大连市,辽宁省}"
1904,樱花林,大连市,解放路5号劳动公园,1,4.20,0,generic_unsplash_fallback,https://images.unsplash.com/photo-1469854523086-cc02fe5d8800?auto=format&fit=crop&w=1200&q=80,https://images.unsplash.com/photo-1469854523086-cc02fe5d8800?auto=format&fit=crop&w=1200&q=80,"{旅游景点,大连市,辽宁省}"
1930,迎宾园,大连市,迎宾路5号11-3-102附近,1,4.20,0,generic_unsplash_fallback,https://images.unsplash.com/photo-1469854523086-cc02fe5d8800?auto=format&fit=crop&w=1200&q=80,https://images.unsplash.com/photo-1469854523086-cc02fe5d8800?auto=format&fit=crop&w=1200&q=80,"{旅游景点,大连市,辽宁省}"
1883,友好广场,大连市,友好路158号(近一德街)(友好广场地铁站C1口旁),1,4.20,0,generic_unsplash_fallback,https://images.unsplash.com/photo-1444723121867-7a241cacace9?auto=format&fit=crop&w=1200&q=80,https://images.unsplash.com/photo-1444723121867-7a241cacace9?auto=format&fit=crop&w=1200&q=80,"{城市广场,大连市,辽宁省}"
1918,有轨电车,大连市,中山公园街道西安路38号机车商厦F1层,1,4.20,0,generic_unsplash_fallback,https://images.unsplash.com/photo-1469854523086-cc02fe5d8800?auto=format&fit=crop&w=1200&q=80,https://images.unsplash.com/photo-1469854523086-cc02fe5d8800?auto=format&fit=crop&w=1200&q=80,"{旅游景点,大连市,辽宁省}"
1898,渔人码头,大连市,滨海东路80-2号,1,4.20,0,generic_unsplash_fallback,https://images.unsplash.com/photo-1469854523086-cc02fe5d8800?auto=format&fit=crop&w=1200&q=80,https://images.unsplash.com/photo-1469854523086-cc02fe5d8800?auto=format&fit=crop&w=1200&q=80,"{餐饮相关,大连市,辽宁省}"
1943,长兴岛长琴海岸,大连市,滨海公路与花园路交叉口西侧,1,4.20,0,generic_unsplash_fallback,https://images.unsplash.com/photo-1500530855697-b586d89ba3ee?auto=format&fit=crop&w=1200&q=80,https://images.unsplash.com/photo-1500530855697-b586d89ba3ee?auto=format&fit=crop&w=1200&q=80,"{公园,大连市,辽宁省}"
1876,中山公园,大连市,联合路62号(近广电中心),1,4.20,0,generic_unsplash_fallback,https://images.unsplash.com/photo-1500530855697-b586d89ba3ee?auto=format&fit=crop&w=1200&q=80,https://images.unsplash.com/photo-1500530855697-b586d89ba3ee?auto=format&fit=crop&w=1200&q=80,"{公园,大连市,辽宁省}"
1874,中山广场,大连市,中山路552号(中山广场地铁站D口步行60米),1,4.20,0,generic_unsplash_fallback,https://images.unsplash.com/photo-1444723121867-7a241cacace9?auto=format&fit=crop&w=1200&q=80,https://images.unsplash.com/photo-1444723121867-7a241cacace9?auto=format&fit=crop&w=1200&q=80,"{城市广场,大连市,辽宁省}"
1656,Wepark爱情公园,大同市,恒安街1025号,1,4.20,0,generic_unsplash_fallback,https://images.unsplash.com/photo-1500530855697-b586d89ba3ee?auto=format&fit=crop&w=1200&q=80,https://images.unsplash.com/photo-1500530855697-b586d89ba3ee?auto=format&fit=crop&w=1200&q=80,"{公园广场,大同市,山西省}"
1700,白登河湿地公园,大同市,阳和大道,1,4.20,0,generic_unsplash_fallback,https://images.unsplash.com/photo-1500530855697-b586d89ba3ee?auto=format&fit=crop&w=1200&q=80,https://images.unsplash.com/photo-1500530855697-b586d89ba3ee?auto=format&fit=crop&w=1200&q=80,"{公园,大同市,山西省}"
1705,北魏鹿苑,大同市,白登山街道马家小村,1,4.20,0,generic_unsplash_fallback,https://images.unsplash.com/photo-1469854523086-cc02fe5d8800?auto=format&fit=crop&w=1200&q=80,https://images.unsplash.com/photo-1469854523086-cc02fe5d8800?auto=format&fit=crop&w=1200&q=80,"{风景名胜,大同市,山西省}"
1650,北魏明堂遗址公园,大同市,友谊南街与南环交叉口东北角,1,4.20,0,generic_unsplash_fallback,https://images.unsplash.com/photo-1500530855697-b586d89ba3ee?auto=format&fit=crop&w=1200&q=80,https://images.unsplash.com/photo-1500530855697-b586d89ba3ee?auto=format&fit=crop&w=1200&q=80,"{公园,大同市,山西省}"
1642,城墙带状公园-大同东城墙,大同市,大同古城武庙街3号院,1,4.20,0,generic_unsplash_fallback,https://images.unsplash.com/photo-1500530855697-b586d89ba3ee?auto=format&fit=crop&w=1200&q=80,https://images.unsplash.com/photo-1500530855697-b586d89ba3ee?auto=format&fit=crop&w=1200&q=80,"{风景名胜,大同市,山西省}"
1683,城墙带状公园-东关华严寺,大同市,御河西路,1,4.20,0,generic_unsplash_fallback,https://images.unsplash.com/photo-1500530855697-b586d89ba3ee?auto=format&fit=crop&w=1200&q=80,https://images.unsplash.com/photo-1500530855697-b586d89ba3ee?auto=format&fit=crop&w=1200&q=80,"{寺庙道观,大同市,山西省}"
1663,纯阳宫,大同市,大同古城-鼓楼西街8号,1,4.20,0,generic_unsplash_fallback,https://images.unsplash.com/photo-1469854523086-cc02fe5d8800?auto=format&fit=crop&w=1200&q=80,https://images.unsplash.com/photo-1469854523086-cc02fe5d8800?auto=format&fit=crop&w=1200&q=80,"{寺庙道观,大同市,山西省}"
1675,大十字街五龙壁,大同市,大同古城大北街175号,1,4.20,0,generic_unsplash_fallback,https://images.unsplash.com/photo-1519608487953-e999c86e7455?auto=format&fit=crop&w=1200&q=80,https://images.unsplash.com/photo-1519608487953-e999c86e7455?auto=format&fit=crop&w=1200&q=80,"{风景名胜,大同市,山西省}"
1641,大同方特欢乐世界,大同市,永乐路13号,1,4.20,0,generic_unsplash_fallback,https://images.unsplash.com/photo-1469854523086-cc02fe5d8800?auto=format&fit=crop&w=1200&q=80,https://images.unsplash.com/photo-1469854523086-cc02fe5d8800?auto=format&fit=crop&w=1200&q=80,"{省级景点,大同市,山西省}"
1658,大同府文庙,大同市,大同城区东南隅府学门街,1,4.20,0,generic_unsplash_fallback,https://images.unsplash.com/photo-1513415756790-2ac1db1297d0?auto=format&fit=crop&w=1200&q=80,https://images.unsplash.com/photo-1513415756790-2ac1db1297d0?auto=format&fit=crop&w=1200&q=80,"{寺庙道观,大同市,山西省}"
1661,大同公园,大同市,魏都大道,1,4.20,0,generic_unsplash_fallback,https://images.unsplash.com/photo-1500530855697-b586d89ba3ee?auto=format&fit=crop&w=1200&q=80,https://images.unsplash.com/photo-1500530855697-b586d89ba3ee?auto=format&fit=crop&w=1200&q=80,"{公园,大同市,山西省}"
1640,大同古城,大同市,西街街道大同城墙带状公园(御河西路西),1,4.20,0,generic_unsplash_fallback,https://images.unsplash.com/photo-1469854523086-cc02fe5d8800?auto=format&fit=crop&w=1200&q=80,https://images.unsplash.com/photo-1469854523086-cc02fe5d8800?auto=format&fit=crop&w=1200&q=80,"{风景名胜,大同市,山西省}"
1647,大同古城城墙外带状公园,大同市,南关街道大同古城-北都街友谊街口,1,4.20,0,generic_unsplash_fallback,https://images.unsplash.com/photo-1500530855697-b586d89ba3ee?auto=format&fit=crop&w=1200&q=80,https://images.unsplash.com/photo-1500530855697-b586d89ba3ee?auto=format&fit=crop&w=1200&q=80,"{公园,大同市,山西省}"
1654,大同古城南城墙,大同市,大同古城-北都街北侧,1,4.20,0,generic_unsplash_fallback,https://images.unsplash.com/photo-1469854523086-cc02fe5d8800?auto=format&fit=crop&w=1200&q=80,https://images.unsplash.com/photo-1469854523086-cc02fe5d8800?auto=format&fit=crop&w=1200&q=80,"{旅游景点,大同市,山西省}"
1649,大同古城墙,大同市,和阳街与和阳门内街交叉口东100米,1,4.20,0,generic_unsplash_fallback,https://images.unsplash.com/photo-1469854523086-cc02fe5d8800?auto=format&fit=crop&w=1200&q=80,https://images.unsplash.com/photo-1469854523086-cc02fe5d8800?auto=format&fit=crop&w=1200&q=80,"{旅游景点,大同市,山西省}"
1674,大同黄花公园,大同市,御河东路266号御河东岸平城桥北,1,4.20,0,generic_unsplash_fallback,https://images.unsplash.com/photo-1500530855697-b586d89ba3ee?auto=format&fit=crop&w=1200&q=80,https://images.unsplash.com/photo-1500530855697-b586d89ba3ee?auto=format&fit=crop&w=1200&q=80,"{公园,大同市,山西省}"
1684,大同火山群国家地质公园,大同市,109国道与339省道交叉口北150米,1,4.20,0,generic_unsplash_fallback,https://images.unsplash.com/photo-1500530855697-b586d89ba3ee?auto=format&fit=crop&w=1200&q=80,https://images.unsplash.com/photo-1500530855697-b586d89ba3ee?auto=format&fit=crop&w=1200&q=80,"{国家级景点,大同市,山西省}"
1710,大同火山群国家地质公园秋林峪园区,大同市,"",1,4.20,0,generic_unsplash_fallback,https://images.unsplash.com/photo-1500530855697-b586d89ba3ee?auto=format&fit=crop&w=1200&q=80,https://images.unsplash.com/photo-1500530855697-b586d89ba3ee?auto=format&fit=crop&w=1200&q=80,"{旅游景点,大同市,山西省}"
1657,大同市文瀛湖芍药园,大同市,文瀛北路与兴云街交叉口东北240米,1,4.20,0,generic_unsplash_fallback,https://images.unsplash.com/photo-1469854523086-cc02fe5d8800?auto=format&fit=crop&w=1200&q=80,https://images.unsplash.com/photo-1469854523086-cc02fe5d8800?auto=format&fit=crop&w=1200&q=80,"{风景名胜,大同市,山西省}"
1711,大同市御河生态林·东岸,大同市,御河东路辅路与永固街交叉口西360米,1,4.20,0,generic_unsplash_fallback,https://images.unsplash.com/photo-1500530855697-b586d89ba3ee?auto=format&fit=crop&w=1200&q=80,https://images.unsplash.com/photo-1500530855697-b586d89ba3ee?auto=format&fit=crop&w=1200&q=80,"{公园,大同市,山西省}"
1680,大同市御河生态园,大同市,滨河路与御河南路交叉口南240米,1,4.20,0,generic_unsplash_fallback,https://images.unsplash.com/photo-1500530855697-b586d89ba3ee?auto=format&fit=crop&w=1200&q=80,https://images.unsplash.com/photo-1500530855697-b586d89ba3ee?auto=format&fit=crop&w=1200&q=80,"{公园,大同市,山西省}"
1677,大同市圆通寺,大同市,大同古城-清远门内街1号,1,4.20,0,generic_unsplash_fallback,https://images.unsplash.com/photo-1513415756790-2ac1db1297d0?auto=format&fit=crop&w=1200&q=80,https://images.unsplash.com/photo-1513415756790-2ac1db1297d0?auto=format&fit=crop&w=1200&q=80,"{寺庙道观,大同市,山西省}"
1672,大同钟楼,大同市,大同古城帅府街与清远街交汇处(下寺坡街459号),1,4.20,0,generic_unsplash_fallback,https://images.unsplash.com/photo-1469854523086-cc02fe5d8800?auto=format&fit=crop&w=1200&q=80,https://images.unsplash.com/photo-1469854523086-cc02fe5d8800?auto=format&fit=crop&w=1200&q=80,"{风景名胜,大同市,山西省}"
1646,代王府,大同市,大同古城皇城街18号,1,4.20,0,generic_unsplash_fallback,https://images.unsplash.com/photo-1469854523086-cc02fe5d8800?auto=format&fit=crop&w=1200&q=80,https://images.unsplash.com/photo-1469854523086-cc02fe5d8800?auto=format&fit=crop&w=1200&q=80,"{风景名胜,大同市,山西省}"
1678,帝君庙,大同市,古城街道大同古城-狮子街67号,1,4.20,0,generic_unsplash_fallback,https://images.unsplash.com/photo-1513415756790-2ac1db1297d0?auto=format&fit=crop&w=1200&q=80,https://images.unsplash.com/photo-1513415756790-2ac1db1297d0?auto=format&fit=crop&w=1200&q=80,"{寺庙道观,大同市,山西省}"
1644,东南邑历史文化街区,大同市,太平楼南,1,4.20,0,generic_unsplash_fallback,https://images.unsplash.com/photo-1519608487953-e999c86e7455?auto=format&fit=crop&w=1200&q=80,https://images.unsplash.com/photo-1519608487953-e999c86e7455?auto=format&fit=crop&w=1200&q=80,"{风景名胜,大同市,山西省}"
1708,东山森林公园,大同市,崇文路与毓秀街交叉口东南280米,1,4.20,0,generic_unsplash_fallback,https://images.unsplash.com/photo-1500530855697-b586d89ba3ee?auto=format&fit=crop&w=1200&q=80,https://images.unsplash.com/photo-1500530855697-b586d89ba3ee?auto=format&fit=crop&w=1200&q=80,"{公园,大同市,山西省}"
1687,儿童公园,大同市,迎宾街与云中路交汇处,1,4.20,0,generic_unsplash_fallback,https://images.unsplash.com/photo-1500530855697-b586d89ba3ee?auto=format&fit=crop&w=1200&q=80,https://images.unsplash.com/photo-1500530855697-b586d89ba3ee?auto=format&fit=crop&w=1200&q=80,"{公园,大同市,山西省}"
1651,法华寺,大同市,大同古城大东街137号8单元4号,1,4.20,0,generic_unsplash_fallback,https://images.unsplash.com/photo-1513415756790-2ac1db1297d0?auto=format&fit=crop&w=1200&q=80,https://images.unsplash.com/photo-1513415756790-2ac1db1297d0?auto=format&fit=crop&w=1200&q=80,"{寺庙道观,大同市,山西省}"
1695,凤栖谷·一水露营公园,大同市,长城1号旅游公路,1,4.20,0,generic_unsplash_fallback,https://images.unsplash.com/photo-1500530855697-b586d89ba3ee?auto=format&fit=crop&w=1200&q=80,https://images.unsplash.com/photo-1500530855697-b586d89ba3ee?auto=format&fit=crop&w=1200&q=80,"{公园,大同市,山西省}"
1709,古城墙遗址公园,大同市,兴国寺街东50米,1,4.20,0,generic_unsplash_fallback,https://images.unsplash.com/photo-1500530855697-b586d89ba3ee?auto=format&fit=crop&w=1200&q=80,https://images.unsplash.com/photo-1500530855697-b586d89ba3ee?auto=format&fit=crop&w=1200&q=80,"{旅游景点,大同市,山西省}"
1712,古长城森林公园,大同市,G55二广高速204号省道出口附近,1,4.20,0,generic_unsplash_fallback,https://images.unsplash.com/photo-1500530855697-b586d89ba3ee?auto=format&fit=crop&w=1200&q=80,https://images.unsplash.com/photo-1500530855697-b586d89ba3ee?auto=format&fit=crop&w=1200&q=80,"{历史古迹,世界遗产,轻徒步,摄影,自然}"
1653,鼓楼,大同市,大同古城永泰街(南街)中段,1,4.20,0,generic_unsplash_fallback,https://images.unsplash.com/photo-1519608487953-e999c86e7455?auto=format&fit=crop&w=1200&q=80,https://images.unsplash.com/photo-1519608487953-e999c86e7455?auto=format&fit=crop&w=1200&q=80,"{城市漫步,胡同,摄影,休闲,夜游,美食}"
1655,关帝庙,大同市,东街街道县楼北街36号,1,4.20,0,generic_unsplash_fallback,https://images.unsplash.com/photo-1513415756790-2ac1db1297d0?auto=format&fit=crop&w=1200&q=80,https://images.unsplash.com/photo-1513415756790-2ac1db1297d0?auto=format&fit=crop&w=1200&q=80,"{寺庙道观,大同市,山西省}"
1671,和阳门广场,大同市,大同古城-城墙带状公园东侧,1,4.20,0,generic_unsplash_fallback,https://images.unsplash.com/photo-1444723121867-7a241cacace9?auto=format&fit=crop&w=1200&q=80,https://images.unsplash.com/photo-1444723121867-7a241cacace9?auto=format&fit=crop&w=1200&q=80,"{城市广场,大同市,山西省}"
1699,恒安公园,大同市,和宁街与平德路交叉口东南,1,4.20,0,generic_unsplash_fallback,https://images.unsplash.com/photo-1500530855697-b586d89ba3ee?auto=format&fit=crop&w=1200&q=80,https://images.unsplash.com/photo-1500530855697-b586d89ba3ee?auto=format&fit=crop&w=1200&q=80,"{公园,大同市,山西省}"
1670,华严广场,大同市,大同古城华严街与清远街交叉口东南120米,1,4.20,0,generic_unsplash_fallback,https://images.unsplash.com/photo-1444723121867-7a241cacace9?auto=format&fit=crop&w=1200&q=80,https://images.unsplash.com/photo-1444723121867-7a241cacace9?auto=format&fit=crop&w=1200&q=80,"{城市广场,大同市,山西省}"
1643,华严寺,大同市,下寺坡街459号,1,4.20,0,generic_unsplash_fallback,https://images.unsplash.com/photo-1513415756790-2ac1db1297d0?auto=format&fit=crop&w=1200&q=80,https://images.unsplash.com/photo-1513415756790-2ac1db1297d0?auto=format&fit=crop&w=1200&q=80,"{寺庙道观,大同市,山西省}"
1704,黄花公园,大同市,"",1,4.20,0,generic_unsplash_fallback,https://images.unsplash.com/photo-1500530855697-b586d89ba3ee?auto=format&fit=crop&w=1200&q=80,https://images.unsplash.com/photo-1500530855697-b586d89ba3ee?auto=format&fit=crop&w=1200&q=80,"{公园,大同市,山西省}"
1669,汇智公园,大同市,园丰街与汇智西路交叉口东北180米,1,4.20,0,generic_unsplash_fallback,https://images.unsplash.com/photo-1500530855697-b586d89ba3ee?auto=format&fit=crop&w=1200&q=80,https://images.unsplash.com/photo-1500530855697-b586d89ba3ee?auto=format&fit=crop&w=1200&q=80,"{公园,大同市,山西省}"
1698,街心公园,大同市,武灵镇新华街,1,4.20,0,generic_unsplash_fallback,https://images.unsplash.com/photo-1500530855697-b586d89ba3ee?auto=format&fit=crop&w=1200&q=80,https://images.unsplash.com/photo-1500530855697-b586d89ba3ee?auto=format&fit=crop&w=1200&q=80,"{公园,大同市,山西省}"
1685,晋华宫国家矿山公园,大同市,云冈镇晋福路晋华宫中学西南990米,1,4.20,0,generic_unsplash_fallback,https://images.unsplash.com/photo-1500530855697-b586d89ba3ee?auto=format&fit=crop&w=1200&q=80,https://images.unsplash.com/photo-1500530855697-b586d89ba3ee?auto=format&fit=crop&w=1200&q=80,"{公园,大同市,山西省}"
1645,九龙壁,大同市,大同古城大东街18号,1,4.20,0,generic_unsplash_fallback,https://images.unsplash.com/photo-1469854523086-cc02fe5d8800?auto=format&fit=crop&w=1200&q=80,https://images.unsplash.com/photo-1469854523086-cc02fe5d8800?auto=format&fit=crop&w=1200&q=80,"{风景名胜,大同市,山西省}"
1697,口泉公园,大同市,泉华街云冈区人民医院往南约300米,1,4.20,0,generic_unsplash_fallback,https://images.unsplash.com/photo-1500530855697-b586d89ba3ee?auto=format&fit=crop&w=1200&q=80,https://images.unsplash.com/photo-1500530855697-b586d89ba3ee?auto=format&fit=crop&w=1200&q=80,"{公园,大同市,山西省}"
1673,魁星楼,大同市,大同古城-大北街6号,1,4.20,0,generic_unsplash_fallback,https://images.unsplash.com/photo-1469854523086-cc02fe5d8800?auto=format&fit=crop&w=1200&q=80,https://images.unsplash.com/photo-1469854523086-cc02fe5d8800?auto=format&fit=crop&w=1200&q=80,"{旅游景点,大同市,山西省}"
1666,梁思成纪念馆,大同市,御河西路和阳门广场北四合院,1,4.20,0,generic_unsplash_fallback,https://images.unsplash.com/photo-1469854523086-cc02fe5d8800?auto=format&fit=crop&w=1200&q=80,https://images.unsplash.com/photo-1469854523086-cc02fe5d8800?auto=format&fit=crop&w=1200&q=80,"{纪念馆,大同市,山西省}"
1681,绿轴公园,大同市,西京街路北,1,4.20,0,generic_unsplash_fallback,https://images.unsplash.com/photo-1500530855697-b586d89ba3ee?auto=format&fit=crop&w=1200&q=80,https://images.unsplash.com/photo-1500530855697-b586d89ba3ee?auto=format&fit=crop&w=1200&q=80,"{风景名胜,大同市,山西省}"
1691,南城墙带状公园音乐喷泉广场,大同市,大同古城-北都街,1,4.20,0,generic_unsplash_fallback,https://images.unsplash.com/photo-1500530855697-b586d89ba3ee?auto=format&fit=crop&w=1200&q=80,https://images.unsplash.com/photo-1500530855697-b586d89ba3ee?auto=format&fit=crop&w=1200&q=80,"{风景名胜,大同市,山西省}"
1696,氢都文化公园,大同市,云州街,1,4.20,0,generic_unsplash_fallback,https://images.unsplash.com/photo-1500530855697-b586d89ba3ee?auto=format&fit=crop&w=1200&q=80,https://images.unsplash.com/photo-1500530855697-b586d89ba3ee?auto=format&fit=crop&w=1200&q=80,"{公园广场,大同市,山西省}"
1668,清远门广场,大同市,大同古城魏都大道东侧,1,4.20,0,generic_unsplash_fallback,https://images.unsplash.com/photo-1444723121867-7a241cacace9?auto=format&fit=crop&w=1200&q=80,https://images.unsplash.com/photo-1444723121867-7a241cacace9?auto=format&fit=crop&w=1200&q=80,"{城市广场,大同市,山西省}"
1676,清真大寺,大同市,大同古城-大西街九楼巷5号,1,4.20,0,generic_unsplash_fallback,https://images.unsplash.com/photo-1513415756790-2ac1db1297d0?auto=format&fit=crop&w=1200&q=80,https://images.unsplash.com/photo-1513415756790-2ac1db1297d0?auto=format&fit=crop&w=1200&q=80,"{回教寺,大同市,山西省}"
1693,山西神溪国家湿地公园,大同市,永安镇神溪村,1,4.20,0,generic_unsplash_fallback,https://images.unsplash.com/photo-1500530855697-b586d89ba3ee?auto=format&fit=crop&w=1200&q=80,https://images.unsplash.com/photo-1500530855697-b586d89ba3ee?auto=format&fit=crop&w=1200&q=80,"{公园,大同市,山西省}"
1648,善化古寺,大同市,大同古城南寺街6号(近楼房巷),1,4.20,0,generic_unsplash_fallback,https://images.unsplash.com/photo-1513415756790-2ac1db1297d0?auto=format&fit=crop&w=1200&q=80,https://images.unsplash.com/photo-1513415756790-2ac1db1297d0?auto=format&fit=crop&w=1200&q=80,"{寺庙道观,大同市,山西省}"
1686,十里河森林公园,大同市,大庆路车管所往西800米,1,4.20,0,generic_unsplash_fallback,https://images.unsplash.com/photo-1500530855697-b586d89ba3ee?auto=format&fit=crop&w=1200&q=80,https://images.unsplash.com/photo-1500530855697-b586d89ba3ee?auto=format&fit=crop&w=1200&q=80,"{公园,大同市,山西省}"
1664,水之浯公园,大同市,恒安街461号,1,4.20,0,generic_unsplash_fallback,https://images.unsplash.com/photo-1500530855697-b586d89ba3ee?auto=format&fit=crop&w=1200&q=80,https://images.unsplash.com/photo-1500530855697-b586d89ba3ee?auto=format&fit=crop&w=1200&q=80,"{公园,大同市,山西省}"
1659,四牌楼,大同市,大同古城清远西街6-7,1,4.20,0,generic_unsplash_fallback,https://images.unsplash.com/photo-1469854523086-cc02fe5d8800?auto=format&fit=crop&w=1200&q=80,https://images.unsplash.com/photo-1469854523086-cc02fe5d8800?auto=format&fit=crop&w=1200&q=80,"{旅游景点,大同市,山西省}"
1667,太阳广场,大同市,文瀛北路,1,4.20,0,generic_unsplash_fallback,https://images.unsplash.com/photo-1444723121867-7a241cacace9?auto=format&fit=crop&w=1200&q=80,https://images.unsplash.com/photo-1444723121867-7a241cacace9?auto=format&fit=crop&w=1200&q=80,"{城市广场,大同市,山西省}"
1692,唐河公园,大同市,振华西街,1,4.20,0,generic_unsplash_fallback,https://images.unsplash.com/photo-1500530855697-b586d89ba3ee?auto=format&fit=crop&w=1200&q=80,https://images.unsplash.com/photo-1500530855697-b586d89ba3ee?auto=format&fit=crop&w=1200&q=80,"{公园,大同市,山西省}"
1682,文瀛广场,大同市,西京街与文瀛南路交叉口东200米,1,4.20,0,generic_unsplash_fallback,https://images.unsplash.com/photo-1444723121867-7a241cacace9?auto=format&fit=crop&w=1200&q=80,https://images.unsplash.com/photo-1444723121867-7a241cacace9?auto=format&fit=crop&w=1200&q=80,"{城市广场,大同市,山西省}"
1652,文瀛湖沙滩,大同市,富安路b15-207号,1,4.20,0,generic_unsplash_fallback,https://images.unsplash.com/photo-1469854523086-cc02fe5d8800?auto=format&fit=crop&w=1200&q=80,https://images.unsplash.com/photo-1469854523086-cc02fe5d8800?auto=format&fit=crop&w=1200&q=80,"{海滩,大同市,山西省}"
1703,武灵王主题公园,大同市,武灵王主题公园东侧,1,4.20,0,generic_unsplash_fallback,https://images.unsplash.com/photo-1500530855697-b586d89ba3ee?auto=format&fit=crop&w=1200&q=80,https://images.unsplash.com/photo-1500530855697-b586d89ba3ee?auto=format&fit=crop&w=1200&q=80,"{公园,大同市,山西省}"
1694,西花园,大同市,南寺街6号(近楼房巷)善化古寺内(西侧),1,4.20,0,generic_unsplash_fallback,https://images.unsplash.com/photo-1469854523086-cc02fe5d8800?auto=format&fit=crop&w=1200&q=80,https://images.unsplash.com/photo-1469854523086-cc02fe5d8800?auto=format&fit=crop&w=1200&q=80,"{旅游景点,大同市,山西省}"
1702,西坪公园,大同市,坪邑西街北50米,1,4.20,0,generic_unsplash_fallback,https://images.unsplash.com/photo-1500530855697-b586d89ba3ee?auto=format&fit=crop&w=1200&q=80,https://images.unsplash.com/photo-1500530855697-b586d89ba3ee?auto=format&fit=crop&w=1200&q=80,"{公园,大同市,山西省}"
1713,阳和公园,大同市,阳和大道附近,1,4.20,0,generic_unsplash_fallback,https://images.unsplash.com/photo-1500530855697-b586d89ba3ee?auto=format&fit=crop&w=1200&q=80,https://images.unsplash.com/photo-1500530855697-b586d89ba3ee?auto=format&fit=crop&w=1200&q=80,"{公园,大同市,山西省}"
1665,御河生态林,大同市,御河东路西侧,1,4.20,0,generic_unsplash_fallback,https://images.unsplash.com/photo-1500530855697-b586d89ba3ee?auto=format&fit=crop&w=1200&q=80,https://images.unsplash.com/photo-1500530855697-b586d89ba3ee?auto=format&fit=crop&w=1200&q=80,"{公园,大同市,山西省}"
1660,云冈石窟,大同市,晋福花园东北侧,1,4.20,0,generic_unsplash_fallback,https://images.unsplash.com/photo-1469854523086-cc02fe5d8800?auto=format&fit=crop&w=1200&q=80,https://images.unsplash.com/photo-1469854523086-cc02fe5d8800?auto=format&fit=crop&w=1200&q=80,"{世界遗产,大同市,山西省}"
1707,云州区火山公园,大同市,大同火山群国家地质公园(西南角),1,4.20,0,generic_unsplash_fallback,https://images.unsplash.com/photo-1500530855697-b586d89ba3ee?auto=format&fit=crop&w=1200&q=80,https://images.unsplash.com/photo-1500530855697-b586d89ba3ee?auto=format&fit=crop&w=1200&q=80,"{公园,大同市,山西省}"
1679,智家堡公园,大同市,开源街与友谊街交叉口,1,4.20,0,generic_unsplash_fallback,https://images.unsplash.com/photo-1500530855697-b586d89ba3ee?auto=format&fit=crop&w=1200&q=80,https://images.unsplash.com/photo-1500530855697-b586d89ba3ee?auto=format&fit=crop&w=1200&q=80,"{公园,大同市,山西省}"
1706,梓家村森林公园,大同市,北环桥附近,1,4.20,0,generic_unsplash_fallback,https://images.unsplash.com/photo-1500530855697-b586d89ba3ee?auto=format&fit=crop&w=1200&q=80,https://images.unsplash.com/photo-1500530855697-b586d89ba3ee?auto=format&fit=crop&w=1200&q=80,"{公园,大同市,山西省}"
1104,爱情岛,福州市,上渡街道三县洲大桥桥下,1,4.20,0,generic_unsplash_fallback,https://images.unsplash.com/photo-1469854523086-cc02fe5d8800?auto=format&fit=crop&w=1200&q=80,https://images.unsplash.com/photo-1469854523086-cc02fe5d8800?auto=format&fit=crop&w=1200&q=80,"{风景名胜,福州市,福建省}"
1083,爱心树,福州市,三坊七巷南后街,1,4.20,0,generic_unsplash_fallback,https://images.unsplash.com/photo-1469854523086-cc02fe5d8800?auto=format&fit=crop&w=1200&q=80,https://images.unsplash.com/photo-1469854523086-cc02fe5d8800?auto=format&fit=crop&w=1200&q=80,"{风景名胜,福州市,福建省}"
1110,白马河公园,福州市,白马北路174号,1,4.20,0,generic_unsplash_fallback,https://images.unsplash.com/photo-1500530855697-b586d89ba3ee?auto=format&fit=crop&w=1200&q=80,https://images.unsplash.com/photo-1500530855697-b586d89ba3ee?auto=format&fit=crop&w=1200&q=80,"{公园,福州市,福建省}"
1141,白沙公园,福州市,"",1,4.20,0,generic_unsplash_fallback,https://images.unsplash.com/photo-1500530855697-b586d89ba3ee?auto=format&fit=crop&w=1200&q=80,https://images.unsplash.com/photo-1500530855697-b586d89ba3ee?auto=format&fit=crop&w=1200&q=80,"{公园,福州市,福建省}"
1133,缤纷园,福州市,江滨西大道133号闽江公园北园(东南角),1,4.20,0,generic_unsplash_fallback,https://images.unsplash.com/photo-1500530855697-b586d89ba3ee?auto=format&fit=crop&w=1200&q=80,https://images.unsplash.com/photo-1500530855697-b586d89ba3ee?auto=format&fit=crop&w=1200&q=80,"{公园,福州市,福建省}"
1102,茶亭公园,福州市,广达路166号(茶亭地铁站D东南口步行340米),1,4.20,0,generic_unsplash_fallback,https://images.unsplash.com/photo-1500530855697-b586d89ba3ee?auto=format&fit=crop&w=1200&q=80,https://images.unsplash.com/photo-1500530855697-b586d89ba3ee?auto=format&fit=crop&w=1200&q=80,"{公园,福州市,福建省}"
1092,福道,福州市,洪山镇西环北路110号附近,1,4.20,0,generic_unsplash_fallback,https://images.unsplash.com/photo-1469854523086-cc02fe5d8800?auto=format&fit=crop&w=1200&q=80,https://images.unsplash.com/photo-1469854523086-cc02fe5d8800?auto=format&fit=crop&w=1200&q=80,"{旅游景点,福州市,福建省}"
1121,福建省非物质文化遗产博览苑,福州市,南街街道南后街(三坊七巷)82号,1,4.20,0,generic_unsplash_fallback,https://images.unsplash.com/photo-1469854523086-cc02fe5d8800?auto=format&fit=crop&w=1200&q=80,https://images.unsplash.com/photo-1469854523086-cc02fe5d8800?auto=format&fit=crop&w=1200&q=80,"{旅游景点,福州市,福建省}"
1139,福山郊野公园,福州市,福州大学铜盘校区西北100米,1,4.20,0,generic_unsplash_fallback,https://images.unsplash.com/photo-1500530855697-b586d89ba3ee?auto=format&fit=crop&w=1200&q=80,https://images.unsplash.com/photo-1500530855697-b586d89ba3ee?auto=format&fit=crop&w=1200&q=80,"{公园,福州市,福建省}"
1115,福州白塔定光寺,福州市,安泰街道于山路9号(南门兜地铁站M口步行60米),1,4.20,0,generic_unsplash_fallback,https://images.unsplash.com/photo-1513415756790-2ac1db1297d0?auto=format&fit=crop&w=1200&q=80,https://images.unsplash.com/photo-1513415756790-2ac1db1297d0?auto=format&fit=crop&w=1200&q=80,"{寺庙道观,福州市,福建省}"
1124,福州国家森林公园,福州市,新店上赤桥,1,4.20,0,generic_unsplash_fallback,https://images.unsplash.com/photo-1500530855697-b586d89ba3ee?auto=format&fit=crop&w=1200&q=80,https://images.unsplash.com/photo-1500530855697-b586d89ba3ee?auto=format&fit=crop&w=1200&q=80,"{国家级景点,福州市,福建省}"
1123,福州花海公园,福州市,南江滨西大道(花海公园地铁站出口旁),1,4.20,0,generic_unsplash_fallback,https://images.unsplash.com/photo-1500530855697-b586d89ba3ee?auto=format&fit=crop&w=1200&q=80,https://images.unsplash.com/photo-1500530855697-b586d89ba3ee?auto=format&fit=crop&w=1200&q=80,"{公园,福州市,福建省}"
1097,福州开元寺,福州市,开元路78号开元寺内平房,1,4.20,0,generic_unsplash_fallback,https://images.unsplash.com/photo-1513415756790-2ac1db1297d0?auto=format&fit=crop&w=1200&q=80,https://images.unsplash.com/photo-1513415756790-2ac1db1297d0?auto=format&fit=crop&w=1200&q=80,"{寺庙道观,福州市,福建省}"
1120,福州市博物馆,福州市,文博路8号,1,4.20,0,generic_unsplash_fallback,https://images.unsplash.com/photo-1566127992631-137a642a90f4?auto=format&fit=crop&w=1200&q=80,https://images.unsplash.com/photo-1566127992631-137a642a90f4?auto=format&fit=crop&w=1200&q=80,"{旅游景点,福州市,福建省}"
1103,福州文庙,福州市,安泰街道圣庙路10号,1,4.20,0,generic_unsplash_fallback,https://images.unsplash.com/photo-1513415756790-2ac1db1297d0?auto=format&fit=crop&w=1200&q=80,https://images.unsplash.com/photo-1513415756790-2ac1db1297d0?auto=format&fit=crop&w=1200&q=80,"{寺庙道观,福州市,福建省}"
1087,福州熊猫世界,福州市,梦山路88号,1,4.20,0,generic_unsplash_fallback,https://images.unsplash.com/photo-1469854523086-cc02fe5d8800?auto=format&fit=crop&w=1200&q=80,https://images.unsplash.com/photo-1469854523086-cc02fe5d8800?auto=format&fit=crop&w=1200&q=80,"{动物园,福州市,福建省}"
1131,猴屿洞天岩景区,福州市,猴屿乡猴屿村,1,4.20,0,generic_unsplash_fallback,https://images.unsplash.com/photo-1500530855697-b586d89ba3ee?auto=format&fit=crop&w=1200&q=80,https://images.unsplash.com/photo-1500530855697-b586d89ba3ee?auto=format&fit=crop&w=1200&q=80,"{公园,福州市,福建省}"
1136,茭南平流尾地质公园,福州市,茭南村,1,4.20,0,generic_unsplash_fallback,https://images.unsplash.com/photo-1500530855697-b586d89ba3ee?auto=format&fit=crop&w=1200&q=80,https://images.unsplash.com/photo-1500530855697-b586d89ba3ee?auto=format&fit=crop&w=1200&q=80,"{公园,福州市,福建省}"
1105,金鸡山公园,福州市,金鸡山路60号(三角池地铁站A口步行960米),1,4.20,0,generic_unsplash_fallback,https://images.unsplash.com/photo-1500530855697-b586d89ba3ee?auto=format&fit=crop&w=1200&q=80,https://images.unsplash.com/photo-1500530855697-b586d89ba3ee?auto=format&fit=crop&w=1200&q=80,"{公园,福州市,福建省}"
1147,金牛山公园,福州市,西洪路598号(金牛山地铁站B口步行36米),1,4.20,0,generic_unsplash_fallback,https://images.unsplash.com/photo-1500530855697-b586d89ba3ee?auto=format&fit=crop&w=1200&q=80,https://images.unsplash.com/photo-1500530855697-b586d89ba3ee?auto=format&fit=crop&w=1200&q=80,"{公园,福州市,福建省}"
1130,金沙飞舞,福州市,南江滨东大道北(加油站正对面),1,4.20,0,generic_unsplash_fallback,https://images.unsplash.com/photo-1500530855697-b586d89ba3ee?auto=format&fit=crop&w=1200&q=80,https://images.unsplash.com/photo-1500530855697-b586d89ba3ee?auto=format&fit=crop&w=1200&q=80,"{公园,福州市,福建省}"
1138,金山公园,福州市,金山街道洪湾路533号,1,4.20,0,generic_unsplash_fallback,https://images.unsplash.com/photo-1500530855697-b586d89ba3ee?auto=format&fit=crop&w=1200&q=80,https://images.unsplash.com/photo-1500530855697-b586d89ba3ee?auto=format&fit=crop&w=1200&q=80,"{公园,福州市,福建省}"
1107,晋安湖公园,福州市,化工路43号(横屿地铁站C口步行378米),1,4.20,0,generic_unsplash_fallback,https://images.unsplash.com/photo-1500530855697-b586d89ba3ee?auto=format&fit=crop&w=1200&q=80,https://images.unsplash.com/photo-1500530855697-b586d89ba3ee?auto=format&fit=crop&w=1200&q=80,"{公园,福州市,福建省}"
1134,琅岐红光湖公园,福州市,琅岐镇环岛路,1,4.20,0,generic_unsplash_fallback,https://images.unsplash.com/photo-1500530855697-b586d89ba3ee?auto=format&fit=crop&w=1200&q=80,https://images.unsplash.com/photo-1500530855697-b586d89ba3ee?auto=format&fit=crop&w=1200&q=80,"{公园,福州市,福建省}"
1094,黎明湖公园,福州市,乌山路福州市委旁边(黎明戴斯大酒店),1,4.20,0,generic_unsplash_fallback,https://images.unsplash.com/photo-1500530855697-b586d89ba3ee?auto=format&fit=crop&w=1200&q=80,https://images.unsplash.com/photo-1500530855697-b586d89ba3ee?auto=format&fit=crop&w=1200&q=80,"{公园,福州市,福建省}"
1082,林则徐纪念馆,福州市,澳门路16号(南门兜地铁站L口步行420米),1,4.20,0,generic_unsplash_fallback,https://images.unsplash.com/photo-1469854523086-cc02fe5d8800?auto=format&fit=crop&w=1200&q=80,https://images.unsplash.com/photo-1469854523086-cc02fe5d8800?auto=format&fit=crop&w=1200&q=80,"{纪念馆,福州市,福建省}"
1112,林则徐宅与祠,福州市,鼓西街道保定社区文北路31号,1,4.20,0,generic_unsplash_fallback,https://images.unsplash.com/photo-1469854523086-cc02fe5d8800?auto=format&fit=crop&w=1200&q=80,https://images.unsplash.com/photo-1469854523086-cc02fe5d8800?auto=format&fit=crop&w=1200&q=80,"{纪念馆,福州市,福建省}"
1149,灵石山国家森林公园,福州市,东张镇境内,1,4.20,0,generic_unsplash_fallback,https://images.unsplash.com/photo-1500530855697-b586d89ba3ee?auto=format&fit=crop&w=1200&q=80,https://images.unsplash.com/photo-1500530855697-b586d89ba3ee?auto=format&fit=crop&w=1200&q=80,"{省级景点,福州市,福建省}"
1126,龙王头海洋公园,福州市,平潭岛,1,4.20,0,generic_unsplash_fallback,https://images.unsplash.com/photo-1500530855697-b586d89ba3ee?auto=format&fit=crop&w=1200&q=80,https://images.unsplash.com/photo-1500530855697-b586d89ba3ee?auto=format&fit=crop&w=1200&q=80,"{公园,福州市,福建省}"
1146,罗星塔公园,福州市,罗星街道港口路83号,1,4.20,0,generic_unsplash_fallback,https://images.unsplash.com/photo-1500530855697-b586d89ba3ee?auto=format&fit=crop&w=1200&q=80,https://images.unsplash.com/photo-1500530855697-b586d89ba3ee?auto=format&fit=crop&w=1200&q=80,"{公园,福州市,福建省}"
1096,闽江公园,福州市,江滨大道1号,1,4.20,0,generic_unsplash_fallback,https://images.unsplash.com/photo-1500530855697-b586d89ba3ee?auto=format&fit=crop&w=1200&q=80,https://images.unsplash.com/photo-1500530855697-b586d89ba3ee?auto=format&fit=crop&w=1200&q=80,"{公园,福州市,福建省}"
1098,闽江公园北园,福州市,江滨西大道133号,1,4.20,0,generic_unsplash_fallback,https://images.unsplash.com/photo-1500530855697-b586d89ba3ee?auto=format&fit=crop&w=1200&q=80,https://images.unsplash.com/photo-1500530855697-b586d89ba3ee?auto=format&fit=crop&w=1200&q=80,"{公园,福州市,福建省}"
1140,闽江河口国家湿地公园,福州市,201省道,1,4.20,0,generic_unsplash_fallback,https://images.unsplash.com/photo-1500530855697-b586d89ba3ee?auto=format&fit=crop&w=1200&q=80,https://images.unsplash.com/photo-1500530855697-b586d89ba3ee?auto=format&fit=crop&w=1200&q=80,"{公园,福州市,福建省}"
1108,闽江夜游,福州市,江滨中大道86-7,1,4.20,0,generic_unsplash_fallback,https://images.unsplash.com/photo-1469854523086-cc02fe5d8800?auto=format&fit=crop&w=1200&q=80,https://images.unsplash.com/photo-1469854523086-cc02fe5d8800?auto=format&fit=crop&w=1200&q=80,"{风景名胜,福州市,福建省}"
1148,南江滨生态公园-金沙公园,福州市,南江滨东大道三江口生态公园,1,4.20,0,generic_unsplash_fallback,https://images.unsplash.com/photo-1500530855697-b586d89ba3ee?auto=format&fit=crop&w=1200&q=80,https://images.unsplash.com/photo-1500530855697-b586d89ba3ee?auto=format&fit=crop&w=1200&q=80,"{公园,福州市,福建省}"
1144,南山公园,福州市,吴航街道吴航街道吴航街道吴航街道南山南路,1,4.20,0,generic_unsplash_fallback,https://images.unsplash.com/photo-1500530855697-b586d89ba3ee?auto=format&fit=crop&w=1200&q=80,https://images.unsplash.com/photo-1500530855697-b586d89ba3ee?auto=format&fit=crop&w=1200&q=80,"{公园,福州市,福建省}"
1135,牛岗山公园,福州市,鹤林路牛岗山(竹屿地铁站A2口步行843米),1,4.20,0,generic_unsplash_fallback,https://images.unsplash.com/photo-1500530855697-b586d89ba3ee?auto=format&fit=crop&w=1200&q=80,https://images.unsplash.com/photo-1500530855697-b586d89ba3ee?auto=format&fit=crop&w=1200&q=80,"{公园,福州市,福建省}"
1106,屏山公园,福州市,华大街道华大街道华大街道华大街道华大街道福飞南路139号,1,4.20,0,generic_unsplash_fallback,https://images.unsplash.com/photo-1500530855697-b586d89ba3ee?auto=format&fit=crop&w=1200&q=80,https://images.unsplash.com/photo-1500530855697-b586d89ba3ee?auto=format&fit=crop&w=1200&q=80,"{公园,福州市,福建省}"
1127,旗山湖公园,福州市,X117 福建理工大学东侧约110米,1,4.20,0,generic_unsplash_fallback,https://images.unsplash.com/photo-1500530855697-b586d89ba3ee?auto=format&fit=crop&w=1200&q=80,https://images.unsplash.com/photo-1500530855697-b586d89ba3ee?auto=format&fit=crop&w=1200&q=80,"{公园,福州市,福建省}"
1132,琴亭湖公园,福州市,秀峰路与北三环路交叉口,1,4.20,0,generic_unsplash_fallback,https://images.unsplash.com/photo-1500530855697-b586d89ba3ee?auto=format&fit=crop&w=1200&q=80,https://images.unsplash.com/photo-1500530855697-b586d89ba3ee?auto=format&fit=crop&w=1200&q=80,"{公园,福州市,福建省}"
1081,三坊七巷,福州市,南后街139号,1,4.20,0,generic_unsplash_fallback,https://images.unsplash.com/photo-1469854523086-cc02fe5d8800?auto=format&fit=crop&w=1200&q=80,https://images.unsplash.com/photo-1469854523086-cc02fe5d8800?auto=format&fit=crop&w=1200&q=80,"{国家级景点,福州市,福建省}"
1129,三江口生态公园,福州市,南江滨东大道,1,4.20,0,generic_unsplash_fallback,https://images.unsplash.com/photo-1500530855697-b586d89ba3ee?auto=format&fit=crop&w=1200&q=80,https://images.unsplash.com/photo-1500530855697-b586d89ba3ee?auto=format&fit=crop&w=1200&q=80,"{公园,福州市,福建省}"
1095,三通桥,福州市,苍霞街道中亭街三通路嘉同便利店,1,4.20,0,generic_unsplash_fallback,https://images.unsplash.com/photo-1469854523086-cc02fe5d8800?auto=format&fit=crop&w=1200&q=80,https://images.unsplash.com/photo-1469854523086-cc02fe5d8800?auto=format&fit=crop&w=1200&q=80,"{旅游景点,福州市,福建省}"
1128,沙滩公园,福州市,西三环路66号,1,4.20,0,generic_unsplash_fallback,https://images.unsplash.com/photo-1500530855697-b586d89ba3ee?auto=format&fit=crop&w=1200&q=80,https://images.unsplash.com/photo-1500530855697-b586d89ba3ee?auto=format&fit=crop&w=1200&q=80,"{公园,福州市,福建省}"
1122,上下杭风景,福州市,三通路1-12号,1,4.20,0,generic_unsplash_fallback,https://images.unsplash.com/photo-1469854523086-cc02fe5d8800?auto=format&fit=crop&w=1200&q=80,https://images.unsplash.com/photo-1469854523086-cc02fe5d8800?auto=format&fit=crop&w=1200&q=80,"{风景名胜,福州市,福建省}"
1086,上下杭历史文化街区,福州市,星河巷星安桥路82号,1,4.20,0,generic_unsplash_fallback,https://images.unsplash.com/photo-1519608487953-e999c86e7455?auto=format&fit=crop&w=1200&q=80,https://images.unsplash.com/photo-1519608487953-e999c86e7455?auto=format&fit=crop&w=1200&q=80,"{旅游景点,福州市,福建省}"
1101,温泉公园,福州市,温泉公园路8号,1,4.20,0,generic_unsplash_fallback,https://images.unsplash.com/photo-1500530855697-b586d89ba3ee?auto=format&fit=crop&w=1200&q=80,https://images.unsplash.com/photo-1500530855697-b586d89ba3ee?auto=format&fit=crop&w=1200&q=80,"{公园,福州市,福建省}"
1142,乌龙江湿地公园,福州市,乌龙江畔三环快速路辅道,1,4.20,0,generic_unsplash_fallback,https://images.unsplash.com/photo-1500530855697-b586d89ba3ee?auto=format&fit=crop&w=1200&q=80,https://images.unsplash.com/photo-1500530855697-b586d89ba3ee?auto=format&fit=crop&w=1200&q=80,"{公园,福州市,福建省}"
1089,乌山历史风貌区,福州市,道山路251号,1,4.20,0,generic_unsplash_fallback,https://images.unsplash.com/photo-1469854523086-cc02fe5d8800?auto=format&fit=crop&w=1200&q=80,https://images.unsplash.com/photo-1469854523086-cc02fe5d8800?auto=format&fit=crop&w=1200&q=80,"{风景名胜,福州市,福建省}"
1116,乌塔公园,福州市,乌石山东麓(南门兜地铁站B西口步行150米),1,4.20,0,generic_unsplash_fallback,https://images.unsplash.com/photo-1500530855697-b586d89ba3ee?auto=format&fit=crop&w=1200&q=80,https://images.unsplash.com/photo-1500530855697-b586d89ba3ee?auto=format&fit=crop&w=1200&q=80,"{公园,福州市,福建省}"
1137,五虎山国家森林公园,福州市,祥谦镇澜澄村,1,4.20,0,generic_unsplash_fallback,https://images.unsplash.com/photo-1500530855697-b586d89ba3ee?auto=format&fit=crop&w=1200&q=80,https://images.unsplash.com/photo-1500530855697-b586d89ba3ee?auto=format&fit=crop&w=1200&q=80,"{公园,福州市,福建省}"
1088,五一广场,福州市,古田路32号,1,4.20,0,generic_unsplash_fallback,https://images.unsplash.com/photo-1444723121867-7a241cacace9?auto=format&fit=crop&w=1200&q=80,https://images.unsplash.com/photo-1444723121867-7a241cacace9?auto=format&fit=crop&w=1200&q=80,"{城市广场,福州市,福建省}"
1085,西禅古寺,福州市,工业路455号(凤凰池地铁站D口步行790米),1,4.20,0,generic_unsplash_fallback,https://images.unsplash.com/photo-1513415756790-2ac1db1297d0?auto=format&fit=crop&w=1200&q=80,https://images.unsplash.com/photo-1513415756790-2ac1db1297d0?auto=format&fit=crop&w=1200&q=80,"{寺庙道观,福州市,福建省}"
1084,西湖公园,福州市,湖滨路70号(西门地铁站B口步行533米),1,4.20,0,generic_unsplash_fallback,https://images.unsplash.com/photo-1500530855697-b586d89ba3ee?auto=format&fit=crop&w=1200&q=80,https://images.unsplash.com/photo-1500530855697-b586d89ba3ee?auto=format&fit=crop&w=1200&q=80,"{公园,福州市,福建省}"
1118,小黄楼,福州市,南街街道黄巷中段北侧36号,1,4.20,0,generic_unsplash_fallback,https://images.unsplash.com/photo-1469854523086-cc02fe5d8800?auto=format&fit=crop&w=1200&q=80,https://images.unsplash.com/photo-1469854523086-cc02fe5d8800?auto=format&fit=crop&w=1200&q=80,"{国家级景点,福州市,福建省}"
1093,烟台山公园,福州市,仓前街道梅坞路14号,1,4.20,0,generic_unsplash_fallback,https://images.unsplash.com/photo-1500530855697-b586d89ba3ee?auto=format&fit=crop&w=1200&q=80,https://images.unsplash.com/photo-1500530855697-b586d89ba3ee?auto=format&fit=crop&w=1200&q=80,"{公园,福州市,福建省}"
1111,烟台山最美转角,福州市,立新路与万春巷交叉口东南20米,1,4.20,0,generic_unsplash_fallback,https://images.unsplash.com/photo-1469854523086-cc02fe5d8800?auto=format&fit=crop&w=1200&q=80,https://images.unsplash.com/photo-1469854523086-cc02fe5d8800?auto=format&fit=crop&w=1200&q=80,"{风景名胜,福州市,福建省}"
1117,冶山春秋园,福州市,鼓东街道冶山路33号(屏山地铁站D口步行220米),1,4.20,0,generic_unsplash_fallback,https://images.unsplash.com/photo-1500530855697-b586d89ba3ee?auto=format&fit=crop&w=1200&q=80,https://images.unsplash.com/photo-1500530855697-b586d89ba3ee?auto=format&fit=crop&w=1200&q=80,"{公园,福州市,福建省}"
1090,于山风景名胜公园,福州市,法海路23-1号(南门兜地铁站M口步行30米),1,4.20,0,generic_unsplash_fallback,https://images.unsplash.com/photo-1500530855697-b586d89ba3ee?auto=format&fit=crop&w=1200&q=80,https://images.unsplash.com/photo-1500530855697-b586d89ba3ee?auto=format&fit=crop&w=1200&q=80,"{国家级景点,福州市,福建省}"
1119,镇海楼,福州市,福飞南路139号(屏山公园内),1,4.20,0,generic_unsplash_fallback,https://images.unsplash.com/photo-1469854523086-cc02fe5d8800?auto=format&fit=crop&w=1200&q=80,https://images.unsplash.com/photo-1469854523086-cc02fe5d8800?auto=format&fit=crop&w=1200&q=80,"{风景名胜,福州市,福建省}"
1125,中国船政文化景区,福州市,港口路147号,1,4.20,0,generic_unsplash_fallback,https://images.unsplash.com/photo-1500530855697-b586d89ba3ee?auto=format&fit=crop&w=1200&q=80,https://images.unsplash.com/photo-1500530855697-b586d89ba3ee?auto=format&fit=crop&w=1200&q=80,"{公园,福州市,福建省}"
226,爱群大厦,广州市,沿江西路113号,1,4.20,0,generic_unsplash_fallback,https://images.unsplash.com/photo-1469854523086-cc02fe5d8800?auto=format&fit=crop&w=1200&q=80,https://images.unsplash.com/photo-1469854523086-cc02fe5d8800?auto=format&fit=crop&w=1200&q=80,"{风景名胜,广州市,广东省}"
217,爱心树,广州市,北京路地铁A2口(北京路地铁站A2口旁),1,4.20,0,generic_unsplash_fallback,https://images.unsplash.com/photo-1469854523086-cc02fe5d8800?auto=format&fit=crop&w=1200&q=80,https://images.unsplash.com/photo-1469854523086-cc02fe5d8800?auto=format&fit=crop&w=1200&q=80,"{风景名胜,广州市,广东省}"
259,白江湖森林公园,广州市,正果镇浪拔村,1,4.20,0,generic_unsplash_fallback,https://images.unsplash.com/photo-1500530855697-b586d89ba3ee?auto=format&fit=crop&w=1200&q=80,https://images.unsplash.com/photo-1500530855697-b586d89ba3ee?auto=format&fit=crop&w=1200&q=80,"{风景名胜,广州市,广东省}"
185,北京路步行街,广州市,"北京路(地铁1,2号线公园前站E出口步行170米)",1,4.20,0,generic_unsplash_fallback,https://images.unsplash.com/photo-1519608487953-e999c86e7455?auto=format&fit=crop&w=1200&q=80,https://images.unsplash.com/photo-1519608487953-e999c86e7455?auto=format&fit=crop&w=1200&q=80,"{风景名胜,广州市,广东省}"
223,彩虹桥,广州市,西华路115号(地铁8.11号线彩虹桥站D出口步行80米),1,4.20,0,generic_unsplash_fallback,https://images.unsplash.com/photo-1469854523086-cc02fe5d8800?auto=format&fit=crop&w=1200&q=80,https://images.unsplash.com/photo-1469854523086-cc02fe5d8800?auto=format&fit=crop&w=1200&q=80,"{风景名胜,广州市,广东省}"
206,城隍庙,广州市,中山四路忠佑大街48号,1,4.20,0,generic_unsplash_fallback,https://images.unsplash.com/photo-1513415756790-2ac1db1297d0?auto=format&fit=crop&w=1200&q=80,https://images.unsplash.com/photo-1513415756790-2ac1db1297d0?auto=format&fit=crop&w=1200&q=80,"{寺庙道观,广州市,广东省}"
230,大夫山森林公园,广州市,禺山西路668号,1,4.20,0,generic_unsplash_fallback,https://images.unsplash.com/photo-1500530855697-b586d89ba3ee?auto=format&fit=crop&w=1200&q=80,https://images.unsplash.com/photo-1500530855697-b586d89ba3ee?auto=format&fit=crop&w=1200&q=80,"{国家级景点,广州市,广东省}"
187,大佛寺,广州市,惠新中街21号,1,4.20,0,generic_unsplash_fallback,https://images.unsplash.com/photo-1513415756790-2ac1db1297d0?auto=format&fit=crop&w=1200&q=80,https://images.unsplash.com/photo-1513415756790-2ac1db1297d0?auto=format&fit=crop&w=1200&q=80,"{寺庙道观,广州市,广东省}"
247,大湾区中央湿地公园,广州市,新港大道701号,1,4.20,0,generic_unsplash_fallback,https://images.unsplash.com/photo-1500530855697-b586d89ba3ee?auto=format&fit=crop&w=1200&q=80,https://images.unsplash.com/photo-1500530855697-b586d89ba3ee?auto=format&fit=crop&w=1200&q=80,"{风景名胜,广州市,广东省}"
254,滴水岩森林公园,广州市,滴水岩街,1,4.20,0,generic_unsplash_fallback,https://images.unsplash.com/photo-1500530855697-b586d89ba3ee?auto=format&fit=crop&w=1200&q=80,https://images.unsplash.com/photo-1500530855697-b586d89ba3ee?auto=format&fit=crop&w=1200&q=80,"{风景名胜,广州市,广东省}"
204,东山湖公园,广州市,东湖路123号(东湖地铁站B1口旁),1,4.20,0,generic_unsplash_fallback,https://images.unsplash.com/photo-1500530855697-b586d89ba3ee?auto=format&fit=crop&w=1200&q=80,https://images.unsplash.com/photo-1500530855697-b586d89ba3ee?auto=format&fit=crop&w=1200&q=80,"{公园,广州市,广东省}"
260,番禺儿童公园,广州市,迎星中路,1,4.20,0,generic_unsplash_fallback,https://images.unsplash.com/photo-1500530855697-b586d89ba3ee?auto=format&fit=crop&w=1200&q=80,https://images.unsplash.com/photo-1500530855697-b586d89ba3ee?auto=format&fit=crop&w=1200&q=80,"{公园,广州市,广东省}"
190,光孝寺,广州市,光孝路109号,1,4.20,0,generic_unsplash_fallback,https://images.unsplash.com/photo-1513415756790-2ac1db1297d0?auto=format&fit=crop&w=1200&q=80,https://images.unsplash.com/photo-1513415756790-2ac1db1297d0?auto=format&fit=crop&w=1200&q=80,"{寺庙道观,广州市,广东省}"
240,广东花都湖国家湿地公园,广州市,新华路104号,1,4.20,0,generic_unsplash_fallback,https://images.unsplash.com/photo-1500530855697-b586d89ba3ee?auto=format&fit=crop&w=1200&q=80,https://images.unsplash.com/photo-1500530855697-b586d89ba3ee?auto=format&fit=crop&w=1200&q=80,"{公园,广州市,广东省}"
232,广州白云湖公园,广州市,白云湖大道1号,1,4.20,0,generic_unsplash_fallback,https://images.unsplash.com/photo-1500530855697-b586d89ba3ee?auto=format&fit=crop&w=1200&q=80,https://images.unsplash.com/photo-1500530855697-b586d89ba3ee?auto=format&fit=crop&w=1200&q=80,"{省级景点,广州市,广东省}"
213,广州雕塑公园,广州市,下塘西路545号,1,4.20,0,generic_unsplash_fallback,https://images.unsplash.com/photo-1500530855697-b586d89ba3ee?auto=format&fit=crop&w=1200&q=80,https://images.unsplash.com/photo-1500530855697-b586d89ba3ee?auto=format&fit=crop&w=1200&q=80,"{公园,广州市,广东省}"
198,广州动物园,广州市,先烈中路120号,1,4.20,0,generic_unsplash_fallback,https://images.unsplash.com/photo-1469854523086-cc02fe5d8800?auto=format&fit=crop&w=1200&q=80,https://images.unsplash.com/photo-1469854523086-cc02fe5d8800?auto=format&fit=crop&w=1200&q=80,"{动物园,广州市,广东省}"
256,广州国际生物岛,广州市,长洲街道,1,4.20,0,generic_unsplash_fallback,https://images.unsplash.com/photo-1469854523086-cc02fe5d8800?auto=format&fit=crop&w=1200&q=80,https://images.unsplash.com/photo-1469854523086-cc02fe5d8800?auto=format&fit=crop&w=1200&q=80,"{生活服务场所,广州市,广东省}"
242,广州国际生物岛山地公园,广州市,黄埔开发区生物岛(官洲地铁站B口步行200米),1,4.20,0,generic_unsplash_fallback,https://images.unsplash.com/photo-1500530855697-b586d89ba3ee?auto=format&fit=crop&w=1200&q=80,https://images.unsplash.com/photo-1500530855697-b586d89ba3ee?auto=format&fit=crop&w=1200&q=80,"{公园,广州市,广东省}"
234,广州海珠国家湿地公园,广州市,新滘中路168号,1,4.20,0,generic_unsplash_fallback,https://images.unsplash.com/photo-1500530855697-b586d89ba3ee?auto=format&fit=crop&w=1200&q=80,https://images.unsplash.com/photo-1500530855697-b586d89ba3ee?auto=format&fit=crop&w=1200&q=80,"{国家级景点,广州市,广东省}"
197,广州鲁迅纪念馆,广州市,大塘街道文明路215号,1,4.20,0,generic_unsplash_fallback,https://images.unsplash.com/photo-1469854523086-cc02fe5d8800?auto=format&fit=crop&w=1200&q=80,https://images.unsplash.com/photo-1469854523086-cc02fe5d8800?auto=format&fit=crop&w=1200&q=80,"{纪念馆,广州市,广东省}"
225,广州起义纪念馆,广州市,起义路200-1(公园前地铁站J口步行60米),1,4.20,0,generic_unsplash_fallback,https://images.unsplash.com/photo-1469854523086-cc02fe5d8800?auto=format&fit=crop&w=1200&q=80,https://images.unsplash.com/photo-1469854523086-cc02fe5d8800?auto=format&fit=crop&w=1200&q=80,"{纪念馆,广州市,广东省}"
202,广州起义烈士陵园,广州市,中山二路92号,1,4.20,0,generic_unsplash_fallback,https://images.unsplash.com/photo-1469854523086-cc02fe5d8800?auto=format&fit=crop&w=1200&q=80,https://images.unsplash.com/photo-1469854523086-cc02fe5d8800?auto=format&fit=crop&w=1200&q=80,"{国家级景点,广州市,广东省}"
212,广州市白云山风景名胜区,广州市,广园中路801号,1,4.20,0,generic_unsplash_fallback,https://images.unsplash.com/photo-1469854523086-cc02fe5d8800?auto=format&fit=crop&w=1200&q=80,https://images.unsplash.com/photo-1469854523086-cc02fe5d8800?auto=format&fit=crop&w=1200&q=80,"{国家级景点,广州市,广东省}"
236,广州市儿童公园,广州市,齐心路61号(地铁2号线白云公园站D出口步行150米),1,4.20,0,generic_unsplash_fallback,https://images.unsplash.com/photo-1500530855697-b586d89ba3ee?auto=format&fit=crop&w=1200&q=80,https://images.unsplash.com/photo-1500530855697-b586d89ba3ee?auto=format&fit=crop&w=1200&q=80,"{公园,广州市,广东省}"
208,广州塔,广州市,阅江西路222号,1,4.20,0,generic_unsplash_fallback,https://images.unsplash.com/photo-1444723121867-7a241cacace9?auto=format&fit=crop&w=1200&q=80,https://images.unsplash.com/photo-1444723121867-7a241cacace9?auto=format&fit=crop&w=1200&q=80,"{国家级景点,广州市,广东省}"
214,广州文化公园,广州市,西堤二马路37号(近西堤邮局),1,4.20,0,generic_unsplash_fallback,https://images.unsplash.com/photo-1500530855697-b586d89ba3ee?auto=format&fit=crop&w=1200&q=80,https://images.unsplash.com/photo-1500530855697-b586d89ba3ee?auto=format&fit=crop&w=1200&q=80,"{公园,广州市,广东省}"
228,广州站西广场,广州市,环市西路159号(广州火车站地铁站B口步行100米),1,4.20,0,generic_unsplash_fallback,https://images.unsplash.com/photo-1444723121867-7a241cacace9?auto=format&fit=crop&w=1200&q=80,https://images.unsplash.com/photo-1444723121867-7a241cacace9?auto=format&fit=crop&w=1200&q=80,"{城市广场,广州市,广东省}"
229,海幢寺,广州市,南华中路188号,1,4.20,0,generic_unsplash_fallback,https://images.unsplash.com/photo-1513415756790-2ac1db1297d0?auto=format&fit=crop&w=1200&q=80,https://images.unsplash.com/photo-1513415756790-2ac1db1297d0?auto=format&fit=crop&w=1200&q=80,"{寺庙道观,广州市,广东省}"
258,海鸥岛渔人码头公园,广州市,东郊(石楼镇东部、地处珠江入海口、面临狮子洋)海鸥岛内(北侧),1,4.20,0,generic_unsplash_fallback,https://images.unsplash.com/photo-1500530855697-b586d89ba3ee?auto=format&fit=crop&w=1200&q=80,https://images.unsplash.com/photo-1500530855697-b586d89ba3ee?auto=format&fit=crop&w=1200&q=80,"{公园,广州市,广东省}"
233,海心沙亚运公园,广州市,临江大道(海心沙地铁站A口步行380米),1,4.20,0,generic_unsplash_fallback,https://images.unsplash.com/photo-1500530855697-b586d89ba3ee?auto=format&fit=crop&w=1200&q=80,https://images.unsplash.com/photo-1500530855697-b586d89ba3ee?auto=format&fit=crop&w=1200&q=80,"{公园,广州市,广东省}"
261,海珠儿童公园,广州市,广州大道南童悦路,1,4.20,0,generic_unsplash_fallback,https://images.unsplash.com/photo-1500530855697-b586d89ba3ee?auto=format&fit=crop&w=1200&q=80,https://images.unsplash.com/photo-1500530855697-b586d89ba3ee?auto=format&fit=crop&w=1200&q=80,"{公园,广州市,广东省}"
194,海珠广场,广州市,人民街道果菜西社区一德路237号,1,4.20,0,generic_unsplash_fallback,https://images.unsplash.com/photo-1500530855697-b586d89ba3ee?auto=format&fit=crop&w=1200&q=80,https://images.unsplash.com/photo-1500530855697-b586d89ba3ee?auto=format&fit=crop&w=1200&q=80,"{公园广场,广州市,广东省}"
239,海珠湖,广州市,新滘中路168号(地铁3号线大塘站B出口步行250米),1,4.20,0,generic_unsplash_fallback,https://images.unsplash.com/photo-1500530855697-b586d89ba3ee?auto=format&fit=crop&w=1200&q=80,https://images.unsplash.com/photo-1500530855697-b586d89ba3ee?auto=format&fit=crop&w=1200&q=80,"{公园,广州市,广东省}"
249,海珠湖公园,广州市,南洲街道新滘中路168号,1,4.20,0,generic_unsplash_fallback,https://images.unsplash.com/photo-1500530855697-b586d89ba3ee?auto=format&fit=crop&w=1200&q=80,https://images.unsplash.com/photo-1500530855697-b586d89ba3ee?auto=format&fit=crop&w=1200&q=80,"{旅游景点,广州市,广东省}"
219,花城广场,广州市,珠江新城CBD中心区,1,4.20,0,generic_unsplash_fallback,https://images.unsplash.com/photo-1444723121867-7a241cacace9?auto=format&fit=crop&w=1200&q=80,https://images.unsplash.com/photo-1444723121867-7a241cacace9?auto=format&fit=crop&w=1200&q=80,"{城市广场,广州市,广东省}"
205,黄花岗公园,广州市,先烈中路79号,1,4.20,0,generic_unsplash_fallback,https://images.unsplash.com/photo-1500530855697-b586d89ba3ee?auto=format&fit=crop&w=1200&q=80,https://images.unsplash.com/photo-1500530855697-b586d89ba3ee?auto=format&fit=crop&w=1200&q=80,"{公园,广州市,广东省}"
238,火炉山森林公园,广州市,火炉山南路,1,4.20,0,generic_unsplash_fallback,https://images.unsplash.com/photo-1500530855697-b586d89ba3ee?auto=format&fit=crop&w=1200&q=80,https://images.unsplash.com/photo-1500530855697-b586d89ba3ee?auto=format&fit=crop&w=1200&q=80,"{风景名胜,广州市,广东省}"
237,聚芳园,广州市,麓湖公园,1,4.20,0,generic_unsplash_fallback,https://images.unsplash.com/photo-1500530855697-b586d89ba3ee?auto=format&fit=crop&w=1200&q=80,https://images.unsplash.com/photo-1500530855697-b586d89ba3ee?auto=format&fit=crop&w=1200&q=80,"{公园,广州市,广东省}"
244,荔湖公园,广州市,荔湖大道,1,4.20,0,generic_unsplash_fallback,https://images.unsplash.com/photo-1500530855697-b586d89ba3ee?auto=format&fit=crop&w=1200&q=80,https://images.unsplash.com/photo-1500530855697-b586d89ba3ee?auto=format&fit=crop&w=1200&q=80,"{公园,广州市,广东省}"
207,荔湾湖公园,广州市,龙津西路155号,1,4.20,0,generic_unsplash_fallback,https://images.unsplash.com/photo-1500530855697-b586d89ba3ee?auto=format&fit=crop&w=1200&q=80,https://images.unsplash.com/photo-1500530855697-b586d89ba3ee?auto=format&fit=crop&w=1200&q=80,"{公园,广州市,广东省}"
253,临江带状公园,广州市,临江大道263号,1,4.20,0,generic_unsplash_fallback,https://images.unsplash.com/photo-1500530855697-b586d89ba3ee?auto=format&fit=crop&w=1200&q=80,https://images.unsplash.com/photo-1500530855697-b586d89ba3ee?auto=format&fit=crop&w=1200&q=80,"{公园,广州市,广东省}"
191,流花湖公园,广州市,东风西路163号,1,4.20,0,generic_unsplash_fallback,https://images.unsplash.com/photo-1500530855697-b586d89ba3ee?auto=format&fit=crop&w=1200&q=80,https://images.unsplash.com/photo-1500530855697-b586d89ba3ee?auto=format&fit=crop&w=1200&q=80,"{公园,广州市,广东省}"
248,流溪河国家森林公园,广州市,良口镇流溪香雪大街48号,1,4.20,0,generic_unsplash_fallback,https://images.unsplash.com/photo-1500530855697-b586d89ba3ee?auto=format&fit=crop&w=1200&q=80,https://images.unsplash.com/photo-1500530855697-b586d89ba3ee?auto=format&fit=crop&w=1200&q=80,"{国家级景点,广州市,广东省}"
196,六榕寺,广州市,六榕路87号,1,4.20,0,generic_unsplash_fallback,https://images.unsplash.com/photo-1513415756790-2ac1db1297d0?auto=format&fit=crop&w=1200&q=80,https://images.unsplash.com/photo-1513415756790-2ac1db1297d0?auto=format&fit=crop&w=1200&q=80,"{寺庙道观,广州市,广东省}"
255,龙头山森林公园,广州市,南岗镇庙头村内,1,4.20,0,generic_unsplash_fallback,https://images.unsplash.com/photo-1500530855697-b586d89ba3ee?auto=format&fit=crop&w=1200&q=80,https://images.unsplash.com/photo-1500530855697-b586d89ba3ee?auto=format&fit=crop&w=1200&q=80,"{公园,广州市,广东省}"
199,麓湖公园,广州市,登峰街道云山南路白云山风景区,1,4.20,0,generic_unsplash_fallback,https://images.unsplash.com/photo-1500530855697-b586d89ba3ee?auto=format&fit=crop&w=1200&q=80,https://images.unsplash.com/photo-1500530855697-b586d89ba3ee?auto=format&fit=crop&w=1200&q=80,"{公园,广州市,广东省}"
246,萝岗香雪公园,广州市,萝岗镇萝峰路(萝峰寺对面),1,4.20,0,generic_unsplash_fallback,https://images.unsplash.com/photo-1500530855697-b586d89ba3ee?auto=format&fit=crop&w=1200&q=80,https://images.unsplash.com/photo-1500530855697-b586d89ba3ee?auto=format&fit=crop&w=1200&q=80,"{公园,广州市,广东省}"
218,毛泽东同志主办农民运动讲习所旧址纪念馆,广州市,中山四路42号(地铁1号线农讲所站C出口步行100米),1,4.20,0,generic_unsplash_fallback,https://images.unsplash.com/photo-1469854523086-cc02fe5d8800?auto=format&fit=crop&w=1200&q=80,https://images.unsplash.com/photo-1469854523086-cc02fe5d8800?auto=format&fit=crop&w=1200&q=80,"{红色景区,广州市,广东省}"
235,帽峰山森林公园,广州市,太和镇高屋村,1,4.20,0,generic_unsplash_fallback,https://images.unsplash.com/photo-1500530855697-b586d89ba3ee?auto=format&fit=crop&w=1200&q=80,https://images.unsplash.com/photo-1500530855697-b586d89ba3ee?auto=format&fit=crop&w=1200&q=80,"{国家级景点,广州市,广东省}"
241,南沙滨海公园,广州市,港湾街道海滨路(近天后宫),1,4.20,0,generic_unsplash_fallback,https://images.unsplash.com/photo-1500530855697-b586d89ba3ee?auto=format&fit=crop&w=1200&q=80,https://images.unsplash.com/photo-1500530855697-b586d89ba3ee?auto=format&fit=crop&w=1200&q=80,"{公园,广州市,广东省}"
221,仁威祖庙,广州市,恩洲直街35号,1,4.20,0,generic_unsplash_fallback,https://images.unsplash.com/photo-1513415756790-2ac1db1297d0?auto=format&fit=crop&w=1200&q=80,https://images.unsplash.com/photo-1513415756790-2ac1db1297d0?auto=format&fit=crop&w=1200&q=80,"{寺庙道观,广州市,广东省}"
189,三元宫,广州市,应元路11号(地铁2号线纪念堂站C出口步行140米),1,4.20,0,generic_unsplash_fallback,https://images.unsplash.com/photo-1469854523086-cc02fe5d8800?auto=format&fit=crop&w=1200&q=80,https://images.unsplash.com/photo-1469854523086-cc02fe5d8800?auto=format&fit=crop&w=1200&q=80,"{寺庙道观,广州市,广东省}"
192,沙面岛,广州市,沙面南街52号,1,4.20,0,generic_unsplash_fallback,https://images.unsplash.com/photo-1469854523086-cc02fe5d8800?auto=format&fit=crop&w=1200&q=80,https://images.unsplash.com/photo-1469854523086-cc02fe5d8800?auto=format&fit=crop&w=1200&q=80,"{风景名胜,广州市,广东省}"
210,沙面旅游区-沙面建筑群,广州市,白鹅潭北岸沙面旅游区内,1,4.20,0,generic_unsplash_fallback,https://images.unsplash.com/photo-1469854523086-cc02fe5d8800?auto=format&fit=crop&w=1200&q=80,https://images.unsplash.com/photo-1469854523086-cc02fe5d8800?auto=format&fit=crop&w=1200&q=80,"{旅游景点,广州市,广东省}"
200,上下九-第十甫历史文化街区,广州市,下九路29号(华林寺地铁站E口步行400米),1,4.20,0,generic_unsplash_fallback,https://images.unsplash.com/photo-1519608487953-e999c86e7455?auto=format&fit=crop&w=1200&q=80,https://images.unsplash.com/photo-1519608487953-e999c86e7455?auto=format&fit=crop&w=1200&q=80,"{风景名胜,广州市,广东省}"
245,石门国家森林公园,广州市,温泉镇,1,4.20,0,generic_unsplash_fallback,https://images.unsplash.com/photo-1500530855697-b586d89ba3ee?auto=format&fit=crop&w=1200&q=80,https://images.unsplash.com/photo-1500530855697-b586d89ba3ee?auto=format&fit=crop&w=1200&q=80,"{风景名胜,广州市,广东省}"
201,市政府广场,广州市,北京街道北京街道北京街道北京街道北京街道府前路1号,1,4.20,0,generic_unsplash_fallback,https://images.unsplash.com/photo-1444723121867-7a241cacace9?auto=format&fit=crop&w=1200&q=80,https://images.unsplash.com/photo-1444723121867-7a241cacace9?auto=format&fit=crop&w=1200&q=80,"{城市广场,广州市,广东省}"
243,水墨园,广州市,星岛环南路5号,1,4.20,0,generic_unsplash_fallback,https://images.unsplash.com/photo-1500530855697-b586d89ba3ee?auto=format&fit=crop&w=1200&q=80,https://images.unsplash.com/photo-1500530855697-b586d89ba3ee?auto=format&fit=crop&w=1200&q=80,"{公园,广州市,广东省}"
222,孙中山大元帅府纪念馆,广州市,纺织路东沙街18号,1,4.20,0,generic_unsplash_fallback,https://images.unsplash.com/photo-1469854523086-cc02fe5d8800?auto=format&fit=crop&w=1200&q=80,https://images.unsplash.com/photo-1469854523086-cc02fe5d8800?auto=format&fit=crop&w=1200&q=80,"{纪念馆,广州市,广东省}"
231,天河公园,广州市,中山大道西218号(地铁11、13、21号线天河公园站E1出口步行310米),1,4.20,0,generic_unsplash_fallback,https://images.unsplash.com/photo-1500530855697-b586d89ba3ee?auto=format&fit=crop&w=1200&q=80,https://images.unsplash.com/photo-1500530855697-b586d89ba3ee?auto=format&fit=crop&w=1200&q=80,"{公园,广州市,广东省}"
257,天河湿地公园,广州市,大观北路,1,4.20,0,generic_unsplash_fallback,https://images.unsplash.com/photo-1500530855697-b586d89ba3ee?auto=format&fit=crop&w=1200&q=80,https://images.unsplash.com/photo-1500530855697-b586d89ba3ee?auto=format&fit=crop&w=1200&q=80,"{公园,广州市,广东省}"
251,天鹿湖森林公园,广州市,天鹿南路,1,4.20,0,generic_unsplash_fallback,https://images.unsplash.com/photo-1500530855697-b586d89ba3ee?auto=format&fit=crop&w=1200&q=80,https://images.unsplash.com/photo-1500530855697-b586d89ba3ee?auto=format&fit=crop&w=1200&q=80,"{风景名胜,广州市,广东省}"
215,五仙古观,广州市,惠福西路233号,1,4.20,0,generic_unsplash_fallback,https://images.unsplash.com/photo-1469854523086-cc02fe5d8800?auto=format&fit=crop&w=1200&q=80,https://images.unsplash.com/photo-1469854523086-cc02fe5d8800?auto=format&fit=crop&w=1200&q=80,"{寺庙道观,广州市,广东省}"
224,晓港公园,广州市,前进路146号(晓港地铁站A口步行490米),1,4.20,0,generic_unsplash_fallback,https://images.unsplash.com/photo-1500530855697-b586d89ba3ee?auto=format&fit=crop&w=1200&q=80,https://images.unsplash.com/photo-1500530855697-b586d89ba3ee?auto=format&fit=crop&w=1200&q=80,"{公园,广州市,广东省}"
193,永庆坊,广州市,恩宁路99号,1,4.20,0,generic_unsplash_fallback,https://images.unsplash.com/photo-1469854523086-cc02fe5d8800?auto=format&fit=crop&w=1200&q=80,https://images.unsplash.com/photo-1469854523086-cc02fe5d8800?auto=format&fit=crop&w=1200&q=80,"{风景名胜,广州市,广东省}"
250,油麻山公园,广州市,455乡道均和村龙泉号山庄附近,1,4.20,0,generic_unsplash_fallback,https://images.unsplash.com/photo-1500530855697-b586d89ba3ee?auto=format&fit=crop&w=1200&q=80,https://images.unsplash.com/photo-1500530855697-b586d89ba3ee?auto=format&fit=crop&w=1200&q=80,"{旅游景点,广州市,广东省}"
227,月亮桥,广州市,多宝路222号多宝古坊直入100米,1,4.20,0,generic_unsplash_fallback,https://images.unsplash.com/photo-1469854523086-cc02fe5d8800?auto=format&fit=crop&w=1200&q=80,https://images.unsplash.com/photo-1469854523086-cc02fe5d8800?auto=format&fit=crop&w=1200&q=80,"{风景名胜,广州市,广东省}"
186,越秀公园,广州市,解放北路988号,1,4.20,0,generic_unsplash_fallback,https://images.unsplash.com/photo-1500530855697-b586d89ba3ee?auto=format&fit=crop&w=1200&q=80,https://images.unsplash.com/photo-1500530855697-b586d89ba3ee?auto=format&fit=crop&w=1200&q=80,"{公园,广州市,广东省}"
216,越秀西湖花市,广州市,教育路与中山五路交叉口东南20米(公园前地铁站D口旁),1,4.20,0,generic_unsplash_fallback,https://images.unsplash.com/photo-1469854523086-cc02fe5d8800?auto=format&fit=crop&w=1200&q=80,https://images.unsplash.com/photo-1469854523086-cc02fe5d8800?auto=format&fit=crop&w=1200&q=80,"{风景名胜,广州市,广东省}"
220,粤海关,广州市,岭南街道沿江西路29号,1,4.20,0,generic_unsplash_fallback,https://images.unsplash.com/photo-1469854523086-cc02fe5d8800?auto=format&fit=crop&w=1200&q=80,https://images.unsplash.com/photo-1469854523086-cc02fe5d8800?auto=format&fit=crop&w=1200&q=80,"{风景名胜,广州市,广东省}"
211,云台花园,广州市,云山南路5号(地铁11号线云台花园站C2出口步行280米),1,4.20,0,generic_unsplash_fallback,https://images.unsplash.com/photo-1500530855697-b586d89ba3ee?auto=format&fit=crop&w=1200&q=80,https://images.unsplash.com/photo-1500530855697-b586d89ba3ee?auto=format&fit=crop&w=1200&q=80,"{公园,广州市,广东省}"
252,云溪植物园,广州市,白云大道南1028号,1,4.20,0,generic_unsplash_fallback,https://images.unsplash.com/photo-1469854523086-cc02fe5d8800?auto=format&fit=crop&w=1200&q=80,https://images.unsplash.com/photo-1469854523086-cc02fe5d8800?auto=format&fit=crop&w=1200&q=80,"{国家级景点,广州市,广东省}"
188,中山纪念堂,广州市,东风中路299号(纪念堂地铁站C口步行130米),1,4.20,0,generic_unsplash_fallback,https://images.unsplash.com/photo-1469854523086-cc02fe5d8800?auto=format&fit=crop&w=1200&q=80,https://images.unsplash.com/photo-1469854523086-cc02fe5d8800?auto=format&fit=crop&w=1200&q=80,"{国家级景点,广州市,广东省}"
209,珠江夜游(大沙头码头),广州市,沿江东路466号大沙头游船码头内,1,4.20,0,generic_unsplash_fallback,https://images.unsplash.com/photo-1469854523086-cc02fe5d8800?auto=format&fit=crop&w=1200&q=80,https://images.unsplash.com/photo-1469854523086-cc02fe5d8800?auto=format&fit=crop&w=1200&q=80,"{体育休闲服务场所,广州市,广东省}"
195,珠江夜游(天字码头),广州市,沿江中路200号省总工会对面(解放桥西侧100米处),1,4.20,0,generic_unsplash_fallback,https://images.unsplash.com/photo-1469854523086-cc02fe5d8800?auto=format&fit=crop&w=1200&q=80,https://images.unsplash.com/photo-1469854523086-cc02fe5d8800?auto=format&fit=crop&w=1200&q=80,"{旅游景点,广州市,广东省}"
203,主教府,广州市,一德路旧部前56号(一德路地铁站B口步行420米),1,4.20,0,generic_unsplash_fallback,https://images.unsplash.com/photo-1469854523086-cc02fe5d8800?auto=format&fit=crop&w=1200&q=80,https://images.unsplash.com/photo-1469854523086-cc02fe5d8800?auto=format&fit=crop&w=1200&q=80,"{教堂,广州市,广东省}"
2839,奥体中心北广场,贵阳市,云潭南路与兴筑路交叉口,1,4.20,0,generic_unsplash_fallback,https://images.unsplash.com/photo-1444723121867-7a241cacace9?auto=format&fit=crop&w=1200&q=80,https://images.unsplash.com/photo-1444723121867-7a241cacace9?auto=format&fit=crop&w=1200&q=80,"{城市广场,贵阳市,贵州省}"
2825,白鹭湖湿地公园,贵阳市,金岭社区服务中心金岭社区服务中心交勘院100号,1,4.20,0,generic_unsplash_fallback,https://images.unsplash.com/photo-1500530855697-b586d89ba3ee?auto=format&fit=crop&w=1200&q=80,https://images.unsplash.com/photo-1500530855697-b586d89ba3ee?auto=format&fit=crop&w=1200&q=80,"{公园,贵阳市,贵州省}"
2850,白云1958文旅街区,贵阳市,大山洞街道白云南路654号心美TWINS国际1层16号,1,4.20,0,generic_unsplash_fallback,https://images.unsplash.com/photo-1519608487953-e999c86e7455?auto=format&fit=crop&w=1200&q=80,https://images.unsplash.com/photo-1519608487953-e999c86e7455?auto=format&fit=crop&w=1200&q=80,"{风景名胜,贵阳市,贵州省}"
2855,白云革命烈士陵园,贵阳市,白云南路483号贵阳欢乐世界(白云公园内),1,4.20,0,generic_unsplash_fallback,https://images.unsplash.com/photo-1469854523086-cc02fe5d8800?auto=format&fit=crop&w=1200&q=80,https://images.unsplash.com/photo-1469854523086-cc02fe5d8800?auto=format&fit=crop&w=1200&q=80,"{风景名胜,贵阳市,贵州省}"
2858,缤纷广场,贵阳市,林城西路与碧海南路交叉口西北约180米,1,4.20,0,generic_unsplash_fallback,https://images.unsplash.com/photo-1444723121867-7a241cacace9?auto=format&fit=crop&w=1200&q=80,https://images.unsplash.com/photo-1444723121867-7a241cacace9?auto=format&fit=crop&w=1200&q=80,"{城市广场,贵阳市,贵州省}"
2862,大人山公园,贵阳市,红云社区服务中心白云区政府正对面,1,4.20,0,generic_unsplash_fallback,https://images.unsplash.com/photo-1500530855697-b586d89ba3ee?auto=format&fit=crop&w=1200&q=80,https://images.unsplash.com/photo-1500530855697-b586d89ba3ee?auto=format&fit=crop&w=1200&q=80,"{公园,贵阳市,贵州省}"
2837,大十字广场,贵阳市,延中社区服务中心中华中路4号,1,4.20,0,generic_unsplash_fallback,https://images.unsplash.com/photo-1444723121867-7a241cacace9?auto=format&fit=crop&w=1200&q=80,https://images.unsplash.com/photo-1444723121867-7a241cacace9?auto=format&fit=crop&w=1200&q=80,"{城市广场,贵阳市,贵州省}"
2815,东林公园,贵阳市,金朱东路恒大中央公园B区11号12号门面西南方向160米,1,4.20,0,generic_unsplash_fallback,https://images.unsplash.com/photo-1500530855697-b586d89ba3ee?auto=format&fit=crop&w=1200&q=80,https://images.unsplash.com/photo-1500530855697-b586d89ba3ee?auto=format&fit=crop&w=1200&q=80,"{公园,贵阳市,贵州省}"
2816,东林寺,贵阳市,金朱东路(东林公园北侧约50米),1,4.20,0,generic_unsplash_fallback,https://images.unsplash.com/photo-1513415756790-2ac1db1297d0?auto=format&fit=crop&w=1200&q=80,https://images.unsplash.com/photo-1513415756790-2ac1db1297d0?auto=format&fit=crop&w=1200&q=80,"{寺庙道观,贵阳市,贵州省}"
2877,东山公园,贵阳市,黔灵东路街道东山路16号,1,4.20,0,generic_unsplash_fallback,https://images.unsplash.com/photo-1500530855697-b586d89ba3ee?auto=format&fit=crop&w=1200&q=80,https://images.unsplash.com/photo-1500530855697-b586d89ba3ee?auto=format&fit=crop&w=1200&q=80,"{公园,贵阳市,贵州省}"
2826,东山山体公园,贵阳市,宝山南路22号附近,1,4.20,0,generic_unsplash_fallback,https://images.unsplash.com/photo-1500530855697-b586d89ba3ee?auto=format&fit=crop&w=1200&q=80,https://images.unsplash.com/photo-1500530855697-b586d89ba3ee?auto=format&fit=crop&w=1200&q=80,"{公园,贵阳市,贵州省}"
2827,东山寺,贵阳市,栖霞路17号附2号(省人民医院地铁站C口步行220米),1,4.20,0,generic_unsplash_fallback,https://images.unsplash.com/photo-1513415756790-2ac1db1297d0?auto=format&fit=crop&w=1200&q=80,https://images.unsplash.com/photo-1513415756790-2ac1db1297d0?auto=format&fit=crop&w=1200&q=80,"{寺庙道观,贵阳市,贵州省}"
2845,多彩贵州城,贵阳市,龙洞堡老里坡1号,1,4.20,0,generic_unsplash_fallback,https://images.unsplash.com/photo-1469854523086-cc02fe5d8800?auto=format&fit=crop&w=1200&q=80,https://images.unsplash.com/photo-1469854523086-cc02fe5d8800?auto=format&fit=crop&w=1200&q=80,"{国家级景点,贵阳市,贵州省}"
2842,法治文化广场,贵阳市,金阳北路2号,1,4.20,0,generic_unsplash_fallback,https://images.unsplash.com/photo-1444723121867-7a241cacace9?auto=format&fit=crop&w=1200&q=80,https://images.unsplash.com/photo-1444723121867-7a241cacace9?auto=format&fit=crop&w=1200&q=80,"{城市广场,贵阳市,贵州省}"
2808,观山湖公园,贵阳市,观山大桥南北两侧,1,4.20,0,generic_unsplash_fallback,https://images.unsplash.com/photo-1500530855697-b586d89ba3ee?auto=format&fit=crop&w=1200&q=80,https://images.unsplash.com/photo-1500530855697-b586d89ba3ee?auto=format&fit=crop&w=1200&q=80,"{公园,贵阳市,贵州省}"
2820,观山湖公园梅园,贵阳市,观山湖公园(观山湖公园地铁站D口步行420米),1,4.20,0,generic_unsplash_fallback,https://images.unsplash.com/photo-1500530855697-b586d89ba3ee?auto=format&fit=crop&w=1200&q=80,https://images.unsplash.com/photo-1500530855697-b586d89ba3ee?auto=format&fit=crop&w=1200&q=80,"{风景名胜,贵阳市,贵州省}"
2833,观山湖民族广场,贵阳市,林城东路9号,1,4.20,0,generic_unsplash_fallback,https://images.unsplash.com/photo-1444723121867-7a241cacace9?auto=format&fit=crop&w=1200&q=80,https://images.unsplash.com/photo-1444723121867-7a241cacace9?auto=format&fit=crop&w=1200&q=80,"{城市广场,贵阳市,贵州省}"
2859,观山湖区口袋花园,贵阳市,金阳街道奥兴路,1,4.20,0,generic_unsplash_fallback,https://images.unsplash.com/photo-1469854523086-cc02fe5d8800?auto=format&fit=crop&w=1200&q=80,https://images.unsplash.com/photo-1469854523086-cc02fe5d8800?auto=format&fit=crop&w=1200&q=80,"{风景名胜,贵阳市,贵州省}"
2829,观山湖区双拥公园,贵阳市,金岭南街与将军山路交叉口西南200米,1,4.20,0,generic_unsplash_fallback,https://images.unsplash.com/photo-1500530855697-b586d89ba3ee?auto=format&fit=crop&w=1200&q=80,https://images.unsplash.com/photo-1500530855697-b586d89ba3ee?auto=format&fit=crop&w=1200&q=80,"{公园,贵阳市,贵州省}"
2835,观山湖眼摩天轮,贵阳市,越野公园内,1,4.20,0,generic_unsplash_fallback,https://images.unsplash.com/photo-1469854523086-cc02fe5d8800?auto=format&fit=crop&w=1200&q=80,https://images.unsplash.com/photo-1469854523086-cc02fe5d8800?auto=format&fit=crop&w=1200&q=80,"{风景名胜,贵阳市,贵州省}"
2887,贵阳·黔灵山体育公园,贵阳市,黔春立交正下方停车场游泳池旁,1,4.20,0,generic_unsplash_fallback,https://images.unsplash.com/photo-1500530855697-b586d89ba3ee?auto=format&fit=crop&w=1200&q=80,https://images.unsplash.com/photo-1500530855697-b586d89ba3ee?auto=format&fit=crop&w=1200&q=80,"{公园,贵阳市,贵州省}"
2830,贵阳阿哈湖国家湿地公园,贵阳市,小车河路6号,1,4.20,0,generic_unsplash_fallback,https://images.unsplash.com/photo-1500530855697-b586d89ba3ee?auto=format&fit=crop&w=1200&q=80,https://images.unsplash.com/photo-1500530855697-b586d89ba3ee?auto=format&fit=crop&w=1200&q=80,"{国家级景点,贵阳市,贵州省}"
2836,贵阳百花湖风景名胜区,贵阳市,朱昌镇金朱西路路头,1,4.20,0,generic_unsplash_fallback,https://images.unsplash.com/photo-1469854523086-cc02fe5d8800?auto=format&fit=crop&w=1200&q=80,https://images.unsplash.com/photo-1469854523086-cc02fe5d8800?auto=format&fit=crop&w=1200&q=80,"{省级景点,贵阳市,贵州省}"
2852,贵阳北站东广场,贵阳市,阳关隧道(贵阳北站),1,4.20,0,generic_unsplash_fallback,https://images.unsplash.com/photo-1444723121867-7a241cacace9?auto=format&fit=crop&w=1200&q=80,https://images.unsplash.com/photo-1444723121867-7a241cacace9?auto=format&fit=crop&w=1200&q=80,"{城市广场,贵阳市,贵州省}"
2849,贵阳北站西广场,贵阳市,景观大道与西二环交汇处东北100米,1,4.20,0,generic_unsplash_fallback,https://images.unsplash.com/photo-1444723121867-7a241cacace9?auto=format&fit=crop&w=1200&q=80,https://images.unsplash.com/photo-1444723121867-7a241cacace9?auto=format&fit=crop&w=1200&q=80,"{城市广场,贵阳市,贵州省}"
2848,贵阳国际会议展览中心-北广场,贵阳市,中街与1号路交汇处北200米,1,4.20,0,generic_unsplash_fallback,https://images.unsplash.com/photo-1444723121867-7a241cacace9?auto=format&fit=crop&w=1200&q=80,https://images.unsplash.com/photo-1444723121867-7a241cacace9?auto=format&fit=crop&w=1200&q=80,"{城市广场,贵阳市,贵州省}"
2813,贵阳喀斯特公园,贵阳市,石林东路与金阳南路交叉口,1,4.20,0,generic_unsplash_fallback,https://images.unsplash.com/photo-1500530855697-b586d89ba3ee?auto=format&fit=crop&w=1200&q=80,https://images.unsplash.com/photo-1500530855697-b586d89ba3ee?auto=format&fit=crop&w=1200&q=80,"{公园,贵阳市,贵州省}"
2810,贵阳市观山湖公园民族大联欢广场,贵阳市,观山大桥观山湖公园,1,4.20,0,generic_unsplash_fallback,https://images.unsplash.com/photo-1500530855697-b586d89ba3ee?auto=format&fit=crop&w=1200&q=80,https://images.unsplash.com/photo-1500530855697-b586d89ba3ee?auto=format&fit=crop&w=1200&q=80,"{城市广场,贵阳市,贵州省}"
2838,贵阳市森林公园,贵阳市,园林路90号,1,4.20,0,generic_unsplash_fallback,https://images.unsplash.com/photo-1500530855697-b586d89ba3ee?auto=format&fit=crop&w=1200&q=80,https://images.unsplash.com/photo-1500530855697-b586d89ba3ee?auto=format&fit=crop&w=1200&q=80,"{省级景点,贵阳市,贵州省}"
2828,贵阳市行政中心广场,贵阳市,林城东路贵阳市政府,1,4.20,0,generic_unsplash_fallback,https://images.unsplash.com/photo-1444723121867-7a241cacace9?auto=format&fit=crop&w=1200&q=80,https://images.unsplash.com/photo-1444723121867-7a241cacace9?auto=format&fit=crop&w=1200&q=80,"{城市广场,贵阳市,贵州省}"
2834,贵阳双子塔,贵阳市,花果园大街88号方圆荟·海豚广场,1,4.20,0,generic_unsplash_fallback,https://images.unsplash.com/photo-1444723121867-7a241cacace9?auto=format&fit=crop&w=1200&q=80,https://images.unsplash.com/photo-1444723121867-7a241cacace9?auto=format&fit=crop&w=1200&q=80,"{旅游景点,贵阳市,贵州省}"
2843,贵州省植物园,贵阳市,黔灵镇鹿冲关路86号,1,4.20,0,generic_unsplash_fallback,https://images.unsplash.com/photo-1469854523086-cc02fe5d8800?auto=format&fit=crop&w=1200&q=80,https://images.unsplash.com/photo-1469854523086-cc02fe5d8800?auto=format&fit=crop&w=1200&q=80,"{植物园,贵阳市,贵州省}"
2822,河滨公园,贵阳市,瑞金南路31号,1,4.20,0,generic_unsplash_fallback,https://images.unsplash.com/photo-1500530855697-b586d89ba3ee?auto=format&fit=crop&w=1200&q=80,https://images.unsplash.com/photo-1500530855697-b586d89ba3ee?auto=format&fit=crop&w=1200&q=80,"{公园,贵阳市,贵州省}"
2870,河滨公园相亲角,贵阳市,瑞金南路31号河滨公园内(西侧),1,4.20,0,generic_unsplash_fallback,https://images.unsplash.com/photo-1500530855697-b586d89ba3ee?auto=format&fit=crop&w=1200&q=80,https://images.unsplash.com/photo-1500530855697-b586d89ba3ee?auto=format&fit=crop&w=1200&q=80,"{风景名胜,贵阳市,贵州省}"
2824,弘福寺,贵阳市,枣山路187号,1,4.20,0,generic_unsplash_fallback,https://images.unsplash.com/photo-1513415756790-2ac1db1297d0?auto=format&fit=crop&w=1200&q=80,https://images.unsplash.com/photo-1513415756790-2ac1db1297d0?auto=format&fit=crop&w=1200&q=80,"{寺庙道观,贵阳市,贵州省}"
2883,猴耳天坑-极限酷玩公园,贵阳市,猴耳天坑景区内,1,4.20,0,generic_unsplash_fallback,https://images.unsplash.com/photo-1500530855697-b586d89ba3ee?auto=format&fit=crop&w=1200&q=80,https://images.unsplash.com/photo-1500530855697-b586d89ba3ee?auto=format&fit=crop&w=1200&q=80,"{旅游景点,贵阳市,贵州省}"
2847,花溪公园,贵阳市,花溪大道南段3108号,1,4.20,0,generic_unsplash_fallback,https://images.unsplash.com/photo-1500530855697-b586d89ba3ee?auto=format&fit=crop&w=1200&q=80,https://images.unsplash.com/photo-1500530855697-b586d89ba3ee?auto=format&fit=crop&w=1200&q=80,"{省级景点,贵阳市,贵州省}"
2871,花溪十里河滩国家城市湿地公园,贵阳市,花溪大道南段辅路与郎萝桥交叉口东220米,1,4.20,0,generic_unsplash_fallback,https://images.unsplash.com/photo-1500530855697-b586d89ba3ee?auto=format&fit=crop&w=1200&q=80,https://images.unsplash.com/photo-1500530855697-b586d89ba3ee?auto=format&fit=crop&w=1200&q=80,"{风景名胜,贵阳市,贵州省}"
2872,花溪十里河滩旅游度假区,贵阳市,花溪大道花溪国家城市湿地公园(北区北门)附近,1,4.20,0,generic_unsplash_fallback,https://images.unsplash.com/photo-1500530855697-b586d89ba3ee?auto=format&fit=crop&w=1200&q=80,https://images.unsplash.com/photo-1500530855697-b586d89ba3ee?auto=format&fit=crop&w=1200&q=80,"{公园,贵阳市,贵州省}"
2874,花溪十里河滩旅游度假区北区,贵阳市,花溪十里河滩国家城市湿地公园内(北侧),1,4.20,0,generic_unsplash_fallback,https://images.unsplash.com/photo-1500530855697-b586d89ba3ee?auto=format&fit=crop&w=1200&q=80,https://images.unsplash.com/photo-1500530855697-b586d89ba3ee?auto=format&fit=crop&w=1200&q=80,"{公园,贵阳市,贵州省}"
2873,花溪十里河滩诗意园,贵阳市,溪北社区花溪大道南段南明河附近,1,4.20,0,generic_unsplash_fallback,https://images.unsplash.com/photo-1500530855697-b586d89ba3ee?auto=format&fit=crop&w=1200&q=80,https://images.unsplash.com/photo-1500530855697-b586d89ba3ee?auto=format&fit=crop&w=1200&q=80,"{公园,贵阳市,贵州省}"
2818,甲秀楼,贵阳市,翠微巷8号,1,4.20,0,generic_unsplash_fallback,https://images.unsplash.com/photo-1469854523086-cc02fe5d8800?auto=format&fit=crop&w=1200&q=80,https://images.unsplash.com/photo-1469854523086-cc02fe5d8800?auto=format&fit=crop&w=1200&q=80,"{风景名胜,贵阳市,贵州省}"
2861,金华湖,贵阳市,百年路观山湖公园内(南侧),1,4.20,0,generic_unsplash_fallback,https://images.unsplash.com/photo-1469854523086-cc02fe5d8800?auto=format&fit=crop&w=1200&q=80,https://images.unsplash.com/photo-1469854523086-cc02fe5d8800?auto=format&fit=crop&w=1200&q=80,"{旅游景点,贵阳市,贵州省}"
2876,景阳森林公园,贵阳市,长生路与210国道交叉口东南40米,1,4.20,0,generic_unsplash_fallback,https://images.unsplash.com/photo-1500530855697-b586d89ba3ee?auto=format&fit=crop&w=1200&q=80,https://images.unsplash.com/photo-1500530855697-b586d89ba3ee?auto=format&fit=crop&w=1200&q=80,"{公园,贵阳市,贵州省}"
2819,鹿冲关森林公园,贵阳市,盐沙大道附近,1,4.20,0,generic_unsplash_fallback,https://images.unsplash.com/photo-1500530855697-b586d89ba3ee?auto=format&fit=crop&w=1200&q=80,https://images.unsplash.com/photo-1500530855697-b586d89ba3ee?auto=format&fit=crop&w=1200&q=80,"{风景名胜,贵阳市,贵州省}"
2886,鹿冲关森林公园文澜院,贵阳市,鹿冲关森林公园内(西南角),1,4.20,0,generic_unsplash_fallback,https://images.unsplash.com/photo-1500530855697-b586d89ba3ee?auto=format&fit=crop&w=1200&q=80,https://images.unsplash.com/photo-1500530855697-b586d89ba3ee?auto=format&fit=crop&w=1200&q=80,"{旅游景点,贵阳市,贵州省}"
2846,马鞍山公园,贵阳市,云环路与泉湖路交汇处,1,4.20,0,generic_unsplash_fallback,https://images.unsplash.com/photo-1500530855697-b586d89ba3ee?auto=format&fit=crop&w=1200&q=80,https://images.unsplash.com/photo-1500530855697-b586d89ba3ee?auto=format&fit=crop&w=1200&q=80,"{公园,贵阳市,贵州省}"
2888,南郊公园,贵阳市,太慈社区服务中心,1,4.20,0,generic_unsplash_fallback,https://images.unsplash.com/photo-1500530855697-b586d89ba3ee?auto=format&fit=crop&w=1200&q=80,https://images.unsplash.com/photo-1500530855697-b586d89ba3ee?auto=format&fit=crop&w=1200&q=80,"{公园,贵阳市,贵州省}"
2882,盘龙山森林公园,贵阳市,"",1,4.20,0,generic_unsplash_fallback,https://images.unsplash.com/photo-1500530855697-b586d89ba3ee?auto=format&fit=crop&w=1200&q=80,https://images.unsplash.com/photo-1500530855697-b586d89ba3ee?auto=format&fit=crop&w=1200&q=80,"{风景名胜,贵阳市,贵州省}"
2823,七彩湖公园,贵阳市,铝建路与同心路交汇处,1,4.20,0,generic_unsplash_fallback,https://images.unsplash.com/photo-1500530855697-b586d89ba3ee?auto=format&fit=crop&w=1200&q=80,https://images.unsplash.com/photo-1500530855697-b586d89ba3ee?auto=format&fit=crop&w=1200&q=80,"{公园,贵阳市,贵州省}"
2812,黔灵山公园,贵阳市,枣山路187号,1,4.20,0,generic_unsplash_fallback,https://images.unsplash.com/photo-1500530855697-b586d89ba3ee?auto=format&fit=crop&w=1200&q=80,https://images.unsplash.com/photo-1500530855697-b586d89ba3ee?auto=format&fit=crop&w=1200&q=80,"{国家级景点,贵阳市,贵州省}"
2821,黔灵山公园动物园,贵阳市,枣山路187号黔灵山公园内(东侧),1,4.20,0,generic_unsplash_fallback,https://images.unsplash.com/photo-1500530855697-b586d89ba3ee?auto=format&fit=crop&w=1200&q=80,https://images.unsplash.com/photo-1500530855697-b586d89ba3ee?auto=format&fit=crop&w=1200&q=80,"{动物园,贵阳市,贵州省}"
2860,沁园春雕塑,贵阳市,金阳北路176号,1,4.20,0,generic_unsplash_fallback,https://images.unsplash.com/photo-1469854523086-cc02fe5d8800?auto=format&fit=crop&w=1200&q=80,https://images.unsplash.com/photo-1469854523086-cc02fe5d8800?auto=format&fit=crop&w=1200&q=80,"{旅游景点,贵阳市,贵州省}"
2809,泉湖公园,贵阳市,云峰大道142号,1,4.20,0,generic_unsplash_fallback,https://images.unsplash.com/photo-1500530855697-b586d89ba3ee?auto=format&fit=crop&w=1200&q=80,https://images.unsplash.com/photo-1500530855697-b586d89ba3ee?auto=format&fit=crop&w=1200&q=80,"{国家级景点,贵阳市,贵州省}"
2867,弱水亭,贵阳市,临城东路观山湖公园内(西侧),1,4.20,0,generic_unsplash_fallback,https://images.unsplash.com/photo-1469854523086-cc02fe5d8800?auto=format&fit=crop&w=1200&q=80,https://images.unsplash.com/photo-1469854523086-cc02fe5d8800?auto=format&fit=crop&w=1200&q=80,"{旅游景点,贵阳市,贵州省}"
2856,赛点体育公园,贵阳市,金朱西路新世界酒店对面,1,4.20,0,generic_unsplash_fallback,https://images.unsplash.com/photo-1500530855697-b586d89ba3ee?auto=format&fit=crop&w=1200&q=80,https://images.unsplash.com/photo-1500530855697-b586d89ba3ee?auto=format&fit=crop&w=1200&q=80,"{旅游景点,贵阳市,贵州省}"
2885,山乐鸣体育主题挑战公园,贵阳市,青岩镇杨眉村河西91号,1,4.20,0,generic_unsplash_fallback,https://images.unsplash.com/photo-1500530855697-b586d89ba3ee?auto=format&fit=crop&w=1200&q=80,https://images.unsplash.com/photo-1500530855697-b586d89ba3ee?auto=format&fit=crop&w=1200&q=80,"{旅游景点,贵阳市,贵州省}"
2865,双拥广场,贵阳市,金阳北路2号,1,4.20,0,generic_unsplash_fallback,https://images.unsplash.com/photo-1444723121867-7a241cacace9?auto=format&fit=crop&w=1200&q=80,https://images.unsplash.com/photo-1444723121867-7a241cacace9?auto=format&fit=crop&w=1200&q=80,"{城市广场,贵阳市,贵州省}"
2884,松溪河湿地公园,贵阳市,新泉路98号,1,4.20,0,generic_unsplash_fallback,https://images.unsplash.com/photo-1500530855697-b586d89ba3ee?auto=format&fit=crop&w=1200&q=80,https://images.unsplash.com/photo-1500530855697-b586d89ba3ee?auto=format&fit=crop&w=1200&q=80,"{公园,贵阳市,贵州省}"
2881,太阳湖滨河公园,贵阳市,二十六大道与白金大道交叉口东150米,1,4.20,0,generic_unsplash_fallback,https://images.unsplash.com/photo-1500530855697-b586d89ba3ee?auto=format&fit=crop&w=1200&q=80,https://images.unsplash.com/photo-1500530855697-b586d89ba3ee?auto=format&fit=crop&w=1200&q=80,"{公园,贵阳市,贵州省}"
2890,梯青塔湿地公园,贵阳市,延河路(锦绣蓝湾西北),1,4.20,0,generic_unsplash_fallback,https://images.unsplash.com/photo-1500530855697-b586d89ba3ee?auto=format&fit=crop&w=1200&q=80,https://images.unsplash.com/photo-1500530855697-b586d89ba3ee?auto=format&fit=crop&w=1200&q=80,"{公园,贵阳市,贵州省}"
2841,天鹅湖景区,贵阳市,彩云街,1,4.20,0,generic_unsplash_fallback,https://images.unsplash.com/photo-1469854523086-cc02fe5d8800?auto=format&fit=crop&w=1200&q=80,https://images.unsplash.com/photo-1469854523086-cc02fe5d8800?auto=format&fit=crop&w=1200&q=80,"{风景名胜,贵阳市,贵州省}"
2880,团圆山森林公园,贵阳市,温泉省级森林公园,1,4.20,0,generic_unsplash_fallback,https://images.unsplash.com/photo-1500530855697-b586d89ba3ee?auto=format&fit=crop&w=1200&q=80,https://images.unsplash.com/photo-1500530855697-b586d89ba3ee?auto=format&fit=crop&w=1200&q=80,"{旅游景点,贵阳市,贵州省}"
2831,文昌阁,贵阳市,文昌街8号,1,4.20,0,generic_unsplash_fallback,https://images.unsplash.com/photo-1469854523086-cc02fe5d8800?auto=format&fit=crop&w=1200&q=80,https://images.unsplash.com/photo-1469854523086-cc02fe5d8800?auto=format&fit=crop&w=1200&q=80,"{风景名胜,贵阳市,贵州省}"
2863,无伤桥,贵阳市,无一茶社东南侧140米,1,4.20,0,generic_unsplash_fallback,https://images.unsplash.com/photo-1469854523086-cc02fe5d8800?auto=format&fit=crop&w=1200&q=80,https://images.unsplash.com/photo-1469854523086-cc02fe5d8800?auto=format&fit=crop&w=1200&q=80,"{风景名胜,贵阳市,贵州省}"
2811,西普陀寺,贵阳市,云峰大道龙井路8号(泉湖公园地铁站A口步行400米),1,4.20,0,generic_unsplash_fallback,https://images.unsplash.com/photo-1513415756790-2ac1db1297d0?auto=format&fit=crop&w=1200&q=80,https://images.unsplash.com/photo-1513415756790-2ac1db1297d0?auto=format&fit=crop&w=1200&q=80,"{寺庙道观,贵阳市,贵州省}"
2879,息烽温泉省级森林公园,贵阳市,龙泉大道与人民路西段交叉口西南440米,1,4.20,0,generic_unsplash_fallback,https://images.unsplash.com/photo-1500530855697-b586d89ba3ee?auto=format&fit=crop&w=1200&q=80,https://images.unsplash.com/photo-1500530855697-b586d89ba3ee?auto=format&fit=crop&w=1200&q=80,"{旅游景点,贵阳市,贵州省}"
2878,星月湖公园,贵阳市,天河潭大道,1,4.20,0,generic_unsplash_fallback,https://images.unsplash.com/photo-1500530855697-b586d89ba3ee?auto=format&fit=crop&w=1200&q=80,https://images.unsplash.com/photo-1500530855697-b586d89ba3ee?auto=format&fit=crop&w=1200&q=80,"{公园,贵阳市,贵州省}"
2844,阳明祠,贵阳市,东山路15号,1,4.20,0,generic_unsplash_fallback,https://images.unsplash.com/photo-1469854523086-cc02fe5d8800?auto=format&fit=crop&w=1200&q=80,https://images.unsplash.com/photo-1469854523086-cc02fe5d8800?auto=format&fit=crop&w=1200&q=80,"{风景名胜,贵阳市,贵州省}"
2866,樱花岛,贵阳市,观山西路阅山湖湿地公园,1,4.20,0,generic_unsplash_fallback,https://images.unsplash.com/photo-1469854523086-cc02fe5d8800?auto=format&fit=crop&w=1200&q=80,https://images.unsplash.com/photo-1469854523086-cc02fe5d8800?auto=format&fit=crop&w=1200&q=80,"{风景名胜,贵阳市,贵州省}"
2817,樱花园,贵阳市,碧海社区服务中心碧海社区服务中心梨园路与诚信南路交叉口东20米,1,4.20,0,generic_unsplash_fallback,https://images.unsplash.com/photo-1469854523086-cc02fe5d8800?auto=format&fit=crop&w=1200&q=80,https://images.unsplash.com/photo-1469854523086-cc02fe5d8800?auto=format&fit=crop&w=1200&q=80,"{旅游景点,贵阳市,贵州省}"
2857,迎宾广场,贵阳市,君侠路观山湖公园内(西侧),1,4.20,0,generic_unsplash_fallback,https://images.unsplash.com/photo-1444723121867-7a241cacace9?auto=format&fit=crop&w=1200&q=80,https://images.unsplash.com/photo-1444723121867-7a241cacace9?auto=format&fit=crop&w=1200&q=80,"{城市广场,贵阳市,贵州省}"
2864,月亮洞遗址,贵阳市,石标路1号,1,4.20,0,generic_unsplash_fallback,https://images.unsplash.com/photo-1469854523086-cc02fe5d8800?auto=format&fit=crop&w=1200&q=80,https://images.unsplash.com/photo-1469854523086-cc02fe5d8800?auto=format&fit=crop&w=1200&q=80,"{风景名胜,贵阳市,贵州省}"
2854,悦湖城市广场,贵阳市,云潭北路与观山西路交叉口,1,4.20,0,generic_unsplash_fallback,https://images.unsplash.com/photo-1444723121867-7a241cacace9?auto=format&fit=crop&w=1200&q=80,https://images.unsplash.com/photo-1444723121867-7a241cacace9?auto=format&fit=crop&w=1200&q=80,"{商务住宅相关,贵阳市,贵州省}"
2889,云贵山山头公园,贵阳市,头桥社区服务中心,1,4.20,0,generic_unsplash_fallback,https://images.unsplash.com/photo-1500530855697-b586d89ba3ee?auto=format&fit=crop&w=1200&q=80,https://images.unsplash.com/photo-1500530855697-b586d89ba3ee?auto=format&fit=crop&w=1200&q=80,"{公园,贵阳市,贵州省}"
2851,云楼,贵阳市,泉湖公园南大门(泉湖公园地铁站A口步行350米),1,4.20,0,generic_unsplash_fallback,https://images.unsplash.com/photo-1469854523086-cc02fe5d8800?auto=format&fit=crop&w=1200&q=80,https://images.unsplash.com/photo-1469854523086-cc02fe5d8800?auto=format&fit=crop&w=1200&q=80,"{风景名胜,贵阳市,贵州省}"
2814,长坡岭国家森林公园,贵阳市,艳山红镇,1,4.20,0,generic_unsplash_fallback,https://images.unsplash.com/photo-1500530855697-b586d89ba3ee?auto=format&fit=crop&w=1200&q=80,https://images.unsplash.com/photo-1500530855697-b586d89ba3ee?auto=format&fit=crop&w=1200&q=80,"{国家级景点,贵阳市,贵州省}"
2976,滨江公园,桂林市,荔城镇滨江南路,1,4.20,0,generic_unsplash_fallback,https://images.unsplash.com/photo-1500530855697-b586d89ba3ee?auto=format&fit=crop&w=1200&q=80,https://images.unsplash.com/photo-1500530855697-b586d89ba3ee?auto=format&fit=crop&w=1200&q=80,"{公园,桂林市,广西壮族自治区}"
2942,陈宏谋宗祠,桂林市,四塘镇106县道,1,4.20,0,generic_unsplash_fallback,https://images.unsplash.com/photo-1469854523086-cc02fe5d8800?auto=format&fit=crop&w=1200&q=80,https://images.unsplash.com/photo-1469854523086-cc02fe5d8800?auto=format&fit=crop&w=1200&q=80,"{寺庙道观,桂林市,广西壮族自治区}"
2941,城市书房朱雀楼,桂林市,山水大道一院两馆,1,4.20,0,generic_unsplash_fallback,https://images.unsplash.com/photo-1469854523086-cc02fe5d8800?auto=format&fit=crop&w=1200&q=80,https://images.unsplash.com/photo-1469854523086-cc02fe5d8800?auto=format&fit=crop&w=1200&q=80,"{风景名胜,桂林市,广西壮族自治区}"
2949,穿山公园-岁寒三友,桂林市,穿山小街55号穿山景区内(西北角),1,4.20,0,generic_unsplash_fallback,https://images.unsplash.com/photo-1500530855697-b586d89ba3ee?auto=format&fit=crop&w=1200&q=80,https://images.unsplash.com/photo-1500530855697-b586d89ba3ee?auto=format&fit=crop&w=1200&q=80,"{旅游景点,桂林市,广西壮族自治区}"
2914,穿山公园-塔山,桂林市,临江路250号漓江景区,1,4.20,0,generic_unsplash_fallback,https://images.unsplash.com/photo-1500530855697-b586d89ba3ee?auto=format&fit=crop&w=1200&q=80,https://images.unsplash.com/photo-1500530855697-b586d89ba3ee?auto=format&fit=crop&w=1200&q=80,"{旅游景点,桂林市,广西壮族自治区}"
2904,穿山景区,桂林市,穿山小街55号,1,4.20,0,generic_unsplash_fallback,https://images.unsplash.com/photo-1469854523086-cc02fe5d8800?auto=format&fit=crop&w=1200&q=80,https://images.unsplash.com/photo-1469854523086-cc02fe5d8800?auto=format&fit=crop&w=1200&q=80,"{国家级景点,桂林市,广西壮族自治区}"
2944,大皇山码头,桂林市,万福中路与义宁路交叉口东南360米,1,4.20,0,generic_unsplash_fallback,https://images.unsplash.com/photo-1469854523086-cc02fe5d8800?auto=format&fit=crop&w=1200&q=80,https://images.unsplash.com/photo-1469854523086-cc02fe5d8800?auto=format&fit=crop&w=1200&q=80,"{风景名胜,桂林市,广西壮族自治区}"
2935,大岩洞穴遗址,桂林市,"",1,4.20,0,generic_unsplash_fallback,https://images.unsplash.com/photo-1469854523086-cc02fe5d8800?auto=format&fit=crop&w=1200&q=80,https://images.unsplash.com/photo-1469854523086-cc02fe5d8800?auto=format&fit=crop&w=1200&q=80,"{风景名胜,桂林市,广西壮族自治区}"
2974,叠彩滨江体育公园A区,桂林市,体育公园,1,4.20,0,generic_unsplash_fallback,https://images.unsplash.com/photo-1500530855697-b586d89ba3ee?auto=format&fit=crop&w=1200&q=80,https://images.unsplash.com/photo-1500530855697-b586d89ba3ee?auto=format&fit=crop&w=1200&q=80,"{公园,桂林市,广西壮族自治区}"
2911,叠彩山,桂林市,叠彩街道龙珠路815号,1,4.20,0,generic_unsplash_fallback,https://images.unsplash.com/photo-1469854523086-cc02fe5d8800?auto=format&fit=crop&w=1200&q=80,https://images.unsplash.com/photo-1469854523086-cc02fe5d8800?auto=format&fit=crop&w=1200&q=80,"{国家级景点,桂林市,广西壮族自治区}"
2901,东西巷,桂林市,秀峰街道解放东路18号,1,4.20,0,generic_unsplash_fallback,https://images.unsplash.com/photo-1469854523086-cc02fe5d8800?auto=format&fit=crop&w=1200&q=80,https://images.unsplash.com/photo-1469854523086-cc02fe5d8800?auto=format&fit=crop&w=1200&q=80,"{旅游景点,桂林市,广西壮族自治区}"
2897,独秀峰·王城景区,桂林市,王城路1号,1,4.20,0,generic_unsplash_fallback,https://images.unsplash.com/photo-1469854523086-cc02fe5d8800?auto=format&fit=crop&w=1200&q=80,https://images.unsplash.com/photo-1469854523086-cc02fe5d8800?auto=format&fit=crop&w=1200&q=80,"{国家级景点,桂林市,广西壮族自治区}"
2971,凤山公园,桂林市,凤城路115号正西方向120米,1,4.20,0,generic_unsplash_fallback,https://images.unsplash.com/photo-1500530855697-b586d89ba3ee?auto=format&fit=crop&w=1200&q=80,https://images.unsplash.com/photo-1500530855697-b586d89ba3ee?auto=format&fit=crop&w=1200&q=80,"{公园,桂林市,广西壮族自治区}"
2929,伏波山景区,桂林市,滨江路27号,1,4.20,0,generic_unsplash_fallback,https://images.unsplash.com/photo-1500530855697-b586d89ba3ee?auto=format&fit=crop&w=1200&q=80,https://images.unsplash.com/photo-1500530855697-b586d89ba3ee?auto=format&fit=crop&w=1200&q=80,"{公园,桂林市,广西壮族自治区}"
2975,伏龙洲公园,桂林市,龙珠路6号,1,4.20,0,generic_unsplash_fallback,https://images.unsplash.com/photo-1500530855697-b586d89ba3ee?auto=format&fit=crop&w=1200&q=80,https://images.unsplash.com/photo-1500530855697-b586d89ba3ee?auto=format&fit=crop&w=1200&q=80,"{公园,桂林市,广西壮族自治区}"
2962,甘棠江公园,桂林市,灵青路北,1,4.20,0,generic_unsplash_fallback,https://images.unsplash.com/photo-1500530855697-b586d89ba3ee?auto=format&fit=crop&w=1200&q=80,https://images.unsplash.com/photo-1500530855697-b586d89ba3ee?auto=format&fit=crop&w=1200&q=80,"{公园,桂林市,广西壮族自治区}"
2934,广汇广场,桂林市,建设路与阳光南路交叉口西南80米,1,4.20,0,generic_unsplash_fallback,https://images.unsplash.com/photo-1444723121867-7a241cacace9?auto=format&fit=crop&w=1200&q=80,https://images.unsplash.com/photo-1444723121867-7a241cacace9?auto=format&fit=crop&w=1200&q=80,"{城市广场,桂林市,广西壮族自治区}"
2903,广西桂林国家森林公园,桂林市,万福路6号,1,4.20,0,generic_unsplash_fallback,https://images.unsplash.com/photo-1500530855697-b586d89ba3ee?auto=format&fit=crop&w=1200&q=80,https://images.unsplash.com/photo-1500530855697-b586d89ba3ee?auto=format&fit=crop&w=1200&q=80,"{国家级景点,桂林市,广西壮族自治区}"
2957,广西荔浦荔江国家湿地公园,桂林市,"",1,4.20,0,generic_unsplash_fallback,https://images.unsplash.com/photo-1500530855697-b586d89ba3ee?auto=format&fit=crop&w=1200&q=80,https://images.unsplash.com/photo-1500530855697-b586d89ba3ee?auto=format&fit=crop&w=1200&q=80,"{国家级景点,桂林市,广西壮族自治区}"
2925,桂花公社景区,桂林市,阳江路阳江苑西岭御景东北侧150米,1,4.20,0,generic_unsplash_fallback,https://images.unsplash.com/photo-1469854523086-cc02fe5d8800?auto=format&fit=crop&w=1200&q=80,https://images.unsplash.com/photo-1469854523086-cc02fe5d8800?auto=format&fit=crop&w=1200&q=80,"{餐饮相关,桂林市,广西壮族自治区}"
2943,桂林博物馆-桂林出土明代梅瓶陈列,桂林市,平桂西路桂林博物馆,1,4.20,0,generic_unsplash_fallback,https://images.unsplash.com/photo-1566127992631-137a642a90f4?auto=format&fit=crop&w=1200&q=80,https://images.unsplash.com/photo-1566127992631-137a642a90f4?auto=format&fit=crop&w=1200&q=80,"{旅游景点,桂林市,广西壮族自治区}"
2895,桂林飞虎队遗址公园,桂林市,临桂镇飞虎路5号,1,4.20,0,generic_unsplash_fallback,https://images.unsplash.com/photo-1500530855697-b586d89ba3ee?auto=format&fit=crop&w=1200&q=80,https://images.unsplash.com/photo-1500530855697-b586d89ba3ee?auto=format&fit=crop&w=1200&q=80,"{公园,桂林市,广西壮族自治区}"
2902,桂林壶山岩洞,桂林市,临桂镇公园北路与宏谋大道交叉口西南100米,1,4.20,0,generic_unsplash_fallback,https://images.unsplash.com/photo-1469854523086-cc02fe5d8800?auto=format&fit=crop&w=1200&q=80,https://images.unsplash.com/photo-1469854523086-cc02fe5d8800?auto=format&fit=crop&w=1200&q=80,"{风景名胜,桂林市,广西壮族自治区}"
2931,桂林山水公园山水间运动中心,桂林市,西城大道桂林市山水公园,1,4.20,0,generic_unsplash_fallback,https://images.unsplash.com/photo-1500530855697-b586d89ba3ee?auto=format&fit=crop&w=1200&q=80,https://images.unsplash.com/photo-1500530855697-b586d89ba3ee?auto=format&fit=crop&w=1200&q=80,"{风景名胜,桂林市,广西壮族自治区}"
2898,桂林山水甲天下,桂林市,王城路1号独秀峰·王城景区读书岩,1,4.20,0,generic_unsplash_fallback,https://images.unsplash.com/photo-1469854523086-cc02fe5d8800?auto=format&fit=crop&w=1200&q=80,https://images.unsplash.com/photo-1469854523086-cc02fe5d8800?auto=format&fit=crop&w=1200&q=80,"{风景名胜,桂林市,广西壮族自治区}"
2947,桂林市基督教临桂堂,桂林市,金水路与正通路交叉口东北100米,1,4.20,0,generic_unsplash_fallback,https://images.unsplash.com/photo-1469854523086-cc02fe5d8800?auto=format&fit=crop&w=1200&q=80,https://images.unsplash.com/photo-1469854523086-cc02fe5d8800?auto=format&fit=crop&w=1200&q=80,"{教堂,桂林市,广西壮族自治区}"
2900,桂林市两江四湖景区,桂林市,杉湖北路,1,4.20,0,generic_unsplash_fallback,https://images.unsplash.com/photo-1469854523086-cc02fe5d8800?auto=format&fit=crop&w=1200&q=80,https://images.unsplash.com/photo-1469854523086-cc02fe5d8800?auto=format&fit=crop&w=1200&q=80,"{国家级景点,桂林市,广西壮族自治区}"
2933,桂林市民广场沙滩区,桂林市,万福路市民广场(西南角),1,4.20,0,generic_unsplash_fallback,https://images.unsplash.com/photo-1444723121867-7a241cacace9?auto=format&fit=crop&w=1200&q=80,https://images.unsplash.com/photo-1444723121867-7a241cacace9?auto=format&fit=crop&w=1200&q=80,"{风景名胜,桂林市,广西壮族自治区}"
2915,桂林市榕杉湖景区,桂林市,秀峰街道杉湖北路(近阳桥),1,4.20,0,generic_unsplash_fallback,https://images.unsplash.com/photo-1469854523086-cc02fe5d8800?auto=format&fit=crop&w=1200&q=80,https://images.unsplash.com/photo-1469854523086-cc02fe5d8800?auto=format&fit=crop&w=1200&q=80,"{风景名胜,桂林市,广西壮族自治区}"
2891,桂林市山水公园,桂林市,西城大道,1,4.20,0,generic_unsplash_fallback,https://images.unsplash.com/photo-1500530855697-b586d89ba3ee?auto=format&fit=crop&w=1200&q=80,https://images.unsplash.com/photo-1500530855697-b586d89ba3ee?auto=format&fit=crop&w=1200&q=80,"{公园,桂林市,广西壮族自治区}"
2932,桂林市永远跟党走党建文化主题公园,桂林市,西城大道与新龙路交叉口西460米,1,4.20,0,generic_unsplash_fallback,https://images.unsplash.com/photo-1500530855697-b586d89ba3ee?auto=format&fit=crop&w=1200&q=80,https://images.unsplash.com/photo-1500530855697-b586d89ba3ee?auto=format&fit=crop&w=1200&q=80,"{公园,桂林市,广西壮族自治区}"
2940,桂林塔,桂林市,翠竹路与琴潭道交叉口西380米,1,4.20,0,generic_unsplash_fallback,https://images.unsplash.com/photo-1444723121867-7a241cacace9?auto=format&fit=crop&w=1200&q=80,https://images.unsplash.com/photo-1444723121867-7a241cacace9?auto=format&fit=crop&w=1200&q=80,"{旅游景点,桂林市,广西壮族自治区}"
2892,桂林新区环城水系景区,桂林市,临桂镇西城大道桂林市山水公园内(东侧),1,4.20,0,generic_unsplash_fallback,https://images.unsplash.com/photo-1469854523086-cc02fe5d8800?auto=format&fit=crop&w=1200&q=80,https://images.unsplash.com/photo-1469854523086-cc02fe5d8800?auto=format&fit=crop&w=1200&q=80,"{旅游景点,桂林市,广西壮族自治区}"
2959,桂林阳朔文化古迹山水园,桂林市,城内碧莲峰东麓阳朔文化古迹山水园内,1,4.20,0,generic_unsplash_fallback,https://images.unsplash.com/photo-1469854523086-cc02fe5d8800?auto=format&fit=crop&w=1200&q=80,https://images.unsplash.com/photo-1469854523086-cc02fe5d8800?auto=format&fit=crop&w=1200&q=80,"{风景名胜,桂林市,广西壮族自治区}"
2919,桂林尧山景区,桂林市,靖江路(距市中心8公里),1,4.20,0,generic_unsplash_fallback,https://images.unsplash.com/photo-1469854523086-cc02fe5d8800?auto=format&fit=crop&w=1200&q=80,https://images.unsplash.com/photo-1469854523086-cc02fe5d8800?auto=format&fit=crop&w=1200&q=80,"{国家级景点,桂林市,广西壮族自治区}"
2956,桂林园博园,桂林市,雁山镇雁山街389号,1,4.20,0,generic_unsplash_fallback,https://images.unsplash.com/photo-1500530855697-b586d89ba3ee?auto=format&fit=crop&w=1200&q=80,https://images.unsplash.com/photo-1500530855697-b586d89ba3ee?auto=format&fit=crop&w=1200&q=80,"{公园,桂林市,广西壮族自治区}"
2923,桂林园林植物园,桂林市,"南门街道环城西一路117号,近火车站",1,4.20,0,generic_unsplash_fallback,https://images.unsplash.com/photo-1469854523086-cc02fe5d8800?auto=format&fit=crop&w=1200&q=80,https://images.unsplash.com/photo-1469854523086-cc02fe5d8800?auto=format&fit=crop&w=1200&q=80,"{植物园,桂林市,广西壮族自治区}"
2946,桂林中心广场,桂林市,依仁路22号(八桂大厦对面),1,4.20,0,generic_unsplash_fallback,https://images.unsplash.com/photo-1444723121867-7a241cacace9?auto=format&fit=crop&w=1200&q=80,https://images.unsplash.com/photo-1444723121867-7a241cacace9?auto=format&fit=crop&w=1200&q=80,"{城市广场,桂林市,广西壮族自治区}"
2958,海菜花湿地,桂林市,百寿镇拉哮,1,4.20,0,generic_unsplash_fallback,https://images.unsplash.com/photo-1469854523086-cc02fe5d8800?auto=format&fit=crop&w=1200&q=80,https://images.unsplash.com/photo-1469854523086-cc02fe5d8800?auto=format&fit=crop&w=1200&q=80,"{旅游景点,桂林市,广西壮族自治区}"
2964,会仙湿地,桂林市,会仙镇睦洞村委毛家村,1,4.20,0,generic_unsplash_fallback,https://images.unsplash.com/photo-1469854523086-cc02fe5d8800?auto=format&fit=crop&w=1200&q=80,https://images.unsplash.com/photo-1469854523086-cc02fe5d8800?auto=format&fit=crop&w=1200&q=80,"{风景名胜,桂林市,广西壮族自治区}"
2920,会仙岩景区,桂林市,七星区街道会仙路6号,1,4.20,0,generic_unsplash_fallback,https://images.unsplash.com/photo-1469854523086-cc02fe5d8800?auto=format&fit=crop&w=1200&q=80,https://images.unsplash.com/photo-1469854523086-cc02fe5d8800?auto=format&fit=crop&w=1200&q=80,"{旅游景点,桂林市,广西壮族自治区}"
2913,甲天下广场,桂林市,漓江路28号,1,4.20,0,generic_unsplash_fallback,https://images.unsplash.com/photo-1444723121867-7a241cacace9?auto=format&fit=crop&w=1200&q=80,https://images.unsplash.com/photo-1444723121867-7a241cacace9?auto=format&fit=crop&w=1200&q=80,"{城市广场,桂林市,广西壮族自治区}"
2893,金山广场,桂林市,榕山路1号,1,4.20,0,generic_unsplash_fallback,https://images.unsplash.com/photo-1444723121867-7a241cacace9?auto=format&fit=crop&w=1200&q=80,https://images.unsplash.com/photo-1444723121867-7a241cacace9?auto=format&fit=crop&w=1200&q=80,"{城市广场,桂林市,广西壮族自治区}"
2924,金水公园,桂林市,临桂镇金水路,1,4.20,0,generic_unsplash_fallback,https://images.unsplash.com/photo-1500530855697-b586d89ba3ee?auto=format&fit=crop&w=1200&q=80,https://images.unsplash.com/photo-1500530855697-b586d89ba3ee?auto=format&fit=crop&w=1200&q=80,"{公园,桂林市,广西壮族自治区}"
2969,金字岭公园,桂林市,平乐镇同乐新区新汽车站,1,4.20,0,generic_unsplash_fallback,https://images.unsplash.com/photo-1500530855697-b586d89ba3ee?auto=format&fit=crop&w=1200&q=80,https://images.unsplash.com/photo-1500530855697-b586d89ba3ee?auto=format&fit=crop&w=1200&q=80,"{公园,桂林市,广西壮族自治区}"
2967,老寨山公园,桂林市,兴坪镇兴坪古镇兴坪码头旁,1,4.20,0,generic_unsplash_fallback,https://images.unsplash.com/photo-1500530855697-b586d89ba3ee?auto=format&fit=crop&w=1200&q=80,https://images.unsplash.com/photo-1500530855697-b586d89ba3ee?auto=format&fit=crop&w=1200&q=80,"{公园,桂林市,广西壮族自治区}"
2928,漓江景区,桂林市,磨盘山,1,4.20,0,generic_unsplash_fallback,https://images.unsplash.com/photo-1469854523086-cc02fe5d8800?auto=format&fit=crop&w=1200&q=80,https://images.unsplash.com/photo-1469854523086-cc02fe5d8800?auto=format&fit=crop&w=1200&q=80,"{国家级景点,桂林市,广西壮族自治区}"
2930,李宗仁官邸,桂林市,文明路4号,1,4.20,0,generic_unsplash_fallback,https://images.unsplash.com/photo-1469854523086-cc02fe5d8800?auto=format&fit=crop&w=1200&q=80,https://images.unsplash.com/photo-1469854523086-cc02fe5d8800?auto=format&fit=crop&w=1200&q=80,"{风景名胜,桂林市,广西壮族自治区}"
2945,临桂区革命烈士纪念碑,桂林市,金山广场(东北角),1,4.20,0,generic_unsplash_fallback,https://images.unsplash.com/photo-1469854523086-cc02fe5d8800?auto=format&fit=crop&w=1200&q=80,https://images.unsplash.com/photo-1469854523086-cc02fe5d8800?auto=format&fit=crop&w=1200&q=80,"{纪念馆,桂林市,广西壮族自治区}"
2927,临桂区文化广场,桂林市,会元路167号,1,4.20,0,generic_unsplash_fallback,https://images.unsplash.com/photo-1444723121867-7a241cacace9?auto=format&fit=crop&w=1200&q=80,https://images.unsplash.com/photo-1444723121867-7a241cacace9?auto=format&fit=crop&w=1200&q=80,"{城市广场,桂林市,广西壮族自治区}"
2922,刘三姐大观园,桂林市,桃花江路1号(近西山路),1,4.20,0,generic_unsplash_fallback,https://images.unsplash.com/photo-1469854523086-cc02fe5d8800?auto=format&fit=crop&w=1200&q=80,https://images.unsplash.com/photo-1469854523086-cc02fe5d8800?auto=format&fit=crop&w=1200&q=80,"{省级景点,桂林市,广西壮族自治区}"
2939,龙华古寺,桂林市,四塘镇横山村委横山村,1,4.20,0,generic_unsplash_fallback,https://images.unsplash.com/photo-1513415756790-2ac1db1297d0?auto=format&fit=crop&w=1200&q=80,https://images.unsplash.com/photo-1513415756790-2ac1db1297d0?auto=format&fit=crop&w=1200&q=80,"{寺庙道观,桂林市,广西壮族自治区}"
2963,龙胜温泉国家森林公园,桂林市,江底乡温泉度假区,1,4.20,0,generic_unsplash_fallback,https://images.unsplash.com/photo-1500530855697-b586d89ba3ee?auto=format&fit=crop&w=1200&q=80,https://images.unsplash.com/photo-1500530855697-b586d89ba3ee?auto=format&fit=crop&w=1200&q=80,"{风景名胜,桂林市,广西壮族自治区}"
2909,芦笛景区,桂林市,甲山街道芦笛路1号,1,4.20,0,generic_unsplash_fallback,https://images.unsplash.com/photo-1469854523086-cc02fe5d8800?auto=format&fit=crop&w=1200&q=80,https://images.unsplash.com/photo-1469854523086-cc02fe5d8800?auto=format&fit=crop&w=1200&q=80,"{国家级景点,桂林市,广西壮族自治区}"
2912,芦笛岩,桂林市,芦笛路1号,1,4.20,0,generic_unsplash_fallback,https://images.unsplash.com/photo-1469854523086-cc02fe5d8800?auto=format&fit=crop&w=1200&q=80,https://images.unsplash.com/photo-1469854523086-cc02fe5d8800?auto=format&fit=crop&w=1200&q=80,"{国家级景点,桂林市,广西壮族自治区}"
2926,鲁家村,桂林市,"",1,4.20,0,generic_unsplash_fallback,https://images.unsplash.com/photo-1469854523086-cc02fe5d8800?auto=format&fit=crop&w=1200&q=80,https://images.unsplash.com/photo-1469854523086-cc02fe5d8800?auto=format&fit=crop&w=1200&q=80,"{国家级景点,桂林市,广西壮族自治区}"
2961,木龙湖,桂林市,叠彩街道东镇路24号,1,4.20,0,generic_unsplash_fallback,https://images.unsplash.com/photo-1500530855697-b586d89ba3ee?auto=format&fit=crop&w=1200&q=80,https://images.unsplash.com/photo-1500530855697-b586d89ba3ee?auto=format&fit=crop&w=1200&q=80,"{公园,桂林市,广西壮族自治区}"
2905,南溪山公园,桂林市,平山街道中山南路2号(近将军路),1,4.20,0,generic_unsplash_fallback,https://images.unsplash.com/photo-1500530855697-b586d89ba3ee?auto=format&fit=crop&w=1200&q=80,https://images.unsplash.com/photo-1500530855697-b586d89ba3ee?auto=format&fit=crop&w=1200&q=80,"{公园,桂林市,广西壮族自治区}"
2966,七星公园七星岩洞,桂林市,七星路普陀山腹七星景区内(西北角),1,4.20,0,generic_unsplash_fallback,https://images.unsplash.com/photo-1500530855697-b586d89ba3ee?auto=format&fit=crop&w=1200&q=80,https://images.unsplash.com/photo-1500530855697-b586d89ba3ee?auto=format&fit=crop&w=1200&q=80,"{旅游景点,桂林市,广西壮族自治区}"
2907,七星景区,桂林市,漓江东岸七星路1号(近龙隐小学),1,4.20,0,generic_unsplash_fallback,https://images.unsplash.com/photo-1469854523086-cc02fe5d8800?auto=format&fit=crop&w=1200&q=80,https://images.unsplash.com/photo-1469854523086-cc02fe5d8800?auto=format&fit=crop&w=1200&q=80,"{国家级景点,桂林市,广西壮族自治区}"
2977,全州镇湘塔公园,桂林市,"",1,4.20,0,generic_unsplash_fallback,https://images.unsplash.com/photo-1500530855697-b586d89ba3ee?auto=format&fit=crop&w=1200&q=80,https://images.unsplash.com/photo-1500530855697-b586d89ba3ee?auto=format&fit=crop&w=1200&q=80,"{公园,桂林市,广西壮族自治区}"
2910,日月双塔,桂林市,象山街道滨江路2号两江四湖内,1,4.20,0,generic_unsplash_fallback,https://images.unsplash.com/photo-1444723121867-7a241cacace9?auto=format&fit=crop&w=1200&q=80,https://images.unsplash.com/photo-1444723121867-7a241cacace9?auto=format&fit=crop&w=1200&q=80,"{风景名胜,桂林市,广西壮族自治区}"
2899,日月双塔文化公园,桂林市,文明路榕杉湖景区内,1,4.20,0,generic_unsplash_fallback,https://images.unsplash.com/photo-1500530855697-b586d89ba3ee?auto=format&fit=crop&w=1200&q=80,https://images.unsplash.com/photo-1500530855697-b586d89ba3ee?auto=format&fit=crop&w=1200&q=80,"{公园,桂林市,广西壮族自治区}"
2937,三元及第陈继昌纪念馆,桂林市,西城大道与纬一路交叉口东南80米,1,4.20,0,generic_unsplash_fallback,https://images.unsplash.com/photo-1469854523086-cc02fe5d8800?auto=format&fit=crop&w=1200&q=80,https://images.unsplash.com/photo-1469854523086-cc02fe5d8800?auto=format&fit=crop&w=1200&q=80,"{纪念馆,桂林市,广西壮族自治区}"
2936,山水凤凰城凤凰山圆球广场,桂林市,西城北路21号,1,4.20,0,generic_unsplash_fallback,https://images.unsplash.com/photo-1444723121867-7a241cacace9?auto=format&fit=crop&w=1200&q=80,https://images.unsplash.com/photo-1444723121867-7a241cacace9?auto=format&fit=crop&w=1200&q=80,"{城市广场,桂林市,广西壮族自治区}"
2917,市民公园,桂林市,市政府南250米(万福路北),1,4.20,0,generic_unsplash_fallback,https://images.unsplash.com/photo-1500530855697-b586d89ba3ee?auto=format&fit=crop&w=1200&q=80,https://images.unsplash.com/photo-1500530855697-b586d89ba3ee?auto=format&fit=crop&w=1200&q=80,"{公园,桂林市,广西壮族自治区}"
2894,市民广场,桂林市,万福路,1,4.20,0,generic_unsplash_fallback,https://images.unsplash.com/photo-1500530855697-b586d89ba3ee?auto=format&fit=crop&w=1200&q=80,https://images.unsplash.com/photo-1500530855697-b586d89ba3ee?auto=format&fit=crop&w=1200&q=80,"{公园,桂林市,广西壮族自治区}"
2973,体育公园,桂林市,滨北路与站前路交叉口西南500米,1,4.20,0,generic_unsplash_fallback,https://images.unsplash.com/photo-1500530855697-b586d89ba3ee?auto=format&fit=crop&w=1200&q=80,https://images.unsplash.com/photo-1500530855697-b586d89ba3ee?auto=format&fit=crop&w=1200&q=80,"{公园,桂林市,广西壮族自治区}"
2916,象鼻山观景台,桂林市,民主路1号象鼻山景区内(西南角),1,4.20,0,generic_unsplash_fallback,https://images.unsplash.com/photo-1469854523086-cc02fe5d8800?auto=format&fit=crop&w=1200&q=80,https://images.unsplash.com/photo-1469854523086-cc02fe5d8800?auto=format&fit=crop&w=1200&q=80,"{观景点,桂林市,广西壮族自治区}"
2896,象鼻山景区,桂林市,民主路1号,1,4.20,0,generic_unsplash_fallback,https://images.unsplash.com/photo-1469854523086-cc02fe5d8800?auto=format&fit=crop&w=1200&q=80,https://images.unsplash.com/photo-1469854523086-cc02fe5d8800?auto=format&fit=crop&w=1200&q=80,"{国家级景点,桂林市,广西壮族自治区}"
2921,象鼻山渔人码头,桂林市,象鼻山景区3号门入口处(滨江路漓江6号码头),1,4.20,0,generic_unsplash_fallback,https://images.unsplash.com/photo-1469854523086-cc02fe5d8800?auto=format&fit=crop&w=1200&q=80,https://images.unsplash.com/photo-1469854523086-cc02fe5d8800?auto=format&fit=crop&w=1200&q=80,"{旅游景点,桂林市,广西壮族自治区}"
2906,信昌·桂海晴岚景区,桂林市,航天路22号,1,4.20,0,generic_unsplash_fallback,https://images.unsplash.com/photo-1469854523086-cc02fe5d8800?auto=format&fit=crop&w=1200&q=80,https://images.unsplash.com/photo-1469854523086-cc02fe5d8800?auto=format&fit=crop&w=1200&q=80,"{风景名胜,桂林市,广西壮族自治区}"
2960,雁山园,桂林市,雁山镇良丰下村十号,1,4.20,0,generic_unsplash_fallback,https://images.unsplash.com/photo-1500530855697-b586d89ba3ee?auto=format&fit=crop&w=1200&q=80,https://images.unsplash.com/photo-1500530855697-b586d89ba3ee?auto=format&fit=crop&w=1200&q=80,"{公园,桂林市,广西壮族自治区}"
2951,阳朔公园,桂林市,城内碧莲峰东麓叠翠路,1,4.20,0,generic_unsplash_fallback,https://images.unsplash.com/photo-1500530855697-b586d89ba3ee?auto=format&fit=crop&w=1200&q=80,https://images.unsplash.com/photo-1500530855697-b586d89ba3ee?auto=format&fit=crop&w=1200&q=80,"{公园,桂林市,广西壮族自治区}"
2965,阳朔遇龙河国家级旅游度假区,桂林市,十里画廊北入口旁,1,4.20,0,generic_unsplash_fallback,https://images.unsplash.com/photo-1469854523086-cc02fe5d8800?auto=format&fit=crop&w=1200&q=80,https://images.unsplash.com/photo-1469854523086-cc02fe5d8800?auto=format&fit=crop&w=1200&q=80,"{度假村,桂林市,广西壮族自治区}"
2970,尧山靖江王陵景区,桂林市,朝阳乡靖江王陵博物馆东北侧60米,1,4.20,0,generic_unsplash_fallback,https://images.unsplash.com/photo-1469854523086-cc02fe5d8800?auto=format&fit=crop&w=1200&q=80,https://images.unsplash.com/photo-1469854523086-cc02fe5d8800?auto=format&fit=crop&w=1200&q=80,"{国家级景点,桂林市,广西壮族自治区}"
2948,药王庙,桂林市,桂林生命与健康职业技术学院西南侧280米,1,4.20,0,generic_unsplash_fallback,https://images.unsplash.com/photo-1513415756790-2ac1db1297d0?auto=format&fit=crop&w=1200&q=80,https://images.unsplash.com/photo-1513415756790-2ac1db1297d0?auto=format&fit=crop&w=1200&q=80,"{寺庙道观,桂林市,广西壮族自治区}"
2938,隐月亭,桂林市,西城大道63号,1,4.20,0,generic_unsplash_fallback,https://images.unsplash.com/photo-1469854523086-cc02fe5d8800?auto=format&fit=crop&w=1200&q=80,https://images.unsplash.com/photo-1469854523086-cc02fe5d8800?auto=format&fit=crop&w=1200&q=80,"{风景名胜,桂林市,广西壮族自治区}"
2950,樱花园,桂林市,平山街道中山南路2号(近将军路)南溪山公园(东北角),1,4.20,0,generic_unsplash_fallback,https://images.unsplash.com/photo-1469854523086-cc02fe5d8800?auto=format&fit=crop&w=1200&q=80,https://images.unsplash.com/photo-1469854523086-cc02fe5d8800?auto=format&fit=crop&w=1200&q=80,"{旅游景点,桂林市,广西壮族自治区}"
2918,虞山公园,桂林市,叠彩街道中山北路70号,1,4.20,0,generic_unsplash_fallback,https://images.unsplash.com/photo-1500530855697-b586d89ba3ee?auto=format&fit=crop&w=1200&q=80,https://images.unsplash.com/photo-1500530855697-b586d89ba3ee?auto=format&fit=crop&w=1200&q=80,"{公园,桂林市,广西壮族自治区}"
2968,甑皮岩国家考古遗址公园,桂林市,平山街道甑皮岩路26号,1,4.20,0,generic_unsplash_fallback,https://images.unsplash.com/photo-1500530855697-b586d89ba3ee?auto=format&fit=crop&w=1200&q=80,https://images.unsplash.com/photo-1500530855697-b586d89ba3ee?auto=format&fit=crop&w=1200&q=80,"{风景名胜,桂林市,广西壮族自治区}"
2908,状元桥,桂林市,临桂田心,1,4.20,0,generic_unsplash_fallback,https://images.unsplash.com/photo-1469854523086-cc02fe5d8800?auto=format&fit=crop&w=1200&q=80,https://images.unsplash.com/photo-1469854523086-cc02fe5d8800?auto=format&fit=crop&w=1200&q=80,"{风景名胜,桂林市,广西壮族自治区}"
2955,资源丹霞地质公园,桂林市,202省道附近广西资源国家地质公园博物馆旁,1,4.20,0,generic_unsplash_fallback,https://images.unsplash.com/photo-1500530855697-b586d89ba3ee?auto=format&fit=crop&w=1200&q=80,https://images.unsplash.com/photo-1500530855697-b586d89ba3ee?auto=format&fit=crop&w=1200&q=80,"{风景名胜,桂林市,广西壮族自治区}"
2091,滨江湿地旅游风景区,哈尔滨市,小七队屯,1,4.20,0,generic_unsplash_fallback,https://images.unsplash.com/photo-1469854523086-cc02fe5d8800?auto=format&fit=crop&w=1200&q=80,https://images.unsplash.com/photo-1469854523086-cc02fe5d8800?auto=format&fit=crop&w=1200&q=80,"{旅游景点,哈尔滨市,黑龙江省}"
2066,滨水公园,哈尔滨市,学海街近江路交口,1,4.20,0,generic_unsplash_fallback,https://images.unsplash.com/photo-1500530855697-b586d89ba3ee?auto=format&fit=crop&w=1200&q=80,https://images.unsplash.com/photo-1500530855697-b586d89ba3ee?auto=format&fit=crop&w=1200&q=80,"{科教文化场所,哈尔滨市,黑龙江省}"
2062,冰上汽车芭蕾秀,哈尔滨市,太阳大道1458号哈尔滨冰雪大世界(西南角),1,4.20,0,generic_unsplash_fallback,https://images.unsplash.com/photo-1469854523086-cc02fe5d8800?auto=format&fit=crop&w=1200&q=80,https://images.unsplash.com/photo-1469854523086-cc02fe5d8800?auto=format&fit=crop&w=1200&q=80,"{旅游景点,哈尔滨市,黑龙江省}"
2090,承旭公园,哈尔滨市,"东环城南路东侧,双青路翠海明苑小区南侧",1,4.20,0,generic_unsplash_fallback,https://images.unsplash.com/photo-1500530855697-b586d89ba3ee?auto=format&fit=crop&w=1200&q=80,https://images.unsplash.com/photo-1500530855697-b586d89ba3ee?auto=format&fit=crop&w=1200&q=80,"{公园,哈尔滨市,黑龙江省}"
2084,黛秀湖公园,哈尔滨市,健康路2号,1,4.20,0,generic_unsplash_fallback,https://images.unsplash.com/photo-1500530855697-b586d89ba3ee?auto=format&fit=crop&w=1200&q=80,https://images.unsplash.com/photo-1500530855697-b586d89ba3ee?auto=format&fit=crop&w=1200&q=80,"{公园,哈尔滨市,黑龙江省}"
2080,吊水壶国家森林公园,哈尔滨市,吊水湖,1,4.20,0,generic_unsplash_fallback,https://images.unsplash.com/photo-1500530855697-b586d89ba3ee?auto=format&fit=crop&w=1200&q=80,https://images.unsplash.com/photo-1500530855697-b586d89ba3ee?auto=format&fit=crop&w=1200&q=80,"{旅游景点,哈尔滨市,黑龙江省}"
2040,丁香公园,哈尔滨市,群力大道与景江东路交汇处,1,4.20,0,generic_unsplash_fallback,https://images.unsplash.com/photo-1500530855697-b586d89ba3ee?auto=format&fit=crop&w=1200&q=80,https://images.unsplash.com/photo-1500530855697-b586d89ba3ee?auto=format&fit=crop&w=1200&q=80,"{公园,哈尔滨市,黑龙江省}"
2028,东北虎林园,哈尔滨市,松北街88号,1,4.20,0,generic_unsplash_fallback,https://images.unsplash.com/photo-1469854523086-cc02fe5d8800?auto=format&fit=crop&w=1200&q=80,https://images.unsplash.com/photo-1469854523086-cc02fe5d8800?auto=format&fit=crop&w=1200&q=80,"{风景名胜,哈尔滨市,黑龙江省}"
2046,枫叶小镇温泉度假村,哈尔滨市,智谷三街5555号,1,4.20,0,generic_unsplash_fallback,https://images.unsplash.com/photo-1469854523086-cc02fe5d8800?auto=format&fit=crop&w=1200&q=80,https://images.unsplash.com/photo-1469854523086-cc02fe5d8800?auto=format&fit=crop&w=1200&q=80,"{旅游景点,哈尔滨市,黑龙江省}"
2072,凤凰山国家森林公园,哈尔滨市,山河屯林业局凤凰山林场,1,4.20,0,generic_unsplash_fallback,https://images.unsplash.com/photo-1500530855697-b586d89ba3ee?auto=format&fit=crop&w=1200&q=80,https://images.unsplash.com/photo-1500530855697-b586d89ba3ee?auto=format&fit=crop&w=1200&q=80,"{国家级景点,哈尔滨市,黑龙江省}"
2023,哈尔滨冰雪大世界,哈尔滨市,太阳大道1458号,1,4.20,0,generic_unsplash_fallback,https://images.unsplash.com/photo-1469854523086-cc02fe5d8800?auto=format&fit=crop&w=1200&q=80,https://images.unsplash.com/photo-1469854523086-cc02fe5d8800?auto=format&fit=crop&w=1200&q=80,"{风景名胜,哈尔滨市,黑龙江省}"
2030,哈尔滨防洪纪念塔广场,哈尔滨市,斯大林街3号斯大林公园内(东侧),1,4.20,0,generic_unsplash_fallback,https://images.unsplash.com/photo-1444723121867-7a241cacace9?auto=format&fit=crop&w=1200&q=80,https://images.unsplash.com/photo-1444723121867-7a241cacace9?auto=format&fit=crop&w=1200&q=80,"{城市广场,哈尔滨市,黑龙江省}"
2026,哈尔滨极地公园,哈尔滨市,太阳大道277号(太阳岛地铁站2号口步行140米),1,4.20,0,generic_unsplash_fallback,https://images.unsplash.com/photo-1500530855697-b586d89ba3ee?auto=format&fit=crop&w=1200&q=80,https://images.unsplash.com/photo-1500530855697-b586d89ba3ee?auto=format&fit=crop&w=1200&q=80,"{公园,哈尔滨市,黑龙江省}"
2045,哈尔滨极地公园·海洋馆,哈尔滨市,太阳大道277号哈尔滨极地公园内(东侧),1,4.20,0,generic_unsplash_fallback,https://images.unsplash.com/photo-1500530855697-b586d89ba3ee?auto=format&fit=crop&w=1200&q=80,https://images.unsplash.com/photo-1500530855697-b586d89ba3ee?auto=format&fit=crop&w=1200&q=80,"{水族馆,哈尔滨市,黑龙江省}"
2027,哈尔滨极地公园·极地馆,哈尔滨市,太阳大道277号,1,4.20,0,generic_unsplash_fallback,https://images.unsplash.com/photo-1500530855697-b586d89ba3ee?auto=format&fit=crop&w=1200&q=80,https://images.unsplash.com/photo-1500530855697-b586d89ba3ee?auto=format&fit=crop&w=1200&q=80,"{水族馆,哈尔滨市,黑龙江省}"
2021,哈尔滨融创乐园,哈尔滨市,世茂大道99-1号,1,4.20,0,generic_unsplash_fallback,https://images.unsplash.com/photo-1469854523086-cc02fe5d8800?auto=format&fit=crop&w=1200&q=80,https://images.unsplash.com/photo-1469854523086-cc02fe5d8800?auto=format&fit=crop&w=1200&q=80,"{旅游景点,哈尔滨市,黑龙江省}"
2022,哈尔滨融创文旅城,哈尔滨市,丰源街与世茂大道交汇处,1,4.20,0,generic_unsplash_fallback,https://images.unsplash.com/photo-1469854523086-cc02fe5d8800?auto=format&fit=crop&w=1200&q=80,https://images.unsplash.com/photo-1469854523086-cc02fe5d8800?auto=format&fit=crop&w=1200&q=80,"{旅游景点,哈尔滨市,黑龙江省}"
2074,哈尔滨市道外区古梨园,哈尔滨市,宏伟路254号,1,4.20,0,generic_unsplash_fallback,https://images.unsplash.com/photo-1500530855697-b586d89ba3ee?auto=format&fit=crop&w=1200&q=80,https://images.unsplash.com/photo-1500530855697-b586d89ba3ee?auto=format&fit=crop&w=1200&q=80,"{公园,哈尔滨市,黑龙江省}"
2075,哈尔滨市儿童公园,哈尔滨市,果戈里大街295号(近花园街),1,4.20,0,generic_unsplash_fallback,https://images.unsplash.com/photo-1500530855697-b586d89ba3ee?auto=format&fit=crop&w=1200&q=80,https://images.unsplash.com/photo-1500530855697-b586d89ba3ee?auto=format&fit=crop&w=1200&q=80,"{公园,哈尔滨市,黑龙江省}"
2031,哈尔滨市人民防洪胜利纪念塔,哈尔滨市,友谊路259-7号,1,4.20,0,generic_unsplash_fallback,https://images.unsplash.com/photo-1444723121867-7a241cacace9?auto=format&fit=crop&w=1200&q=80,https://images.unsplash.com/photo-1444723121867-7a241cacace9?auto=format&fit=crop&w=1200&q=80,"{风景名胜,哈尔滨市,黑龙江省}"
2093,哈尔滨市长青公园,哈尔滨市,南极街116号,1,4.20,0,generic_unsplash_fallback,https://images.unsplash.com/photo-1500530855697-b586d89ba3ee?auto=format&fit=crop&w=1200&q=80,https://images.unsplash.com/photo-1500530855697-b586d89ba3ee?auto=format&fit=crop&w=1200&q=80,"{公园广场,哈尔滨市,黑龙江省}"
2041,哈尔滨市兆麟公园,哈尔滨市,森林街41号,1,4.20,0,generic_unsplash_fallback,https://images.unsplash.com/photo-1500530855697-b586d89ba3ee?auto=format&fit=crop&w=1200&q=80,https://images.unsplash.com/photo-1500530855697-b586d89ba3ee?auto=format&fit=crop&w=1200&q=80,"{公园,哈尔滨市,黑龙江省}"
2039,哈尔滨市政府广场,哈尔滨市,松北街道世纪大道与泰山街交叉口西南340米,1,4.20,0,generic_unsplash_fallback,https://images.unsplash.com/photo-1444723121867-7a241cacace9?auto=format&fit=crop&w=1200&q=80,https://images.unsplash.com/photo-1444723121867-7a241cacace9?auto=format&fit=crop&w=1200&q=80,"{城市广场,哈尔滨市,黑龙江省}"
2069,哈尔滨太阳岛风景区-轮渡旅游码头,哈尔滨市,太阳岛街道太阳岛街道太阳大道1号哈尔滨太阳岛风景区内,1,4.20,0,generic_unsplash_fallback,https://images.unsplash.com/photo-1469854523086-cc02fe5d8800?auto=format&fit=crop&w=1200&q=80,https://images.unsplash.com/photo-1469854523086-cc02fe5d8800?auto=format&fit=crop&w=1200&q=80,"{风景名胜,哈尔滨市,黑龙江省}"
2082,哈尔滨文化公园,哈尔滨市,南通大街208号(近哈尔滨工程大学),1,4.20,0,generic_unsplash_fallback,https://images.unsplash.com/photo-1500530855697-b586d89ba3ee?auto=format&fit=crop&w=1200&q=80,https://images.unsplash.com/photo-1500530855697-b586d89ba3ee?auto=format&fit=crop&w=1200&q=80,"{旅游景点,哈尔滨市,黑龙江省}"
2068,哈尔滨文化中心公园,哈尔滨市,"哈尔滨大剧院对面,东北虎林园西侧",1,4.20,0,generic_unsplash_fallback,https://images.unsplash.com/photo-1500530855697-b586d89ba3ee?auto=format&fit=crop&w=1200&q=80,https://images.unsplash.com/photo-1500530855697-b586d89ba3ee?auto=format&fit=crop&w=1200&q=80,"{公园,哈尔滨市,黑龙江省}"
2033,哈尔滨音乐公园,哈尔滨市,群力街道上江街与友谊西路交汇处,1,4.20,0,generic_unsplash_fallback,https://images.unsplash.com/photo-1500530855697-b586d89ba3ee?auto=format&fit=crop&w=1200&q=80,https://images.unsplash.com/photo-1500530855697-b586d89ba3ee?auto=format&fit=crop&w=1200&q=80,"{公园,哈尔滨市,黑龙江省}"
2025,哈尔滨中央大街,哈尔滨市,中央大街1号,1,4.20,0,generic_unsplash_fallback,https://images.unsplash.com/photo-1519608487953-e999c86e7455?auto=format&fit=crop&w=1200&q=80,https://images.unsplash.com/photo-1519608487953-e999c86e7455?auto=format&fit=crop&w=1200&q=80,"{旅游景点,哈尔滨市,黑龙江省}"
2087,黑龙江哈尔滨阿勒锦岛国家湿地公园,哈尔滨市,松浦大桥附近,1,4.20,0,generic_unsplash_fallback,https://images.unsplash.com/photo-1500530855697-b586d89ba3ee?auto=format&fit=crop&w=1200&q=80,https://images.unsplash.com/photo-1500530855697-b586d89ba3ee?auto=format&fit=crop&w=1200&q=80,"{公园,哈尔滨市,黑龙江省}"
2061,黑龙江哈尔滨太阳岛国家湿地公园,哈尔滨市,政府大厦对面,1,4.20,0,generic_unsplash_fallback,https://images.unsplash.com/photo-1500530855697-b586d89ba3ee?auto=format&fit=crop&w=1200&q=80,https://images.unsplash.com/photo-1500530855697-b586d89ba3ee?auto=format&fit=crop&w=1200&q=80,"{公园,哈尔滨市,黑龙江省}"
2059,黑龙江省森林植物园,哈尔滨市,哈平路街道哈平路105号,1,4.20,0,generic_unsplash_fallback,https://images.unsplash.com/photo-1469854523086-cc02fe5d8800?auto=format&fit=crop&w=1200&q=80,https://images.unsplash.com/photo-1469854523086-cc02fe5d8800?auto=format&fit=crop&w=1200&q=80,"{植物园,哈尔滨市,黑龙江省}"
2081,呼兰河口湿地公园,哈尔滨市,东岗村香蒲大堤,1,4.20,0,generic_unsplash_fallback,https://images.unsplash.com/photo-1500530855697-b586d89ba3ee?auto=format&fit=crop&w=1200&q=80,https://images.unsplash.com/photo-1500530855697-b586d89ba3ee?auto=format&fit=crop&w=1200&q=80,"{风景名胜,哈尔滨市,黑龙江省}"
2095,会宁公园,哈尔滨市,通城街道会宁路258号,1,4.20,0,generic_unsplash_fallback,https://images.unsplash.com/photo-1500530855697-b586d89ba3ee?auto=format&fit=crop&w=1200&q=80,https://images.unsplash.com/photo-1500530855697-b586d89ba3ee?auto=format&fit=crop&w=1200&q=80,"{公园,哈尔滨市,黑龙江省}"
2050,极乐寺,哈尔滨市,燎原街道花园街道东大直街9号,1,4.20,0,generic_unsplash_fallback,https://images.unsplash.com/photo-1513415756790-2ac1db1297d0?auto=format&fit=crop&w=1200&q=80,https://images.unsplash.com/photo-1513415756790-2ac1db1297d0?auto=format&fit=crop&w=1200&q=80,"{寺庙道观,哈尔滨市,黑龙江省}"
2044,江上城堡观光索道,哈尔滨市,通江街218号(通江广场),1,4.20,0,generic_unsplash_fallback,https://images.unsplash.com/photo-1469854523086-cc02fe5d8800?auto=format&fit=crop&w=1200&q=80,https://images.unsplash.com/photo-1469854523086-cc02fe5d8800?auto=format&fit=crop&w=1200&q=80,"{旅游景点,哈尔滨市,黑龙江省}"
2094,金河公园,哈尔滨市,景江东路66号,1,4.20,0,generic_unsplash_fallback,https://images.unsplash.com/photo-1500530855697-b586d89ba3ee?auto=format&fit=crop&w=1200&q=80,https://images.unsplash.com/photo-1500530855697-b586d89ba3ee?auto=format&fit=crop&w=1200&q=80,"{公园,哈尔滨市,黑龙江省}"
2029,金河湾湿地植物园,哈尔滨市,江湾路5000号,1,4.20,0,generic_unsplash_fallback,https://images.unsplash.com/photo-1469854523086-cc02fe5d8800?auto=format&fit=crop&w=1200&q=80,https://images.unsplash.com/photo-1469854523086-cc02fe5d8800?auto=format&fit=crop&w=1200&q=80,"{植物园,哈尔滨市,黑龙江省}"
2077,金龙山国家森林公园,哈尔滨市,阿小线附近,1,4.20,0,generic_unsplash_fallback,https://images.unsplash.com/photo-1500530855697-b586d89ba3ee?auto=format&fit=crop&w=1200&q=80,https://images.unsplash.com/photo-1500530855697-b586d89ba3ee?auto=format&fit=crop&w=1200&q=80,"{省级景点,哈尔滨市,黑龙江省}"
2092,靖宇公园,哈尔滨市,北二十道街136号(近礼化街),1,4.20,0,generic_unsplash_fallback,https://images.unsplash.com/photo-1500530855697-b586d89ba3ee?auto=format&fit=crop&w=1200&q=80,https://images.unsplash.com/photo-1500530855697-b586d89ba3ee?auto=format&fit=crop&w=1200&q=80,"{公园,哈尔滨市,黑龙江省}"
2048,九站公园,哈尔滨市,九站街1号,1,4.20,0,generic_unsplash_fallback,https://images.unsplash.com/photo-1500530855697-b586d89ba3ee?auto=format&fit=crop&w=1200&q=80,https://images.unsplash.com/photo-1500530855697-b586d89ba3ee?auto=format&fit=crop&w=1200&q=80,"{公园,哈尔滨市,黑龙江省}"
2073,劳动公园,哈尔滨市,大庆路街道旭升南街景和社区斜对面,1,4.20,0,generic_unsplash_fallback,https://images.unsplash.com/photo-1500530855697-b586d89ba3ee?auto=format&fit=crop&w=1200&q=80,https://images.unsplash.com/photo-1500530855697-b586d89ba3ee?auto=format&fit=crop&w=1200&q=80,"{公园,哈尔滨市,黑龙江省}"
2056,龙塔,哈尔滨市,长江路178号,1,4.20,0,generic_unsplash_fallback,https://images.unsplash.com/photo-1444723121867-7a241cacace9?auto=format&fit=crop&w=1200&q=80,https://images.unsplash.com/photo-1444723121867-7a241cacace9?auto=format&fit=crop&w=1200&q=80,"{国家级景点,哈尔滨市,黑龙江省}"
2052,鹿苑,哈尔滨市,太阳岛街道警备路3号太阳岛风景区内(西侧),1,4.20,0,generic_unsplash_fallback,https://images.unsplash.com/photo-1469854523086-cc02fe5d8800?auto=format&fit=crop&w=1200&q=80,https://images.unsplash.com/photo-1469854523086-cc02fe5d8800?auto=format&fit=crop&w=1200&q=80,"{旅游景点,哈尔滨市,黑龙江省}"
2088,妈妈顶原始森林景区,哈尔滨市,"",1,4.20,0,generic_unsplash_fallback,https://images.unsplash.com/photo-1469854523086-cc02fe5d8800?auto=format&fit=crop&w=1200&q=80,https://images.unsplash.com/photo-1469854523086-cc02fe5d8800?auto=format&fit=crop&w=1200&q=80,"{国家级景点,哈尔滨市,黑龙江省}"
2070,帽儿山风景区,哈尔滨市,帽儿山镇吕家围子村,1,4.20,0,generic_unsplash_fallback,https://images.unsplash.com/photo-1469854523086-cc02fe5d8800?auto=format&fit=crop&w=1200&q=80,https://images.unsplash.com/photo-1469854523086-cc02fe5d8800?auto=format&fit=crop&w=1200&q=80,"{风景名胜,哈尔滨市,黑龙江省}"
2065,摩洛哥蓝色小镇,哈尔滨市,哈尔滨地铁2号线太阳岛站1号口(哈尔滨极地公园),1,4.20,0,generic_unsplash_fallback,https://images.unsplash.com/photo-1469854523086-cc02fe5d8800?auto=format&fit=crop&w=1200&q=80,https://images.unsplash.com/photo-1469854523086-cc02fe5d8800?auto=format&fit=crop&w=1200&q=80,"{商务住宅相关,哈尔滨市,黑龙江省}"
2083,平房公园,哈尔滨市,友协街道友协大街29号(近龙滨路),1,4.20,0,generic_unsplash_fallback,https://images.unsplash.com/photo-1500530855697-b586d89ba3ee?auto=format&fit=crop&w=1200&q=80,https://images.unsplash.com/photo-1500530855697-b586d89ba3ee?auto=format&fit=crop&w=1200&q=80,"{公园,哈尔滨市,黑龙江省}"
2057,巧克力城堡观光索道,哈尔滨市,风景街18号旁,1,4.20,0,generic_unsplash_fallback,https://images.unsplash.com/photo-1469854523086-cc02fe5d8800?auto=format&fit=crop&w=1200&q=80,https://images.unsplash.com/photo-1469854523086-cc02fe5d8800?auto=format&fit=crop&w=1200&q=80,"{旅游景点,哈尔滨市,黑龙江省}"
2097,清滨公园,哈尔滨市,西大直街与和兴三道街交口,1,4.20,0,generic_unsplash_fallback,https://images.unsplash.com/photo-1500530855697-b586d89ba3ee?auto=format&fit=crop&w=1200&q=80,https://images.unsplash.com/photo-1500530855697-b586d89ba3ee?auto=format&fit=crop&w=1200&q=80,"{公园,哈尔滨市,黑龙江省}"
2051,群力外滩生态湿地,哈尔滨市,工农街道星光耀广场,1,4.20,0,generic_unsplash_fallback,https://images.unsplash.com/photo-1500530855697-b586d89ba3ee?auto=format&fit=crop&w=1200&q=80,https://images.unsplash.com/photo-1500530855697-b586d89ba3ee?auto=format&fit=crop&w=1200&q=80,"{公园,哈尔滨市,黑龙江省}"
2043,人民广场,哈尔滨市,经纬街与友谊路交口102号,1,4.20,0,generic_unsplash_fallback,https://images.unsplash.com/photo-1444723121867-7a241cacace9?auto=format&fit=crop&w=1200&q=80,https://images.unsplash.com/photo-1444723121867-7a241cacace9?auto=format&fit=crop&w=1200&q=80,"{城市广场,哈尔滨市,黑龙江省}"
2063,润福公园,哈尔滨市,中源大道辅路与松北大道辅路交叉口东北180米,1,4.20,0,generic_unsplash_fallback,https://images.unsplash.com/photo-1500530855697-b586d89ba3ee?auto=format&fit=crop&w=1200&q=80,https://images.unsplash.com/photo-1500530855697-b586d89ba3ee?auto=format&fit=crop&w=1200&q=80,"{公园,哈尔滨市,黑龙江省}"
2086,尚志公园,哈尔滨市,公滨路478号,1,4.20,0,generic_unsplash_fallback,https://images.unsplash.com/photo-1500530855697-b586d89ba3ee?auto=format&fit=crop&w=1200&q=80,https://images.unsplash.com/photo-1500530855697-b586d89ba3ee?auto=format&fit=crop&w=1200&q=80,"{公园,哈尔滨市,黑龙江省}"
2034,圣·索菲亚教堂,哈尔滨市,透笼街88号,1,4.20,0,generic_unsplash_fallback,https://images.unsplash.com/photo-1469854523086-cc02fe5d8800?auto=format&fit=crop&w=1200&q=80,https://images.unsplash.com/photo-1469854523086-cc02fe5d8800?auto=format&fit=crop&w=1200&q=80,"{教堂,哈尔滨市,黑龙江省}"
2053,世界欢乐城,哈尔滨市,美术家大街666号,1,4.20,0,generic_unsplash_fallback,https://images.unsplash.com/photo-1469854523086-cc02fe5d8800?auto=format&fit=crop&w=1200&q=80,https://images.unsplash.com/photo-1469854523086-cc02fe5d8800?auto=format&fit=crop&w=1200&q=80,"{旅游景点,哈尔滨市,黑龙江省}"
2037,斯大林公园,哈尔滨市,斯大林街3号(近松花江畔),1,4.20,0,generic_unsplash_fallback,https://images.unsplash.com/photo-1500530855697-b586d89ba3ee?auto=format&fit=crop&w=1200&q=80,https://images.unsplash.com/photo-1500530855697-b586d89ba3ee?auto=format&fit=crop&w=1200&q=80,"{公园,哈尔滨市,黑龙江省}"
2055,松花江湿地,哈尔滨市,松花江北岸,1,4.20,0,generic_unsplash_fallback,https://images.unsplash.com/photo-1469854523086-cc02fe5d8800?auto=format&fit=crop&w=1200&q=80,https://images.unsplash.com/photo-1469854523086-cc02fe5d8800?auto=format&fit=crop&w=1200&q=80,"{旅游景点,哈尔滨市,黑龙江省}"
2036,太阳岛大熊猫馆,哈尔滨市,太阳岛冰雪艺术馆附近,1,4.20,0,generic_unsplash_fallback,https://images.unsplash.com/photo-1469854523086-cc02fe5d8800?auto=format&fit=crop&w=1200&q=80,https://images.unsplash.com/photo-1469854523086-cc02fe5d8800?auto=format&fit=crop&w=1200&q=80,"{动物园,哈尔滨市,黑龙江省}"
2024,太阳岛风景区,哈尔滨市,太阳大道3号,1,4.20,0,generic_unsplash_fallback,https://images.unsplash.com/photo-1469854523086-cc02fe5d8800?auto=format&fit=crop&w=1200&q=80,https://images.unsplash.com/photo-1469854523086-cc02fe5d8800?auto=format&fit=crop&w=1200&q=80,"{国家级景点,哈尔滨市,黑龙江省}"
2060,太阳岛风景区俄罗斯风情小镇,哈尔滨市,平原街20号,1,4.20,0,generic_unsplash_fallback,https://images.unsplash.com/photo-1469854523086-cc02fe5d8800?auto=format&fit=crop&w=1200&q=80,https://images.unsplash.com/photo-1469854523086-cc02fe5d8800?auto=format&fit=crop&w=1200&q=80,"{旅游景点,哈尔滨市,黑龙江省}"
2038,太阳岛绿色运动公园,哈尔滨市,雪乡街与冰峰路交叉口南260米,1,4.20,0,generic_unsplash_fallback,https://images.unsplash.com/photo-1500530855697-b586d89ba3ee?auto=format&fit=crop&w=1200&q=80,https://images.unsplash.com/photo-1500530855697-b586d89ba3ee?auto=format&fit=crop&w=1200&q=80,"{公园,哈尔滨市,黑龙江省}"
2085,体育公园,哈尔滨市,工农街道群力大道与丽江路交叉口东300米,1,4.20,0,generic_unsplash_fallback,https://images.unsplash.com/photo-1500530855697-b586d89ba3ee?auto=format&fit=crop&w=1200&q=80,https://images.unsplash.com/photo-1500530855697-b586d89ba3ee?auto=format&fit=crop&w=1200&q=80,"{公园,哈尔滨市,黑龙江省}"
2054,外滩雪人码头,哈尔滨市,友谊西路与上江街交口,1,4.20,0,generic_unsplash_fallback,https://images.unsplash.com/photo-1469854523086-cc02fe5d8800?auto=format&fit=crop&w=1200&q=80,https://images.unsplash.com/photo-1469854523086-cc02fe5d8800?auto=format&fit=crop&w=1200&q=80,"{旅游景点,哈尔滨市,黑龙江省}"
2071,香炉山国家森林公园,哈尔滨市,平坊镇益阳村,1,4.20,0,generic_unsplash_fallback,https://images.unsplash.com/photo-1500530855697-b586d89ba3ee?auto=format&fit=crop&w=1200&q=80,https://images.unsplash.com/photo-1500530855697-b586d89ba3ee?auto=format&fit=crop&w=1200&q=80,"{省级景点,哈尔滨市,黑龙江省}"
2079,湘江公园,哈尔滨市,汉水路408号,1,4.20,0,generic_unsplash_fallback,https://images.unsplash.com/photo-1500530855697-b586d89ba3ee?auto=format&fit=crop&w=1200&q=80,https://images.unsplash.com/photo-1500530855697-b586d89ba3ee?auto=format&fit=crop&w=1200&q=80,"{风景名胜,哈尔滨市,黑龙江省}"
2032,新区中心公园,哈尔滨市,中源大道与江安街交汇处,1,4.20,0,generic_unsplash_fallback,https://images.unsplash.com/photo-1500530855697-b586d89ba3ee?auto=format&fit=crop&w=1200&q=80,https://images.unsplash.com/photo-1500530855697-b586d89ba3ee?auto=format&fit=crop&w=1200&q=80,"{公园,哈尔滨市,黑龙江省}"
2067,雪花广场,哈尔滨市,雪花南三路与创新二路交叉口东120米,1,4.20,0,generic_unsplash_fallback,https://images.unsplash.com/photo-1444723121867-7a241cacace9?auto=format&fit=crop&w=1200&q=80,https://images.unsplash.com/photo-1444723121867-7a241cacace9?auto=format&fit=crop&w=1200&q=80,"{城市广场,哈尔滨市,黑龙江省}"
2047,一湖三岛,哈尔滨市,太阳岛西区外滩湿地公园(东南角),1,4.20,0,generic_unsplash_fallback,https://images.unsplash.com/photo-1469854523086-cc02fe5d8800?auto=format&fit=crop&w=1200&q=80,https://images.unsplash.com/photo-1469854523086-cc02fe5d8800?auto=format&fit=crop&w=1200&q=80,"{风景名胜,哈尔滨市,黑龙江省}"
2096,驿马山森林公园,哈尔滨市,西集镇境内,1,4.20,0,generic_unsplash_fallback,https://images.unsplash.com/photo-1500530855697-b586d89ba3ee?auto=format&fit=crop&w=1200&q=80,https://images.unsplash.com/photo-1500530855697-b586d89ba3ee?auto=format&fit=crop&w=1200&q=80,"{风景名胜,哈尔滨市,黑龙江省}"
2042,音乐长廊,哈尔滨市,工农街道群力街道盛和天下S3号楼,1,4.20,0,generic_unsplash_fallback,https://images.unsplash.com/photo-1469854523086-cc02fe5d8800?auto=format&fit=crop&w=1200&q=80,https://images.unsplash.com/photo-1469854523086-cc02fe5d8800?auto=format&fit=crop&w=1200&q=80,"{城市广场,哈尔滨市,黑龙江省}"
2089,云湖公园,哈尔滨市,"",1,4.20,0,generic_unsplash_fallback,https://images.unsplash.com/photo-1500530855697-b586d89ba3ee?auto=format&fit=crop&w=1200&q=80,https://images.unsplash.com/photo-1500530855697-b586d89ba3ee?auto=format&fit=crop&w=1200&q=80,"{公园,哈尔滨市,黑龙江省}"
2078,长寿国家森林公园,哈尔滨市,宾西经济开发区长寿山,1,4.20,0,generic_unsplash_fallback,https://images.unsplash.com/photo-1500530855697-b586d89ba3ee?auto=format&fit=crop&w=1200&q=80,https://images.unsplash.com/photo-1500530855697-b586d89ba3ee?auto=format&fit=crop&w=1200&q=80,"{省级景点,哈尔滨市,黑龙江省}"
2049,中东铁路桥,哈尔滨市,旭初街和江畔路交口,1,4.20,0,generic_unsplash_fallback,https://images.unsplash.com/photo-1469854523086-cc02fe5d8800?auto=format&fit=crop&w=1200&q=80,https://images.unsplash.com/photo-1469854523086-cc02fe5d8800?auto=format&fit=crop&w=1200&q=80,"{风景名胜,哈尔滨市,黑龙江省}"
2076,中国亭园,哈尔滨市,油坊街0-1号,1,4.20,0,generic_unsplash_fallback,https://images.unsplash.com/photo-1500530855697-b586d89ba3ee?auto=format&fit=crop&w=1200&q=80,https://images.unsplash.com/photo-1500530855697-b586d89ba3ee?auto=format&fit=crop&w=1200&q=80,"{公园,哈尔滨市,黑龙江省}"
2035,中华巴洛克历史文化街区,哈尔滨市,南头道街64号,1,4.20,0,generic_unsplash_fallback,https://images.unsplash.com/photo-1519608487953-e999c86e7455?auto=format&fit=crop&w=1200&q=80,https://images.unsplash.com/photo-1519608487953-e999c86e7455?auto=format&fit=crop&w=1200&q=80,"{购物相关场所,哈尔滨市,黑龙江省}"
3208,白鸽园,海口市,海秀中路102号金牛岭公园内(西北角),1,4.20,0,generic_unsplash_fallback,https://images.unsplash.com/photo-1469854523086-cc02fe5d8800?auto=format&fit=crop&w=1200&q=80,https://images.unsplash.com/photo-1469854523086-cc02fe5d8800?auto=format&fit=crop&w=1200&q=80,"{旅游景点,海口市,海南省}"
3152,白沙门公园,海口市,海甸六东路与人民大道交汇处,1,4.20,0,generic_unsplash_fallback,https://images.unsplash.com/photo-1500530855697-b586d89ba3ee?auto=format&fit=crop&w=1200&q=80,https://images.unsplash.com/photo-1500530855697-b586d89ba3ee?auto=format&fit=crop&w=1200&q=80,"{公园,海口市,海南省}"
3207,白沙门公园管理处,海口市,白沙门公园(西北角),1,4.20,0,generic_unsplash_fallback,https://images.unsplash.com/photo-1500530855697-b586d89ba3ee?auto=format&fit=crop&w=1200&q=80,https://images.unsplash.com/photo-1500530855697-b586d89ba3ee?auto=format&fit=crop&w=1200&q=80,"{旅游景点,海口市,海南省}"
3163,白沙门沙滩,海口市,碧海大道白沙门生态公园对面,1,4.20,0,generic_unsplash_fallback,https://images.unsplash.com/photo-1469854523086-cc02fe5d8800?auto=format&fit=crop&w=1200&q=80,https://images.unsplash.com/photo-1469854523086-cc02fe5d8800?auto=format&fit=crop&w=1200&q=80,"{海滩,海口市,海南省}"
3198,班关古庙,海口市,长滨六路与长滨西五街交叉口南380米,1,4.20,0,generic_unsplash_fallback,https://images.unsplash.com/photo-1513415756790-2ac1db1297d0?auto=format&fit=crop&w=1200&q=80,https://images.unsplash.com/photo-1513415756790-2ac1db1297d0?auto=format&fit=crop&w=1200&q=80,"{寺庙道观,海口市,海南省}"
3192,班关庙,海口市,大效路与博养街交叉口西北460米,1,4.20,0,generic_unsplash_fallback,https://images.unsplash.com/photo-1513415756790-2ac1db1297d0?auto=format&fit=crop&w=1200&q=80,https://images.unsplash.com/photo-1513415756790-2ac1db1297d0?auto=format&fit=crop&w=1200&q=80,"{旅游景点,海口市,海南省}"
3218,碧桂园·碧海银滩公园,海口市,新埠岛埠北环路北,1,4.20,0,generic_unsplash_fallback,https://images.unsplash.com/photo-1500530855697-b586d89ba3ee?auto=format&fit=crop&w=1200&q=80,https://images.unsplash.com/photo-1500530855697-b586d89ba3ee?auto=format&fit=crop&w=1200&q=80,"{公园,海口市,海南省}"
3215,滨海公园,海口市,滨海大道28号,1,4.20,0,generic_unsplash_fallback,https://images.unsplash.com/photo-1500530855697-b586d89ba3ee?auto=format&fit=crop&w=1200&q=80,https://images.unsplash.com/photo-1500530855697-b586d89ba3ee?auto=format&fit=crop&w=1200&q=80,"{公园,海口市,海南省}"
3191,博养村荷花池广场,海口市,"",1,4.20,0,generic_unsplash_fallback,https://images.unsplash.com/photo-1444723121867-7a241cacace9?auto=format&fit=crop&w=1200&q=80,https://images.unsplash.com/photo-1444723121867-7a241cacace9?auto=format&fit=crop&w=1200&q=80,"{城市广场,海口市,海南省}"
3186,常驻宝塔,海口市,长流镇长滨路长北村委会新民村东南面,1,4.20,0,generic_unsplash_fallback,https://images.unsplash.com/photo-1444723121867-7a241cacace9?auto=format&fit=crop&w=1200&q=80,https://images.unsplash.com/photo-1444723121867-7a241cacace9?auto=format&fit=crop&w=1200&q=80,"{旅游景点,海口市,海南省}"
3182,大效村灵山寺,海口市,长新路与长滨西五街交叉口南300米,1,4.20,0,generic_unsplash_fallback,https://images.unsplash.com/photo-1513415756790-2ac1db1297d0?auto=format&fit=crop&w=1200&q=80,https://images.unsplash.com/photo-1513415756790-2ac1db1297d0?auto=format&fit=crop&w=1200&q=80,"{寺庙道观,海口市,海南省}"
3177,丹天公庙,海口市,西秀镇长德雨苍村,1,4.20,0,generic_unsplash_fallback,https://images.unsplash.com/photo-1513415756790-2ac1db1297d0?auto=format&fit=crop&w=1200&q=80,https://images.unsplash.com/photo-1513415756790-2ac1db1297d0?auto=format&fit=crop&w=1200&q=80,"{寺庙道观,海口市,海南省}"
3180,帝王庙,海口市,西秀镇博养村,1,4.20,0,generic_unsplash_fallback,https://images.unsplash.com/photo-1513415756790-2ac1db1297d0?auto=format&fit=crop&w=1200&q=80,https://images.unsplash.com/photo-1513415756790-2ac1db1297d0?auto=format&fit=crop&w=1200&q=80,"{寺庙道观,海口市,海南省}"
3205,法官林,海口市,世纪公园,1,4.20,0,generic_unsplash_fallback,https://images.unsplash.com/photo-1500530855697-b586d89ba3ee?auto=format&fit=crop&w=1200&q=80,https://images.unsplash.com/photo-1500530855697-b586d89ba3ee?auto=format&fit=crop&w=1200&q=80,"{公园,海口市,海南省}"
3193,福德祠,海口市,博养街西南侧,1,4.20,0,generic_unsplash_fallback,https://images.unsplash.com/photo-1469854523086-cc02fe5d8800?auto=format&fit=crop&w=1200&q=80,https://images.unsplash.com/photo-1469854523086-cc02fe5d8800?auto=format&fit=crop&w=1200&q=80,"{寺庙道观,海口市,海南省}"
3162,观澜湖华谊冯小刚电影公社,海口市,龙昆南路延长线羊山大道19号,1,4.20,0,generic_unsplash_fallback,https://images.unsplash.com/photo-1469854523086-cc02fe5d8800?auto=format&fit=crop&w=1200&q=80,https://images.unsplash.com/photo-1469854523086-cc02fe5d8800?auto=format&fit=crop&w=1200&q=80,"{风景名胜,海口市,海南省}"
3212,桂林洋国家热带农业公园,海口市,兴洋大道东50米,1,4.20,0,generic_unsplash_fallback,https://images.unsplash.com/photo-1500530855697-b586d89ba3ee?auto=format&fit=crop&w=1200&q=80,https://images.unsplash.com/photo-1500530855697-b586d89ba3ee?auto=format&fit=crop&w=1200&q=80,"{风景名胜,海口市,海南省}"
3157,海口观澜湖旅游度假区,海口市,观澜湖大道,1,4.20,0,generic_unsplash_fallback,https://images.unsplash.com/photo-1469854523086-cc02fe5d8800?auto=format&fit=crop&w=1200&q=80,https://images.unsplash.com/photo-1469854523086-cc02fe5d8800?auto=format&fit=crop&w=1200&q=80,"{风景名胜,海口市,海南省}"
3179,海口广场,海口市,长滨路与长滨东五街交叉口东南100米,1,4.20,0,generic_unsplash_fallback,https://images.unsplash.com/photo-1444723121867-7a241cacace9?auto=format&fit=crop&w=1200&q=80,https://images.unsplash.com/photo-1444723121867-7a241cacace9?auto=format&fit=crop&w=1200&q=80,"{城市广场,海口市,海南省}"
3209,海口美舍河水利风景区,海口市,城南一横路美舍河凤翔湿地公园,1,4.20,0,generic_unsplash_fallback,https://images.unsplash.com/photo-1469854523086-cc02fe5d8800?auto=format&fit=crop&w=1200&q=80,https://images.unsplash.com/photo-1469854523086-cc02fe5d8800?auto=format&fit=crop&w=1200&q=80,"{旅游景点,海口市,海南省}"
3146,海口骑楼老街历史文化街区,海口市,长堤路5-1号,1,4.20,0,generic_unsplash_fallback,https://images.unsplash.com/photo-1519608487953-e999c86e7455?auto=format&fit=crop&w=1200&q=80,https://images.unsplash.com/photo-1519608487953-e999c86e7455?auto=format&fit=crop&w=1200&q=80,"{旅游景点,海口市,海南省}"
3158,海口人民公园,海口市,中山街道公园路3号明星大厦附近,1,4.20,0,generic_unsplash_fallback,https://images.unsplash.com/photo-1500530855697-b586d89ba3ee?auto=format&fit=crop&w=1200&q=80,https://images.unsplash.com/photo-1500530855697-b586d89ba3ee?auto=format&fit=crop&w=1200&q=80,"{公园,海口市,海南省}"
3184,海口万豪酒店咏鹅角,海口市,滨海大道292号海口万豪酒店西翼园林儿童泳池旁,1,4.20,0,generic_unsplash_fallback,https://images.unsplash.com/photo-1469854523086-cc02fe5d8800?auto=format&fit=crop&w=1200&q=80,https://images.unsplash.com/photo-1469854523086-cc02fe5d8800?auto=format&fit=crop&w=1200&q=80,"{风景名胜,海口市,海南省}"
3145,海口西海岸挺秀公园,海口市,西海岸挺秀公园(远大购物中心东南),1,4.20,0,generic_unsplash_fallback,https://images.unsplash.com/photo-1500530855697-b586d89ba3ee?auto=format&fit=crop&w=1200&q=80,https://images.unsplash.com/photo-1500530855697-b586d89ba3ee?auto=format&fit=crop&w=1200&q=80,"{公园,海口市,海南省}"
3188,海口西海岸挺秀公园文化艺术园区(G出入口),海口市,长海大道与滨海大道交叉口东南60米,1,4.20,0,generic_unsplash_fallback,https://images.unsplash.com/photo-1500530855697-b586d89ba3ee?auto=format&fit=crop&w=1200&q=80,https://images.unsplash.com/photo-1500530855697-b586d89ba3ee?auto=format&fit=crop&w=1200&q=80,"{旅游景点,海口市,海南省}"
3176,海口站广场,海口市,站前北路与站前南路交叉口东北100米,1,4.20,0,generic_unsplash_fallback,https://images.unsplash.com/photo-1444723121867-7a241cacace9?auto=format&fit=crop&w=1200&q=80,https://images.unsplash.com/photo-1444723121867-7a241cacace9?auto=format&fit=crop&w=1200&q=80,"{城市广场,海口市,海南省}"
3178,海口站站前广场,海口市,粤海大道3号附近,1,4.20,0,generic_unsplash_fallback,https://images.unsplash.com/photo-1444723121867-7a241cacace9?auto=format&fit=crop&w=1200&q=80,https://images.unsplash.com/photo-1444723121867-7a241cacace9?auto=format&fit=crop&w=1200&q=80,"{城市广场,海口市,海南省}"
3154,海口钟楼,海口市,长堤路20号(人民桥附近),1,4.20,0,generic_unsplash_fallback,https://images.unsplash.com/photo-1469854523086-cc02fe5d8800?auto=format&fit=crop&w=1200&q=80,https://images.unsplash.com/photo-1469854523086-cc02fe5d8800?auto=format&fit=crop&w=1200&q=80,"{风景名胜,海口市,海南省}"
3137,海南环岛旅游公路(起点),海口市,粤海大道2号新海港码头客运枢纽站东北侧新海港广场,1,4.20,0,generic_unsplash_fallback,https://images.unsplash.com/photo-1469854523086-cc02fe5d8800?auto=format&fit=crop&w=1200&q=80,https://images.unsplash.com/photo-1469854523086-cc02fe5d8800?auto=format&fit=crop&w=1200&q=80,"{旅游景点,海口市,海南省}"
3214,海南文化体育公园,海口市,国兴大道68号,1,4.20,0,generic_unsplash_fallback,https://images.unsplash.com/photo-1500530855697-b586d89ba3ee?auto=format&fit=crop&w=1200&q=80,https://images.unsplash.com/photo-1500530855697-b586d89ba3ee?auto=format&fit=crop&w=1200&q=80,"{公园,海口市,海南省}"
3140,海南长影奇幻乐园,海口市,椰海大道100号,1,4.20,0,generic_unsplash_fallback,https://images.unsplash.com/photo-1469854523086-cc02fe5d8800?auto=format&fit=crop&w=1200&q=80,https://images.unsplash.com/photo-1469854523086-cc02fe5d8800?auto=format&fit=crop&w=1200&q=80,"{旅游景点,海口市,海南省}"
3161,海瑞文化公园,海口市,丘海大道39号,1,4.20,0,generic_unsplash_fallback,https://images.unsplash.com/photo-1500530855697-b586d89ba3ee?auto=format&fit=crop&w=1200&q=80,https://images.unsplash.com/photo-1500530855697-b586d89ba3ee?auto=format&fit=crop&w=1200&q=80,"{公园,海口市,海南省}"
3200,横渡琼州海峡登陆点,海口市,假日海滩旅游区内(西北角),1,4.20,0,generic_unsplash_fallback,https://images.unsplash.com/photo-1469854523086-cc02fe5d8800?auto=format&fit=crop&w=1200&q=80,https://images.unsplash.com/photo-1469854523086-cc02fe5d8800?auto=format&fit=crop&w=1200&q=80,"{旅游景点,海口市,海南省}"
3171,红城湖公园,海口市,环湖路与红城湖路交叉口北60米,1,4.20,0,generic_unsplash_fallback,https://images.unsplash.com/photo-1500530855697-b586d89ba3ee?auto=format&fit=crop&w=1200&q=80,https://images.unsplash.com/photo-1500530855697-b586d89ba3ee?auto=format&fit=crop&w=1200&q=80,"{公园,海口市,海南省}"
3159,湖中寺,海口市,海港路20号,1,4.20,0,generic_unsplash_fallback,https://images.unsplash.com/photo-1513415756790-2ac1db1297d0?auto=format&fit=crop&w=1200&q=80,https://images.unsplash.com/photo-1513415756790-2ac1db1297d0?auto=format&fit=crop&w=1200&q=80,"{寺庙道观,海口市,海南省}"
3196,欢乐海岸二楼海洋厅,海口市,长彤路与滨海大道交叉口南40米,1,4.20,0,generic_unsplash_fallback,https://images.unsplash.com/photo-1469854523086-cc02fe5d8800?auto=format&fit=crop&w=1200&q=80,https://images.unsplash.com/photo-1469854523086-cc02fe5d8800?auto=format&fit=crop&w=1200&q=80,"{旅游景点,海口市,海南省}"
3194,黄篪古墓,海口市,长新路,1,4.20,0,generic_unsplash_fallback,https://images.unsplash.com/photo-1469854523086-cc02fe5d8800?auto=format&fit=crop&w=1200&q=80,https://images.unsplash.com/photo-1469854523086-cc02fe5d8800?auto=format&fit=crop&w=1200&q=80,"{风景名胜,海口市,海南省}"
3170,火山口国家地质公园-石山,海口市,石山镇风景路89号雷琼世界地质公园(海口园区)内(东侧),1,4.20,0,generic_unsplash_fallback,https://images.unsplash.com/photo-1500530855697-b586d89ba3ee?auto=format&fit=crop&w=1200&q=80,https://images.unsplash.com/photo-1500530855697-b586d89ba3ee?auto=format&fit=crop&w=1200&q=80,"{旅游景点,海口市,海南省}"
3181,假日海滩旅游景区-凉亭,海口市,滨海大道126号假日海滩旅游区(西北角),1,4.20,0,generic_unsplash_fallback,https://images.unsplash.com/photo-1469854523086-cc02fe5d8800?auto=format&fit=crop&w=1200&q=80,https://images.unsplash.com/photo-1469854523086-cc02fe5d8800?auto=format&fit=crop&w=1200&q=80,"{旅游景点,海口市,海南省}"
3136,假日海滩旅游区,海口市,滨海大道126号,1,4.20,0,generic_unsplash_fallback,https://images.unsplash.com/photo-1469854523086-cc02fe5d8800?auto=format&fit=crop&w=1200&q=80,https://images.unsplash.com/photo-1469854523086-cc02fe5d8800?auto=format&fit=crop&w=1200&q=80,"{海滩,海口市,海南省}"
3211,江东滨海公园,海口市,兴洋大道181号,1,4.20,0,generic_unsplash_fallback,https://images.unsplash.com/photo-1500530855697-b586d89ba3ee?auto=format&fit=crop&w=1200&q=80,https://images.unsplash.com/photo-1500530855697-b586d89ba3ee?auto=format&fit=crop&w=1200&q=80,"{公园,海口市,海南省}"
3155,金牛岭公园,海口市,海秀中路102号,1,4.20,0,generic_unsplash_fallback,https://images.unsplash.com/photo-1500530855697-b586d89ba3ee?auto=format&fit=crop&w=1200&q=80,https://images.unsplash.com/photo-1500530855697-b586d89ba3ee?auto=format&fit=crop&w=1200&q=80,"{公园,海口市,海南省}"
3139,金沙湾滨海公园,海口市,金山路与金桥路交叉口北140米,1,4.20,0,generic_unsplash_fallback,https://images.unsplash.com/photo-1500530855697-b586d89ba3ee?auto=format&fit=crop&w=1200&q=80,https://images.unsplash.com/photo-1500530855697-b586d89ba3ee?auto=format&fit=crop&w=1200&q=80,"{公园,海口市,海南省}"
3151,雷琼世界地质公园(海口园区),海口市,石山镇风景路89号,1,4.20,0,generic_unsplash_fallback,https://images.unsplash.com/photo-1500530855697-b586d89ba3ee?auto=format&fit=crop&w=1200&q=80,https://images.unsplash.com/photo-1500530855697-b586d89ba3ee?auto=format&fit=crop&w=1200&q=80,"{国家级景点,海口市,海南省}"
3169,美德幸福广场,海口市,长滨路永秀花园对面,1,4.20,0,generic_unsplash_fallback,https://images.unsplash.com/photo-1500530855697-b586d89ba3ee?auto=format&fit=crop&w=1200&q=80,https://images.unsplash.com/photo-1500530855697-b586d89ba3ee?auto=format&fit=crop&w=1200&q=80,"{公园广场,海口市,海南省}"
3167,美舍河凤翔湿地公园,海口市,椰海大道,1,4.20,0,generic_unsplash_fallback,https://images.unsplash.com/photo-1500530855697-b586d89ba3ee?auto=format&fit=crop&w=1200&q=80,https://images.unsplash.com/photo-1500530855697-b586d89ba3ee?auto=format&fit=crop&w=1200&q=80,"{公园,海口市,海南省}"
3224,美舍河群上湿地公园,海口市,白龙街道群上村580号国泰园酒店2楼正西方向70米,1,4.20,0,generic_unsplash_fallback,https://images.unsplash.com/photo-1500530855697-b586d89ba3ee?auto=format&fit=crop&w=1200&q=80,https://images.unsplash.com/photo-1500530855697-b586d89ba3ee?auto=format&fit=crop&w=1200&q=80,"{公园,海口市,海南省}"
3183,美新村孔子祠堂,海口市,雨苍街与长流路交叉口西440米,1,4.20,0,generic_unsplash_fallback,https://images.unsplash.com/photo-1469854523086-cc02fe5d8800?auto=format&fit=crop&w=1200&q=80,https://images.unsplash.com/photo-1469854523086-cc02fe5d8800?auto=format&fit=crop&w=1200&q=80,"{风景名胜,海口市,海南省}"
3213,琼山区府城三角公园,海口市,新城路区政府对面,1,4.20,0,generic_unsplash_fallback,https://images.unsplash.com/photo-1500530855697-b586d89ba3ee?auto=format&fit=crop&w=1200&q=80,https://images.unsplash.com/photo-1500530855697-b586d89ba3ee?auto=format&fit=crop&w=1200&q=80,"{公园,海口市,海南省}"
3219,丘浚墓文化公园,海口市,邱浚路,1,4.20,0,generic_unsplash_fallback,https://images.unsplash.com/photo-1500530855697-b586d89ba3ee?auto=format&fit=crop&w=1200&q=80,https://images.unsplash.com/photo-1500530855697-b586d89ba3ee?auto=format&fit=crop&w=1200&q=80,"{风景名胜,海口市,海南省}"
3172,荣山寮村灯塔,海口市,金沙湾大道荣山寮村西北角沙滩,1,4.20,0,generic_unsplash_fallback,https://images.unsplash.com/photo-1444723121867-7a241cacace9?auto=format&fit=crop&w=1200&q=80,https://images.unsplash.com/photo-1444723121867-7a241cacace9?auto=format&fit=crop&w=1200&q=80,"{风景名胜,海口市,海南省}"
3166,三颗松树海湾,海口市,滨海大道164号,1,4.20,0,generic_unsplash_fallback,https://images.unsplash.com/photo-1469854523086-cc02fe5d8800?auto=format&fit=crop&w=1200&q=80,https://images.unsplash.com/photo-1469854523086-cc02fe5d8800?auto=format&fit=crop&w=1200&q=80,"{风景名胜,海口市,海南省}"
3216,森林迷径,海口市,滨海大道28号滨海公园内(南侧),1,4.20,0,generic_unsplash_fallback,https://images.unsplash.com/photo-1469854523086-cc02fe5d8800?auto=format&fit=crop&w=1200&q=80,https://images.unsplash.com/photo-1469854523086-cc02fe5d8800?auto=format&fit=crop&w=1200&q=80,"{旅游景点,海口市,海南省}"
3222,沙坡郊野湿地公园,海口市,城西镇大样村四社109号,1,4.20,0,generic_unsplash_fallback,https://images.unsplash.com/photo-1500530855697-b586d89ba3ee?auto=format&fit=crop&w=1200&q=80,https://images.unsplash.com/photo-1500530855697-b586d89ba3ee?auto=format&fit=crop&w=1200&q=80,"{公园,海口市,海南省}"
3195,十里椰廊,海口市,滨海大道与长天路交叉口西北460米,1,4.20,0,generic_unsplash_fallback,https://images.unsplash.com/photo-1469854523086-cc02fe5d8800?auto=format&fit=crop&w=1200&q=80,https://images.unsplash.com/photo-1469854523086-cc02fe5d8800?auto=format&fit=crop&w=1200&q=80,"{旅游景点,海口市,海南省}"
3164,拾贝公园,海口市,埠北环路6号海熙府东北,1,4.20,0,generic_unsplash_fallback,https://images.unsplash.com/photo-1500530855697-b586d89ba3ee?auto=format&fit=crop&w=1200&q=80,https://images.unsplash.com/photo-1500530855697-b586d89ba3ee?auto=format&fit=crop&w=1200&q=80,"{风景名胜,海口市,海南省}"
3150,世纪公园,海口市,港湾路与世纪公园三横路交叉口东北120米,1,4.20,0,generic_unsplash_fallback,https://images.unsplash.com/photo-1500530855697-b586d89ba3ee?auto=format&fit=crop&w=1200&q=80,https://images.unsplash.com/photo-1500530855697-b586d89ba3ee?auto=format&fit=crop&w=1200&q=80,"{公园,海口市,海南省}"
3148,世纪公园音乐广场,海口市,渡海路与港湾路交汇处,1,4.20,0,generic_unsplash_fallback,https://images.unsplash.com/photo-1500530855697-b586d89ba3ee?auto=format&fit=crop&w=1200&q=80,https://images.unsplash.com/photo-1500530855697-b586d89ba3ee?auto=format&fit=crop&w=1200&q=80,"{公园广场,海口市,海南省}"
3175,书场村文化广场,海口市,书场村203号,1,4.20,0,generic_unsplash_fallback,https://images.unsplash.com/photo-1444723121867-7a241cacace9?auto=format&fit=crop&w=1200&q=80,https://images.unsplash.com/photo-1444723121867-7a241cacace9?auto=format&fit=crop&w=1200&q=80,"{城市广场,海口市,海南省}"
3220,双拥公园,海口市,凤翔东路1号东北方向192米,1,4.20,0,generic_unsplash_fallback,https://images.unsplash.com/photo-1500530855697-b586d89ba3ee?auto=format&fit=crop&w=1200&q=80,https://images.unsplash.com/photo-1500530855697-b586d89ba3ee?auto=format&fit=crop&w=1200&q=80,"{公园,海口市,海南省}"
3187,堂善村王海萍纪念馆,海口市,堂善村路与堂善村东路交叉口西320米,1,4.20,0,generic_unsplash_fallback,https://images.unsplash.com/photo-1469854523086-cc02fe5d8800?auto=format&fit=crop&w=1200&q=80,https://images.unsplash.com/photo-1469854523086-cc02fe5d8800?auto=format&fit=crop&w=1200&q=80,"{纪念馆,海口市,海南省}"
3156,天空之山驿站,海口市,美丽沙路与海甸五西路交叉口西南460米,1,4.20,0,generic_unsplash_fallback,https://images.unsplash.com/photo-1469854523086-cc02fe5d8800?auto=format&fit=crop&w=1200&q=80,https://images.unsplash.com/photo-1469854523086-cc02fe5d8800?auto=format&fit=crop&w=1200&q=80,"{风景名胜,海口市,海南省}"
3217,头铺休闲公园,海口市,头铺村南路与头铺六巷交叉口东南40米,1,4.20,0,generic_unsplash_fallback,https://images.unsplash.com/photo-1500530855697-b586d89ba3ee?auto=format&fit=crop&w=1200&q=80,https://images.unsplash.com/photo-1500530855697-b586d89ba3ee?auto=format&fit=crop&w=1200&q=80,"{公园,海口市,海南省}"
3147,万绿园,海口市,滨海大道38号,1,4.20,0,generic_unsplash_fallback,https://images.unsplash.com/photo-1469854523086-cc02fe5d8800?auto=format&fit=crop&w=1200&q=80,https://images.unsplash.com/photo-1469854523086-cc02fe5d8800?auto=format&fit=crop&w=1200&q=80,"{省级景点,海口市,海南省}"
3185,五源河国家湿地公园中韩志愿者友好生态塘,海口市,人社社保就业服务窗口(长流镇棠昌村民委员会)东北侧290米,1,4.20,0,generic_unsplash_fallback,https://images.unsplash.com/photo-1500530855697-b586d89ba3ee?auto=format&fit=crop&w=1200&q=80,https://images.unsplash.com/photo-1500530855697-b586d89ba3ee?auto=format&fit=crop&w=1200&q=80,"{风景名胜,海口市,海南省}"
3149,五源河入海口,海口市,五源河国家湿地公园内(北侧),1,4.20,0,generic_unsplash_fallback,https://images.unsplash.com/photo-1469854523086-cc02fe5d8800?auto=format&fit=crop&w=1200&q=80,https://images.unsplash.com/photo-1469854523086-cc02fe5d8800?auto=format&fit=crop&w=1200&q=80,"{风景名胜,海口市,海南省}"
3144,西岸超级海滩,海口市,滨海大道140号红燕堂酒店北侧,1,4.20,0,generic_unsplash_fallback,https://images.unsplash.com/photo-1469854523086-cc02fe5d8800?auto=format&fit=crop&w=1200&q=80,https://images.unsplash.com/photo-1469854523086-cc02fe5d8800?auto=format&fit=crop&w=1200&q=80,"{风景名胜,海口市,海南省}"
3138,西海岸带状公园,海口市,滨海大道与长彤路交叉口西500米,1,4.20,0,generic_unsplash_fallback,https://images.unsplash.com/photo-1500530855697-b586d89ba3ee?auto=format&fit=crop&w=1200&q=80,https://images.unsplash.com/photo-1500530855697-b586d89ba3ee?auto=format&fit=crop&w=1200&q=80,"{公园,海口市,海南省}"
3160,西天庙,海口市,义兴街75号,1,4.20,0,generic_unsplash_fallback,https://images.unsplash.com/photo-1513415756790-2ac1db1297d0?auto=format&fit=crop&w=1200&q=80,https://images.unsplash.com/photo-1513415756790-2ac1db1297d0?auto=format&fit=crop&w=1200&q=80,"{寺庙道观,海口市,海南省}"
3142,西秀公园,海口市,仲韶街与德仁路交叉口西南约100米,1,4.20,0,generic_unsplash_fallback,https://images.unsplash.com/photo-1500530855697-b586d89ba3ee?auto=format&fit=crop&w=1200&q=80,https://images.unsplash.com/photo-1500530855697-b586d89ba3ee?auto=format&fit=crop&w=1200&q=80,"{公园,海口市,海南省}"
3165,喜来登沙滩,海口市,滨海大道136号,1,4.20,0,generic_unsplash_fallback,https://images.unsplash.com/photo-1469854523086-cc02fe5d8800?auto=format&fit=crop&w=1200&q=80,https://images.unsplash.com/photo-1469854523086-cc02fe5d8800?auto=format&fit=crop&w=1200&q=80,"{海滩,海口市,海南省}"
3141,香格里拉沙滩,海口市,海色路与长欢路交叉口西北20米,1,4.20,0,generic_unsplash_fallback,https://images.unsplash.com/photo-1469854523086-cc02fe5d8800?auto=format&fit=crop&w=1200&q=80,https://images.unsplash.com/photo-1469854523086-cc02fe5d8800?auto=format&fit=crop&w=1200&q=80,"{海滩,海口市,海南省}"
3223,新旧沟湿地公园,海口市,佳霞农家乐东侧,1,4.20,0,generic_unsplash_fallback,https://images.unsplash.com/photo-1500530855697-b586d89ba3ee?auto=format&fit=crop&w=1200&q=80,https://images.unsplash.com/photo-1500530855697-b586d89ba3ee?auto=format&fit=crop&w=1200&q=80,"{公园,海口市,海南省}"
3173,兴潮天后宫,海口市,海甸街道白沙门上村666号,1,4.20,0,generic_unsplash_fallback,https://images.unsplash.com/photo-1469854523086-cc02fe5d8800?auto=format&fit=crop&w=1200&q=80,https://images.unsplash.com/photo-1469854523086-cc02fe5d8800?auto=format&fit=crop&w=1200&q=80,"{寺庙道观,海口市,海南省}"
3153,秀英炮台,海口市,世贸南路5号,1,4.20,0,generic_unsplash_fallback,https://images.unsplash.com/photo-1469854523086-cc02fe5d8800?auto=format&fit=crop&w=1200&q=80,https://images.unsplash.com/photo-1469854523086-cc02fe5d8800?auto=format&fit=crop&w=1200&q=80,"{风景名胜,海口市,海南省}"
3168,崖州古城,海口市,海秀中路87号,1,4.20,0,generic_unsplash_fallback,https://images.unsplash.com/photo-1469854523086-cc02fe5d8800?auto=format&fit=crop&w=1200&q=80,https://images.unsplash.com/photo-1469854523086-cc02fe5d8800?auto=format&fit=crop&w=1200&q=80,"{风景名胜,海口市,海南省}"
3199,阳光广场,海口市,长安路4号,1,4.20,0,generic_unsplash_fallback,https://images.unsplash.com/photo-1444723121867-7a241cacace9?auto=format&fit=crop&w=1200&q=80,https://images.unsplash.com/photo-1444723121867-7a241cacace9?auto=format&fit=crop&w=1200&q=80,"{城市广场,海口市,海南省}"
3174,椰林听涛,海口市,滨海大道万绿园内(北侧),1,4.20,0,generic_unsplash_fallback,https://images.unsplash.com/photo-1469854523086-cc02fe5d8800?auto=format&fit=crop&w=1200&q=80,https://images.unsplash.com/photo-1469854523086-cc02fe5d8800?auto=format&fit=crop&w=1200&q=80,"{旅游景点,海口市,海南省}"
3204,邮政园,海口市,滨海大道万绿园内(西北角),1,4.20,0,generic_unsplash_fallback,https://images.unsplash.com/photo-1469854523086-cc02fe5d8800?auto=format&fit=crop&w=1200&q=80,https://images.unsplash.com/photo-1469854523086-cc02fe5d8800?auto=format&fit=crop&w=1200&q=80,"{旅游景点,海口市,海南省}"
3190,月光码头,海口市,滨海大道256号,1,4.20,0,generic_unsplash_fallback,https://images.unsplash.com/photo-1469854523086-cc02fe5d8800?auto=format&fit=crop&w=1200&q=80,https://images.unsplash.com/photo-1469854523086-cc02fe5d8800?auto=format&fit=crop&w=1200&q=80,"{风景名胜,海口市,海南省}"
3221,云龙三十六曲溪湿地公园,海口市,202省道,1,4.20,0,generic_unsplash_fallback,https://images.unsplash.com/photo-1500530855697-b586d89ba3ee?auto=format&fit=crop&w=1200&q=80,https://images.unsplash.com/photo-1500530855697-b586d89ba3ee?auto=format&fit=crop&w=1200&q=80,"{公园,海口市,海南省}"
3143,长堤沙滩,海口市,海色路与新海中路交叉口东北500米,1,4.20,0,generic_unsplash_fallback,https://images.unsplash.com/photo-1469854523086-cc02fe5d8800?auto=format&fit=crop&w=1200&q=80,https://images.unsplash.com/photo-1469854523086-cc02fe5d8800?auto=format&fit=crop&w=1200&q=80,"{海滩,海口市,海南省}"
3189,长丰双创便民广场,海口市,永桂路与225国道交叉口东南40米,1,4.20,0,generic_unsplash_fallback,https://images.unsplash.com/photo-1444723121867-7a241cacace9?auto=format&fit=crop&w=1200&q=80,https://images.unsplash.com/photo-1444723121867-7a241cacace9?auto=format&fit=crop&w=1200&q=80,"{城市广场,海口市,海南省}"
356,CBD公园,杭州市,五星路181号(市民中心地铁站N3B口步行460米),1,4.20,0,generic_unsplash_fallback,https://images.unsplash.com/photo-1500530855697-b586d89ba3ee?auto=format&fit=crop&w=1200&q=80,https://images.unsplash.com/photo-1500530855697-b586d89ba3ee?auto=format&fit=crop&w=1200&q=80,"{公园,杭州市,浙江省}"
419,八卦田遗址公园,杭州市,南星街道南星街道虎玉路41号,1,4.20,0,generic_unsplash_fallback,https://images.unsplash.com/photo-1500530855697-b586d89ba3ee?auto=format&fit=crop&w=1200&q=80,https://images.unsplash.com/photo-1500530855697-b586d89ba3ee?auto=format&fit=crop&w=1200&q=80,"{省级景点,杭州市,浙江省}"
415,白马湖公园,杭州市,长河街道长江路158号,1,4.20,0,generic_unsplash_fallback,https://images.unsplash.com/photo-1500530855697-b586d89ba3ee?auto=format&fit=crop&w=1200&q=80,https://images.unsplash.com/photo-1500530855697-b586d89ba3ee?auto=format&fit=crop&w=1200&q=80,"{风景名胜,杭州市,浙江省}"
416,白马湖公园2期,杭州市,长河街道长河街道长江路158号白马湖公园,1,4.20,0,generic_unsplash_fallback,https://images.unsplash.com/photo-1500530855697-b586d89ba3ee?auto=format&fit=crop&w=1200&q=80,https://images.unsplash.com/photo-1500530855697-b586d89ba3ee?auto=format&fit=crop&w=1200&q=80,"{公园,杭州市,浙江省}"
384,波浪文化城,杭州市,解放东路8号(市民中心地铁站L口步行260米),1,4.20,0,generic_unsplash_fallback,https://images.unsplash.com/photo-1469854523086-cc02fe5d8800?auto=format&fit=crop&w=1200&q=80,https://images.unsplash.com/photo-1469854523086-cc02fe5d8800?auto=format&fit=crop&w=1200&q=80,"{城市广场,杭州市,浙江省}"
395,城东公园,杭州市,艮山西路401号(近贴沙河),1,4.20,0,generic_unsplash_fallback,https://images.unsplash.com/photo-1500530855697-b586d89ba3ee?auto=format&fit=crop&w=1200&q=80,https://images.unsplash.com/photo-1500530855697-b586d89ba3ee?auto=format&fit=crop&w=1200&q=80,"{公园,杭州市,浙江省}"
344,城市阳台,杭州市,四季青街道之江路1078号,1,4.20,0,generic_unsplash_fallback,https://images.unsplash.com/photo-1469854523086-cc02fe5d8800?auto=format&fit=crop&w=1200&q=80,https://images.unsplash.com/photo-1469854523086-cc02fe5d8800?auto=format&fit=crop&w=1200&q=80,"{风景名胜,杭州市,浙江省}"
369,城市阳台江堤步道,杭州市,四季青街道之江路1122号,1,4.20,0,generic_unsplash_fallback,https://images.unsplash.com/photo-1469854523086-cc02fe5d8800?auto=format&fit=crop&w=1200&q=80,https://images.unsplash.com/photo-1469854523086-cc02fe5d8800?auto=format&fit=crop&w=1200&q=80,"{旅游景点,杭州市,浙江省}"
401,大运河杭钢公园,杭州市,城炼街与焦北巷交叉口南240米,1,4.20,0,generic_unsplash_fallback,https://images.unsplash.com/photo-1500530855697-b586d89ba3ee?auto=format&fit=crop&w=1200&q=80,https://images.unsplash.com/photo-1500530855697-b586d89ba3ee?auto=format&fit=crop&w=1200&q=80,"{公园,杭州市,浙江省}"
421,东明山森林公园,杭州市,良渚街道安溪东明山苑1号,1,4.20,0,generic_unsplash_fallback,https://images.unsplash.com/photo-1500530855697-b586d89ba3ee?auto=format&fit=crop&w=1200&q=80,https://images.unsplash.com/photo-1500530855697-b586d89ba3ee?auto=format&fit=crop&w=1200&q=80,"{风景名胜,杭州市,浙江省}"
409,拱墅运河体育公园,杭州市,丰潭路与天虹街交叉口东北200米,1,4.20,0,generic_unsplash_fallback,https://images.unsplash.com/photo-1500530855697-b586d89ba3ee?auto=format&fit=crop&w=1200&q=80,https://images.unsplash.com/photo-1500530855697-b586d89ba3ee?auto=format&fit=crop&w=1200&q=80,"{公园,杭州市,浙江省}"
352,鼓楼,杭州市,中山南路501号(近十五奎巷),1,4.20,0,generic_unsplash_fallback,https://images.unsplash.com/photo-1519608487953-e999c86e7455?auto=format&fit=crop&w=1200&q=80,https://images.unsplash.com/photo-1519608487953-e999c86e7455?auto=format&fit=crop&w=1200&q=80,"{城市漫步,胡同,摄影,休闲,夜游,美食}"
368,杭州Do都城,杭州市,新业路311号(钱江新城市民中心K座),1,4.20,0,generic_unsplash_fallback,https://images.unsplash.com/photo-1469854523086-cc02fe5d8800?auto=format&fit=crop&w=1200&q=80,https://images.unsplash.com/photo-1469854523086-cc02fe5d8800?auto=format&fit=crop&w=1200&q=80,"{旅游景点,杭州市,浙江省}"
385,杭州奥体中心码头,杭州市,闻涛路与飞虹路交叉口西120米,1,4.20,0,generic_unsplash_fallback,https://images.unsplash.com/photo-1469854523086-cc02fe5d8800?auto=format&fit=crop&w=1200&q=80,https://images.unsplash.com/photo-1469854523086-cc02fe5d8800?auto=format&fit=crop&w=1200&q=80,"{风景名胜,杭州市,浙江省}"
406,杭州半山国家森林公园,杭州市,半山路北,1,4.20,0,generic_unsplash_fallback,https://images.unsplash.com/photo-1500530855697-b586d89ba3ee?auto=format&fit=crop&w=1200&q=80,https://images.unsplash.com/photo-1500530855697-b586d89ba3ee?auto=format&fit=crop&w=1200&q=80,"{风景名胜,杭州市,浙江省}"
420,杭州城北体育公园,杭州市,白石路125号,1,4.20,0,generic_unsplash_fallback,https://images.unsplash.com/photo-1500530855697-b586d89ba3ee?auto=format&fit=crop&w=1200&q=80,https://images.unsplash.com/photo-1500530855697-b586d89ba3ee?auto=format&fit=crop&w=1200&q=80,"{公园,杭州市,浙江省}"
361,杭州基督教会崇一堂,杭州市,新塘路26号(近庆春广场),1,4.20,0,generic_unsplash_fallback,https://images.unsplash.com/photo-1469854523086-cc02fe5d8800?auto=format&fit=crop&w=1200&q=80,https://images.unsplash.com/photo-1469854523086-cc02fe5d8800?auto=format&fit=crop&w=1200&q=80,"{教堂,杭州市,浙江省}"
408,杭州灵山景区,杭州市,双浦镇,1,4.20,0,generic_unsplash_fallback,https://images.unsplash.com/photo-1469854523086-cc02fe5d8800?auto=format&fit=crop&w=1200&q=80,https://images.unsplash.com/photo-1469854523086-cc02fe5d8800?auto=format&fit=crop&w=1200&q=80,"{风景名胜,杭州市,浙江省}"
372,杭州钱塘江夜游(滨江码头),杭州市,闻涛路滨江码头,1,4.20,0,generic_unsplash_fallback,https://images.unsplash.com/photo-1469854523086-cc02fe5d8800?auto=format&fit=crop&w=1200&q=80,https://images.unsplash.com/photo-1469854523086-cc02fe5d8800?auto=format&fit=crop&w=1200&q=80,"{旅游景点,杭州市,浙江省}"
390,杭州清真寺,杭州市,运河东路301号,1,4.20,0,generic_unsplash_fallback,https://images.unsplash.com/photo-1513415756790-2ac1db1297d0?auto=format&fit=crop&w=1200&q=80,https://images.unsplash.com/photo-1513415756790-2ac1db1297d0?auto=format&fit=crop&w=1200&q=80,"{回教寺,杭州市,浙江省}"
424,杭州少年儿童公园,杭州市,虎跑路60号,1,4.20,0,generic_unsplash_fallback,https://images.unsplash.com/photo-1500530855697-b586d89ba3ee?auto=format&fit=crop&w=1200&q=80,https://images.unsplash.com/photo-1500530855697-b586d89ba3ee?auto=format&fit=crop&w=1200&q=80,"{公园,杭州市,浙江省}"
353,杭州西湖风景名胜区,杭州市,西湖街道龙井路1号,1,4.20,0,generic_unsplash_fallback,https://images.unsplash.com/photo-1469854523086-cc02fe5d8800?auto=format&fit=crop&w=1200&q=80,https://images.unsplash.com/photo-1469854523086-cc02fe5d8800?auto=format&fit=crop&w=1200&q=80,"{国家级景点,杭州市,浙江省}"
383,杭州西湖风景名胜区宝石山,杭州市,曙光路43附近,1,4.20,0,generic_unsplash_fallback,https://images.unsplash.com/photo-1469854523086-cc02fe5d8800?auto=format&fit=crop&w=1200&q=80,https://images.unsplash.com/photo-1469854523086-cc02fe5d8800?auto=format&fit=crop&w=1200&q=80,"{风景名胜,杭州市,浙江省}"
396,杭州西湖一公园码头,杭州市,南山路189号,1,4.20,0,generic_unsplash_fallback,https://images.unsplash.com/photo-1500530855697-b586d89ba3ee?auto=format&fit=crop&w=1200&q=80,https://images.unsplash.com/photo-1500530855697-b586d89ba3ee?auto=format&fit=crop&w=1200&q=80,"{风景名胜,杭州市,浙江省}"
413,杭州长乔极地海洋公园,杭州市,城厢街道湘湖景区湘湖路777号,1,4.20,0,generic_unsplash_fallback,https://images.unsplash.com/photo-1500530855697-b586d89ba3ee?auto=format&fit=crop&w=1200&q=80,https://images.unsplash.com/photo-1500530855697-b586d89ba3ee?auto=format&fit=crop&w=1200&q=80,"{国家级景点,杭州市,浙江省}"
400,杭州植物园,杭州市,桃源岭1号,1,4.20,0,generic_unsplash_fallback,https://images.unsplash.com/photo-1469854523086-cc02fe5d8800?auto=format&fit=crop&w=1200&q=80,https://images.unsplash.com/photo-1469854523086-cc02fe5d8800?auto=format&fit=crop&w=1200&q=80,"{植物园,杭州市,浙江省}"
358,河坊街景区,杭州市,河坊街,1,4.20,0,generic_unsplash_fallback,https://images.unsplash.com/photo-1519608487953-e999c86e7455?auto=format&fit=crop&w=1200&q=80,https://images.unsplash.com/photo-1519608487953-e999c86e7455?auto=format&fit=crop&w=1200&q=80,"{特色商业街,杭州市,浙江省}"
350,胡雪岩旧居,杭州市,元宝街18号,1,4.20,0,generic_unsplash_fallback,https://images.unsplash.com/photo-1469854523086-cc02fe5d8800?auto=format&fit=crop&w=1200&q=80,https://images.unsplash.com/photo-1469854523086-cc02fe5d8800?auto=format&fit=crop&w=1200&q=80,"{纪念馆,杭州市,浙江省}"
407,虎跑公园,杭州市,虎跑路39号,1,4.20,0,generic_unsplash_fallback,https://images.unsplash.com/photo-1500530855697-b586d89ba3ee?auto=format&fit=crop&w=1200&q=80,https://images.unsplash.com/photo-1500530855697-b586d89ba3ee?auto=format&fit=crop&w=1200&q=80,"{公园,杭州市,浙江省}"
386,华家池,杭州市,凯旋路268号,1,4.20,0,generic_unsplash_fallback,https://images.unsplash.com/photo-1469854523086-cc02fe5d8800?auto=format&fit=crop&w=1200&q=80,https://images.unsplash.com/photo-1469854523086-cc02fe5d8800?auto=format&fit=crop&w=1200&q=80,"{风景名胜,杭州市,浙江省}"
418,黄公望隐居地,杭州市,黄公望村(黄公望纪念馆),1,4.20,0,generic_unsplash_fallback,https://images.unsplash.com/photo-1500530855697-b586d89ba3ee?auto=format&fit=crop&w=1200&q=80,https://images.unsplash.com/photo-1500530855697-b586d89ba3ee?auto=format&fit=crop&w=1200&q=80,"{公园,杭州市,浙江省}"
370,江和美海洋公园,杭州市,杭海路601号(三堡地铁站B1口旁),1,4.20,0,generic_unsplash_fallback,https://images.unsplash.com/photo-1500530855697-b586d89ba3ee?auto=format&fit=crop&w=1200&q=80,https://images.unsplash.com/photo-1500530855697-b586d89ba3ee?auto=format&fit=crop&w=1200&q=80,"{公园广场,杭州市,浙江省}"
380,江河汇西岸公园,杭州市,钱江路与运河西路交叉口东80米,1,4.20,0,generic_unsplash_fallback,https://images.unsplash.com/photo-1500530855697-b586d89ba3ee?auto=format&fit=crop&w=1200&q=80,https://images.unsplash.com/photo-1500530855697-b586d89ba3ee?auto=format&fit=crop&w=1200&q=80,"{公园,杭州市,浙江省}"
354,雷峰塔景区,杭州市,南山路15号,1,4.20,0,generic_unsplash_fallback,https://images.unsplash.com/photo-1444723121867-7a241cacace9?auto=format&fit=crop&w=1200&q=80,https://images.unsplash.com/photo-1444723121867-7a241cacace9?auto=format&fit=crop&w=1200&q=80,"{国家级景点,杭州市,浙江省}"
399,良渚古城遗址公园,杭州市,瓶窑镇凤都路与104国道辅路交叉口西北200米,1,4.20,0,generic_unsplash_fallback,https://images.unsplash.com/photo-1500530855697-b586d89ba3ee?auto=format&fit=crop&w=1200&q=80,https://images.unsplash.com/photo-1500530855697-b586d89ba3ee?auto=format&fit=crop&w=1200&q=80,"{旅游景点,杭州市,浙江省}"
427,粮仓艺术公园,杭州市,新街街道通城路598号,1,4.20,0,generic_unsplash_fallback,https://images.unsplash.com/photo-1500530855697-b586d89ba3ee?auto=format&fit=crop&w=1200&q=80,https://images.unsplash.com/photo-1500530855697-b586d89ba3ee?auto=format&fit=crop&w=1200&q=80,"{风景名胜,杭州市,浙江省}"
405,临平公园,杭州市,沿山路105号,1,4.20,0,generic_unsplash_fallback,https://images.unsplash.com/photo-1500530855697-b586d89ba3ee?auto=format&fit=crop&w=1200&q=80,https://images.unsplash.com/photo-1500530855697-b586d89ba3ee?auto=format&fit=crop&w=1200&q=80,"{公园,杭州市,浙江省}"
410,六和塔文化公园,杭州市,之江路16号(近钱塘江),1,4.20,0,generic_unsplash_fallback,https://images.unsplash.com/photo-1500530855697-b586d89ba3ee?auto=format&fit=crop&w=1200&q=80,https://images.unsplash.com/photo-1500530855697-b586d89ba3ee?auto=format&fit=crop&w=1200&q=80,"{公园,杭州市,浙江省}"
417,美丽洲公园,杭州市,良渚街道美丽洲路1号(近良渚博物院),1,4.20,0,generic_unsplash_fallback,https://images.unsplash.com/photo-1500530855697-b586d89ba3ee?auto=format&fit=crop&w=1200&q=80,https://images.unsplash.com/photo-1500530855697-b586d89ba3ee?auto=format&fit=crop&w=1200&q=80,"{公园,杭州市,浙江省}"
414,明珠观光公园,杭州市,阳光路天屿山顶别墅,1,4.20,0,generic_unsplash_fallback,https://images.unsplash.com/photo-1500530855697-b586d89ba3ee?auto=format&fit=crop&w=1200&q=80,https://images.unsplash.com/photo-1500530855697-b586d89ba3ee?auto=format&fit=crop&w=1200&q=80,"{公园,杭州市,浙江省}"
397,千岛湖风景区,杭州市,千岛湖镇,1,4.20,0,generic_unsplash_fallback,https://images.unsplash.com/photo-1469854523086-cc02fe5d8800?auto=format&fit=crop&w=1200&q=80,https://images.unsplash.com/photo-1469854523086-cc02fe5d8800?auto=format&fit=crop&w=1200&q=80,"{国家级景点,杭州市,浙江省}"
364,钱江龙,杭州市,江汉路闻涛路交叉口射潮广场,1,4.20,0,generic_unsplash_fallback,https://images.unsplash.com/photo-1469854523086-cc02fe5d8800?auto=format&fit=crop&w=1200&q=80,https://images.unsplash.com/photo-1469854523086-cc02fe5d8800?auto=format&fit=crop&w=1200&q=80,"{风景名胜,杭州市,浙江省}"
345,钱江世纪公园,杭州市,秋韵路a7-2号,1,4.20,0,generic_unsplash_fallback,https://images.unsplash.com/photo-1500530855697-b586d89ba3ee?auto=format&fit=crop&w=1200&q=80,https://images.unsplash.com/photo-1500530855697-b586d89ba3ee?auto=format&fit=crop&w=1200&q=80,"{公园,杭州市,浙江省}"
393,钱江世纪公园D区,杭州市,观澜路1号,1,4.20,0,generic_unsplash_fallback,https://images.unsplash.com/photo-1500530855697-b586d89ba3ee?auto=format&fit=crop&w=1200&q=80,https://images.unsplash.com/photo-1500530855697-b586d89ba3ee?auto=format&fit=crop&w=1200&q=80,"{公园,杭州市,浙江省}"
351,钱江新城灯光秀,杭州市,新业路39号(市民中心地铁站M1口或N2口),1,4.20,0,generic_unsplash_fallback,https://images.unsplash.com/photo-1469854523086-cc02fe5d8800?auto=format&fit=crop&w=1200&q=80,https://images.unsplash.com/photo-1469854523086-cc02fe5d8800?auto=format&fit=crop&w=1200&q=80,"{风景名胜,杭州市,浙江省}"
391,钱学森故居,杭州市,方谷园2号(万安桥地铁站D口步行430米),1,4.20,0,generic_unsplash_fallback,https://images.unsplash.com/photo-1469854523086-cc02fe5d8800?auto=format&fit=crop&w=1200&q=80,https://images.unsplash.com/photo-1469854523086-cc02fe5d8800?auto=format&fit=crop&w=1200&q=80,"{纪念馆,杭州市,浙江省}"
346,清河坊历史文化特色街区,杭州市,河坊街180号,1,4.20,0,generic_unsplash_fallback,https://images.unsplash.com/photo-1519608487953-e999c86e7455?auto=format&fit=crop&w=1200&q=80,https://images.unsplash.com/photo-1519608487953-e999c86e7455?auto=format&fit=crop&w=1200&q=80,"{国家级景点,杭州市,浙江省}"
376,蜻蜓公园,杭州市,庆春东路与秋涛北路交叉口东北100米,1,4.20,0,generic_unsplash_fallback,https://images.unsplash.com/photo-1500530855697-b586d89ba3ee?auto=format&fit=crop&w=1200&q=80,https://images.unsplash.com/photo-1500530855697-b586d89ba3ee?auto=format&fit=crop&w=1200&q=80,"{公园,杭州市,浙江省}"
426,三渡山地运动公园,杭州市,龙岗镇龙井村,1,4.20,0,generic_unsplash_fallback,https://images.unsplash.com/photo-1500530855697-b586d89ba3ee?auto=format&fit=crop&w=1200&q=80,https://images.unsplash.com/photo-1500530855697-b586d89ba3ee?auto=format&fit=crop&w=1200&q=80,"{公园,杭州市,浙江省}"
371,少年宫广场,杭州市,北山街与环城西路交汇处西150米,1,4.20,0,generic_unsplash_fallback,https://images.unsplash.com/photo-1500530855697-b586d89ba3ee?auto=format&fit=crop&w=1200&q=80,https://images.unsplash.com/photo-1500530855697-b586d89ba3ee?auto=format&fit=crop&w=1200&q=80,"{公园广场,杭州市,浙江省}"
366,十五奎巷历史文化街区,杭州市,十五奎巷观湖假日酒店(西湖河坊街店),1,4.20,0,generic_unsplash_fallback,https://images.unsplash.com/photo-1519608487953-e999c86e7455?auto=format&fit=crop&w=1200&q=80,https://images.unsplash.com/photo-1519608487953-e999c86e7455?auto=format&fit=crop&w=1200&q=80,"{旅游景点,杭州市,浙江省}"
389,世纪花园,杭州市,世纪花园北门,1,4.20,0,generic_unsplash_fallback,https://images.unsplash.com/photo-1500530855697-b586d89ba3ee?auto=format&fit=crop&w=1200&q=80,https://images.unsplash.com/photo-1500530855697-b586d89ba3ee?auto=format&fit=crop&w=1200&q=80,"{公园,杭州市,浙江省}"
387,市民广场,杭州市,新业路(市民中心地铁站L口步行70米),1,4.20,0,generic_unsplash_fallback,https://images.unsplash.com/photo-1444723121867-7a241cacace9?auto=format&fit=crop&w=1200&q=80,https://images.unsplash.com/photo-1444723121867-7a241cacace9?auto=format&fit=crop&w=1200&q=80,"{城市广场,杭州市,浙江省}"
422,塔山公园,杭州市,余杭街道安乐路西园宾馆对面,1,4.20,0,generic_unsplash_fallback,https://images.unsplash.com/photo-1500530855697-b586d89ba3ee?auto=format&fit=crop&w=1200&q=80,https://images.unsplash.com/photo-1500530855697-b586d89ba3ee?auto=format&fit=crop&w=1200&q=80,"{公园,杭州市,浙江省}"
425,桃花湖公园,杭州市,丁城路与慈幼街交叉口东北140米,1,4.20,0,generic_unsplash_fallback,https://images.unsplash.com/photo-1500530855697-b586d89ba3ee?auto=format&fit=crop&w=1200&q=80,https://images.unsplash.com/photo-1500530855697-b586d89ba3ee?auto=format&fit=crop&w=1200&q=80,"{公园,杭州市,浙江省}"
412,铜鉴湖公园,杭州市,双浦镇灵山风景区,1,4.20,0,generic_unsplash_fallback,https://images.unsplash.com/photo-1500530855697-b586d89ba3ee?auto=format&fit=crop&w=1200&q=80,https://images.unsplash.com/photo-1500530855697-b586d89ba3ee?auto=format&fit=crop&w=1200&q=80,"{公园,杭州市,浙江省}"
388,望江公园,杭州市,之江路844号,1,4.20,0,generic_unsplash_fallback,https://images.unsplash.com/photo-1500530855697-b586d89ba3ee?auto=format&fit=crop&w=1200&q=80,https://images.unsplash.com/photo-1500530855697-b586d89ba3ee?auto=format&fit=crop&w=1200&q=80,"{公园,杭州市,浙江省}"
355,吴山广场,杭州市,延安南路1号附近,1,4.20,0,generic_unsplash_fallback,https://images.unsplash.com/photo-1444723121867-7a241cacace9?auto=format&fit=crop&w=1200&q=80,https://images.unsplash.com/photo-1444723121867-7a241cacace9?auto=format&fit=crop&w=1200&q=80,"{城市广场,杭州市,浙江省}"
349,吴山景区,杭州市,清波街道吴山广场2号杭州吴山艺术团附近,1,4.20,0,generic_unsplash_fallback,https://images.unsplash.com/photo-1469854523086-cc02fe5d8800?auto=format&fit=crop&w=1200&q=80,https://images.unsplash.com/photo-1469854523086-cc02fe5d8800?auto=format&fit=crop&w=1200&q=80,"{风景名胜,杭州市,浙江省}"
347,五柳巷历史街区,杭州市,小营街道斗富二桥西河下9号附近,1,4.20,0,generic_unsplash_fallback,https://images.unsplash.com/photo-1519608487953-e999c86e7455?auto=format&fit=crop&w=1200&q=80,https://images.unsplash.com/photo-1519608487953-e999c86e7455?auto=format&fit=crop&w=1200&q=80,"{风景名胜,杭州市,浙江省}"
362,武林广场,杭州市,天水街道天水街道体育场路208号,1,4.20,0,generic_unsplash_fallback,https://images.unsplash.com/photo-1444723121867-7a241cacace9?auto=format&fit=crop&w=1200&q=80,https://images.unsplash.com/photo-1444723121867-7a241cacace9?auto=format&fit=crop&w=1200&q=80,"{城市广场,杭州市,浙江省}"
404,西湖风景区-荷花区,杭州市,杭州西湖风景名胜区-湖滨公园,1,4.20,0,generic_unsplash_fallback,https://images.unsplash.com/photo-1469854523086-cc02fe5d8800?auto=format&fit=crop&w=1200&q=80,https://images.unsplash.com/photo-1469854523086-cc02fe5d8800?auto=format&fit=crop&w=1200&q=80,"{旅游景点,杭州市,浙江省}"
378,西湖风景区-苏堤,杭州市,龙井路1号杭州西湖风景名胜区内(东侧),1,4.20,0,generic_unsplash_fallback,https://images.unsplash.com/photo-1469854523086-cc02fe5d8800?auto=format&fit=crop&w=1200&q=80,https://images.unsplash.com/photo-1469854523086-cc02fe5d8800?auto=format&fit=crop&w=1200&q=80,"{风景名胜,杭州市,浙江省}"
367,西湖天地,杭州市,南山路147号9C,1,4.20,0,generic_unsplash_fallback,https://images.unsplash.com/photo-1469854523086-cc02fe5d8800?auto=format&fit=crop&w=1200&q=80,https://images.unsplash.com/photo-1469854523086-cc02fe5d8800?auto=format&fit=crop&w=1200&q=80,"{旅游景点,杭州市,浙江省}"
363,西湖文化广场,杭州市,环城北路47号,1,4.20,0,generic_unsplash_fallback,https://images.unsplash.com/photo-1444723121867-7a241cacace9?auto=format&fit=crop&w=1200&q=80,https://images.unsplash.com/photo-1444723121867-7a241cacace9?auto=format&fit=crop&w=1200&q=80,"{城市广场,杭州市,浙江省}"
430,西山森林公园,杭州市,转塘街道上城埭村,1,4.20,0,generic_unsplash_fallback,https://images.unsplash.com/photo-1500530855697-b586d89ba3ee?auto=format&fit=crop&w=1200&q=80,https://images.unsplash.com/photo-1500530855697-b586d89ba3ee?auto=format&fit=crop&w=1200&q=80,"{国家级景点,杭州市,浙江省}"
373,西溪国家湿地公园,杭州市,天目山路518号,1,4.20,0,generic_unsplash_fallback,https://images.unsplash.com/photo-1500530855697-b586d89ba3ee?auto=format&fit=crop&w=1200&q=80,https://images.unsplash.com/photo-1500530855697-b586d89ba3ee?auto=format&fit=crop&w=1200&q=80,"{国家级景点,杭州市,浙江省}"
398,西溪国家湿地公园东区,杭州市,天目山路518号西溪国家湿地公园(东北角),1,4.20,0,generic_unsplash_fallback,https://images.unsplash.com/photo-1500530855697-b586d89ba3ee?auto=format&fit=crop&w=1200&q=80,https://images.unsplash.com/photo-1500530855697-b586d89ba3ee?auto=format&fit=crop&w=1200&q=80,"{公园,杭州市,浙江省}"
374,晓霞弄,杭州市,十五奎巷与中山南路交叉口西140米,1,4.20,0,generic_unsplash_fallback,https://images.unsplash.com/photo-1469854523086-cc02fe5d8800?auto=format&fit=crop&w=1200&q=80,https://images.unsplash.com/photo-1469854523086-cc02fe5d8800?auto=format&fit=crop&w=1200&q=80,"{风景名胜,杭州市,浙江省}"
423,阳陂湖,杭州市,高教路、320国道、金桥北路、北环路范围内,1,4.20,0,generic_unsplash_fallback,https://images.unsplash.com/photo-1500530855697-b586d89ba3ee?auto=format&fit=crop&w=1200&q=80,https://images.unsplash.com/photo-1500530855697-b586d89ba3ee?auto=format&fit=crop&w=1200&q=80,"{公园,杭州市,浙江省}"
429,浙农·东巢艺术公园,杭州市,北干街道萧杭路689号,1,4.20,0,generic_unsplash_fallback,https://images.unsplash.com/photo-1500530855697-b586d89ba3ee?auto=format&fit=crop&w=1200&q=80,https://images.unsplash.com/photo-1500530855697-b586d89ba3ee?auto=format&fit=crop&w=1200&q=80,"{风景名胜,杭州市,浙江省}"
382,中山公园,杭州市,西湖街道孤山北路3号,1,4.20,0,generic_unsplash_fallback,https://images.unsplash.com/photo-1500530855697-b586d89ba3ee?auto=format&fit=crop&w=1200&q=80,https://images.unsplash.com/photo-1500530855697-b586d89ba3ee?auto=format&fit=crop&w=1200&q=80,"{公园,杭州市,浙江省}"
394,左岸万国花园,杭州市,长河街道闻涛路,1,4.20,0,generic_unsplash_fallback,https://images.unsplash.com/photo-1500530855697-b586d89ba3ee?auto=format&fit=crop&w=1200&q=80,https://images.unsplash.com/photo-1500530855697-b586d89ba3ee?auto=format&fit=crop&w=1200&q=80,"{公园,杭州市,浙江省}"
3240,包公园,合肥市,芜湖路72号,1,4.20,0,generic_unsplash_fallback,https://images.unsplash.com/photo-1500530855697-b586d89ba3ee?auto=format&fit=crop&w=1200&q=80,https://images.unsplash.com/photo-1500530855697-b586d89ba3ee?auto=format&fit=crop&w=1200&q=80,"{国家级景点,合肥市,安徽省}"
3276,常青体育公园,合肥市,金寨路与休宁路交叉口东北100米,1,4.20,0,generic_unsplash_fallback,https://images.unsplash.com/photo-1500530855697-b586d89ba3ee?auto=format&fit=crop&w=1200&q=80,https://images.unsplash.com/photo-1500530855697-b586d89ba3ee?auto=format&fit=crop&w=1200&q=80,"{公园,合肥市,安徽省}"
3292,巢湖芦溪湿地,合肥市,黄麓镇X006与黄花路交叉路口南侧,1,4.20,0,generic_unsplash_fallback,https://images.unsplash.com/photo-1469854523086-cc02fe5d8800?auto=format&fit=crop&w=1200&q=80,https://images.unsplash.com/photo-1469854523086-cc02fe5d8800?auto=format&fit=crop&w=1200&q=80,"{风景名胜,合肥市,安徽省}"
3254,城隍庙(淮河路),合肥市,霍邱路128号(三孝口地铁站A口步行230米),1,4.20,0,generic_unsplash_fallback,https://images.unsplash.com/photo-1513415756790-2ac1db1297d0?auto=format&fit=crop&w=1200&q=80,https://images.unsplash.com/photo-1513415756790-2ac1db1297d0?auto=format&fit=crop&w=1200&q=80,"{寺庙道观,合肥市,安徽省}"
3251,大蜀山国家森林公园-观景台,合肥市,玉兰大道8号蜀山森林公园,1,4.20,0,generic_unsplash_fallback,https://images.unsplash.com/photo-1500530855697-b586d89ba3ee?auto=format&fit=crop&w=1200&q=80,https://images.unsplash.com/photo-1500530855697-b586d89ba3ee?auto=format&fit=crop&w=1200&q=80,"{观景点,合肥市,安徽省}"
3298,大圩星月湿地,合肥市,南起堤顶路与环圩东路交口、北至合肥港边界,1,4.20,0,generic_unsplash_fallback,https://images.unsplash.com/photo-1469854523086-cc02fe5d8800?auto=format&fit=crop&w=1200&q=80,https://images.unsplash.com/photo-1469854523086-cc02fe5d8800?auto=format&fit=crop&w=1200&q=80,"{风景名胜,合肥市,安徽省}"
3256,大钟楼,合肥市,芜湖路街道芜湖路街道芜湖路街道芜湖路325号建工大厦一楼,1,4.20,0,generic_unsplash_fallback,https://images.unsplash.com/photo-1469854523086-cc02fe5d8800?auto=format&fit=crop&w=1200&q=80,https://images.unsplash.com/photo-1469854523086-cc02fe5d8800?auto=format&fit=crop&w=1200&q=80,"{旅游景点,合肥市,安徽省}"
3296,方兴湖公园,合肥市,义城街道包河大道,1,4.20,0,generic_unsplash_fallback,https://images.unsplash.com/photo-1500530855697-b586d89ba3ee?auto=format&fit=crop&w=1200&q=80,https://images.unsplash.com/photo-1500530855697-b586d89ba3ee?auto=format&fit=crop&w=1200&q=80,"{公园,合肥市,安徽省}"
3258,翡翠公园,合肥市,石门路391号,1,4.20,0,generic_unsplash_fallback,https://images.unsplash.com/photo-1500530855697-b586d89ba3ee?auto=format&fit=crop&w=1200&q=80,https://images.unsplash.com/photo-1500530855697-b586d89ba3ee?auto=format&fit=crop&w=1200&q=80,"{公园,合肥市,安徽省}"
3272,翡翠湖风景区,合肥市,翡翠路合肥工业大学翡翠湖校区西门对面,1,4.20,0,generic_unsplash_fallback,https://images.unsplash.com/photo-1469854523086-cc02fe5d8800?auto=format&fit=crop&w=1200&q=80,https://images.unsplash.com/photo-1469854523086-cc02fe5d8800?auto=format&fit=crop&w=1200&q=80,"{国家级景点,合肥市,安徽省}"
3285,浮槎山景区,合肥市,石塘镇甘露寺路,1,4.20,0,generic_unsplash_fallback,https://images.unsplash.com/photo-1469854523086-cc02fe5d8800?auto=format&fit=crop&w=1200&q=80,https://images.unsplash.com/photo-1469854523086-cc02fe5d8800?auto=format&fit=crop&w=1200&q=80,"{省级景点,合肥市,安徽省}"
3284,浮庄,合肥市,包公街道芜湖路72号包公园内(东北角),1,4.20,0,generic_unsplash_fallback,https://images.unsplash.com/photo-1500530855697-b586d89ba3ee?auto=format&fit=crop&w=1200&q=80,https://images.unsplash.com/photo-1500530855697-b586d89ba3ee?auto=format&fit=crop&w=1200&q=80,"{公园,合肥市,安徽省}"
3245,古逍遥津,合肥市,寿春路16号,1,4.20,0,generic_unsplash_fallback,https://images.unsplash.com/photo-1500530855697-b586d89ba3ee?auto=format&fit=crop&w=1200&q=80,https://images.unsplash.com/photo-1500530855697-b586d89ba3ee?auto=format&fit=crop&w=1200&q=80,"{公园,合肥市,安徽省}"
3225,合柴1972,合肥市,金寨南路310号,1,4.20,0,generic_unsplash_fallback,https://images.unsplash.com/photo-1469854523086-cc02fe5d8800?auto=format&fit=crop&w=1200&q=80,https://images.unsplash.com/photo-1469854523086-cc02fe5d8800?auto=format&fit=crop&w=1200&q=80,"{风景名胜,合肥市,安徽省}"
3263,合肥滨湖国家森林公园,合肥市,环湖北路观景平台北侧,1,4.20,0,generic_unsplash_fallback,https://images.unsplash.com/photo-1500530855697-b586d89ba3ee?auto=format&fit=crop&w=1200&q=80,https://images.unsplash.com/photo-1500530855697-b586d89ba3ee?auto=format&fit=crop&w=1200&q=80,"{国家级景点,合肥市,安徽省}"
3294,合肥巢湖湖滨国家湿地公园,合肥市,义城街道环湖北路,1,4.20,0,generic_unsplash_fallback,https://images.unsplash.com/photo-1500530855697-b586d89ba3ee?auto=format&fit=crop&w=1200&q=80,https://images.unsplash.com/photo-1500530855697-b586d89ba3ee?auto=format&fit=crop&w=1200&q=80,"{风景名胜,合肥市,安徽省}"
3232,合肥海洋世界,合肥市,蜀山经济技术开发区繁华大道321号,1,4.20,0,generic_unsplash_fallback,https://images.unsplash.com/photo-1469854523086-cc02fe5d8800?auto=format&fit=crop&w=1200&q=80,https://images.unsplash.com/photo-1469854523086-cc02fe5d8800?auto=format&fit=crop&w=1200&q=80,"{水族馆,合肥市,安徽省}"
3267,合肥家电故事馆,合肥市,常青街道常青街道合柴文创园1972,1,4.20,0,generic_unsplash_fallback,https://images.unsplash.com/photo-1469854523086-cc02fe5d8800?auto=format&fit=crop&w=1200&q=80,https://images.unsplash.com/photo-1469854523086-cc02fe5d8800?auto=format&fit=crop&w=1200&q=80,"{旅游景点,合肥市,安徽省}"
3275,合肥南站北广场,合肥市,徽州大道和庐州大道之间(合肥南站地铁站1号口旁),1,4.20,0,generic_unsplash_fallback,https://images.unsplash.com/photo-1444723121867-7a241cacace9?auto=format&fit=crop&w=1200&q=80,https://images.unsplash.com/photo-1444723121867-7a241cacace9?auto=format&fit=crop&w=1200&q=80,"{城市广场,合肥市,安徽省}"
3235,合肥三件套,合肥市,怀宁路与龙图路交叉口北100米,1,4.20,0,generic_unsplash_fallback,https://images.unsplash.com/photo-1469854523086-cc02fe5d8800?auto=format&fit=crop&w=1200&q=80,https://images.unsplash.com/photo-1469854523086-cc02fe5d8800?auto=format&fit=crop&w=1200&q=80,"{风景名胜,合肥市,安徽省}"
3279,合肥西站西广场,合肥市,清溪路47号,1,4.20,0,generic_unsplash_fallback,https://images.unsplash.com/photo-1444723121867-7a241cacace9?auto=format&fit=crop&w=1200&q=80,https://images.unsplash.com/photo-1444723121867-7a241cacace9?auto=format&fit=crop&w=1200&q=80,"{城市广场,合肥市,安徽省}"
3233,合肥野生动物园,合肥市,望江西路600号,1,4.20,0,generic_unsplash_fallback,https://images.unsplash.com/photo-1469854523086-cc02fe5d8800?auto=format&fit=crop&w=1200&q=80,https://images.unsplash.com/photo-1469854523086-cc02fe5d8800?auto=format&fit=crop&w=1200&q=80,"{动物园,合肥市,安徽省}"
3248,合肥园博园,合肥市,骆岗生态公园,1,4.20,0,generic_unsplash_fallback,https://images.unsplash.com/photo-1469854523086-cc02fe5d8800?auto=format&fit=crop&w=1200&q=80,https://images.unsplash.com/photo-1469854523086-cc02fe5d8800?auto=format&fit=crop&w=1200&q=80,"{风景名胜,合肥市,安徽省}"
3260,合肥园博园安徽园,合肥市,庐州大道4号,1,4.20,0,generic_unsplash_fallback,https://images.unsplash.com/photo-1500530855697-b586d89ba3ee?auto=format&fit=crop&w=1200&q=80,https://images.unsplash.com/photo-1500530855697-b586d89ba3ee?auto=format&fit=crop&w=1200&q=80,"{公园,合肥市,安徽省}"
3262,合肥园博园牡丹园,合肥市,合肥园博园(盛大地铁站A口步行290米),1,4.20,0,generic_unsplash_fallback,https://images.unsplash.com/photo-1469854523086-cc02fe5d8800?auto=format&fit=crop&w=1200&q=80,https://images.unsplash.com/photo-1469854523086-cc02fe5d8800?auto=format&fit=crop&w=1200&q=80,"{风景名胜,合肥市,安徽省}"
3283,合肥园博园月季园,合肥市,合肥园博园内(北侧),1,4.20,0,generic_unsplash_fallback,https://images.unsplash.com/photo-1469854523086-cc02fe5d8800?auto=format&fit=crop&w=1200&q=80,https://images.unsplash.com/photo-1469854523086-cc02fe5d8800?auto=format&fit=crop&w=1200&q=80,"{风景名胜,合肥市,安徽省}"
3236,合肥植物园,合肥市,环湖东路123号,1,4.20,0,generic_unsplash_fallback,https://images.unsplash.com/photo-1469854523086-cc02fe5d8800?auto=format&fit=crop&w=1200&q=80,https://images.unsplash.com/photo-1469854523086-cc02fe5d8800?auto=format&fit=crop&w=1200&q=80,"{植物园,合肥市,安徽省}"
3289,红石咀公园-观景台,合肥市,红石咀公园,1,4.20,0,generic_unsplash_fallback,https://images.unsplash.com/photo-1500530855697-b586d89ba3ee?auto=format&fit=crop&w=1200&q=80,https://images.unsplash.com/photo-1500530855697-b586d89ba3ee?auto=format&fit=crop&w=1200&q=80,"{观景点,合肥市,安徽省}"
3268,洪石公园,合肥市,石台路与孔塘支路交叉口东南140米,1,4.20,0,generic_unsplash_fallback,https://images.unsplash.com/photo-1500530855697-b586d89ba3ee?auto=format&fit=crop&w=1200&q=80,https://images.unsplash.com/photo-1500530855697-b586d89ba3ee?auto=format&fit=crop&w=1200&q=80,"{公园,合肥市,安徽省}"
3300,花冲公园,合肥市,长江东路593号,1,4.20,0,generic_unsplash_fallback,https://images.unsplash.com/photo-1500530855697-b586d89ba3ee?auto=format&fit=crop&w=1200&q=80,https://images.unsplash.com/photo-1500530855697-b586d89ba3ee?auto=format&fit=crop&w=1200&q=80,"{公园,合肥市,安徽省}"
3246,环城公园,合肥市,芜湖路街道环城南路29号,1,4.20,0,generic_unsplash_fallback,https://images.unsplash.com/photo-1500530855697-b586d89ba3ee?auto=format&fit=crop&w=1200&q=80,https://images.unsplash.com/photo-1500530855697-b586d89ba3ee?auto=format&fit=crop&w=1200&q=80,"{公园,合肥市,安徽省}"
3278,黄金沙滩,合肥市,祁门路与绿洲西路交叉口东北120米,1,4.20,0,generic_unsplash_fallback,https://images.unsplash.com/photo-1469854523086-cc02fe5d8800?auto=format&fit=crop&w=1200&q=80,https://images.unsplash.com/photo-1469854523086-cc02fe5d8800?auto=format&fit=crop&w=1200&q=80,"{海滩,合肥市,安徽省}"
3229,徽园,合肥市,繁华大道11178号,1,4.20,0,generic_unsplash_fallback,https://images.unsplash.com/photo-1469854523086-cc02fe5d8800?auto=format&fit=crop&w=1200&q=80,https://images.unsplash.com/photo-1469854523086-cc02fe5d8800?auto=format&fit=crop&w=1200&q=80,"{国家级景点,合肥市,安徽省}"
3247,匡河公园,合肥市,匡河路与笔架山路交叉口东南100米,1,4.20,0,generic_unsplash_fallback,https://images.unsplash.com/photo-1500530855697-b586d89ba3ee?auto=format&fit=crop&w=1200&q=80,https://images.unsplash.com/photo-1500530855697-b586d89ba3ee?auto=format&fit=crop&w=1200&q=80,"{公园,合肥市,安徽省}"
3252,匡河公园南门库景区,合肥市,合作化与休宁路交口西北角,1,4.20,0,generic_unsplash_fallback,https://images.unsplash.com/photo-1500530855697-b586d89ba3ee?auto=format&fit=crop&w=1200&q=80,https://images.unsplash.com/photo-1500530855697-b586d89ba3ee?auto=format&fit=crop&w=1200&q=80,"{风景名胜,合肥市,安徽省}"
3266,匡河路梅花林,合肥市,习友路1699号,1,4.20,0,generic_unsplash_fallback,https://images.unsplash.com/photo-1469854523086-cc02fe5d8800?auto=format&fit=crop&w=1200&q=80,https://images.unsplash.com/photo-1469854523086-cc02fe5d8800?auto=format&fit=crop&w=1200&q=80,"{风景名胜,合肥市,安徽省}"
3259,罍街公园,合肥市,马鞍山路与南二环路交叉路口往西北约100米,1,4.20,0,generic_unsplash_fallback,https://images.unsplash.com/photo-1500530855697-b586d89ba3ee?auto=format&fit=crop&w=1200&q=80,https://images.unsplash.com/photo-1500530855697-b586d89ba3ee?auto=format&fit=crop&w=1200&q=80,"{公园,合肥市,安徽省}"
3250,李鸿章故居,合肥市,淮河路208号,1,4.20,0,generic_unsplash_fallback,https://images.unsplash.com/photo-1469854523086-cc02fe5d8800?auto=format&fit=crop&w=1200&q=80,https://images.unsplash.com/photo-1469854523086-cc02fe5d8800?auto=format&fit=crop&w=1200&q=80,"{纪念馆,合肥市,安徽省}"
3249,李鸿章故居陈列馆,合肥市,逍遥津街道淮河路步行街208号,1,4.20,0,generic_unsplash_fallback,https://images.unsplash.com/photo-1469854523086-cc02fe5d8800?auto=format&fit=crop&w=1200&q=80,https://images.unsplash.com/photo-1469854523086-cc02fe5d8800?auto=format&fit=crop&w=1200&q=80,"{纪念馆,合肥市,安徽省}"
3288,六家畈红石咀公园,合肥市,六家畈古民居群西1.5公里,1,4.20,0,generic_unsplash_fallback,https://images.unsplash.com/photo-1500530855697-b586d89ba3ee?auto=format&fit=crop&w=1200&q=80,https://images.unsplash.com/photo-1500530855697-b586d89ba3ee?auto=format&fit=crop&w=1200&q=80,"{公园,合肥市,安徽省}"
3242,庐州公园,合肥市,冬青街与蓝莓路交叉路口,1,4.20,0,generic_unsplash_fallback,https://images.unsplash.com/photo-1500530855697-b586d89ba3ee?auto=format&fit=crop&w=1200&q=80,https://images.unsplash.com/photo-1500530855697-b586d89ba3ee?auto=format&fit=crop&w=1200&q=80,"{公园,合肥市,安徽省}"
3239,骆岗公园,合肥市,包河大道,1,4.20,0,generic_unsplash_fallback,https://images.unsplash.com/photo-1500530855697-b586d89ba3ee?auto=format&fit=crop&w=1200&q=80,https://images.unsplash.com/photo-1500530855697-b586d89ba3ee?auto=format&fit=crop&w=1200&q=80,"{公园,合肥市,安徽省}"
3228,绿轴公园,合肥市,祁门路,1,4.20,0,generic_unsplash_fallback,https://images.unsplash.com/photo-1500530855697-b586d89ba3ee?auto=format&fit=crop&w=1200&q=80,https://images.unsplash.com/photo-1500530855697-b586d89ba3ee?auto=format&fit=crop&w=1200&q=80,"{公园,合肥市,安徽省}"
3255,迈乐小镇儿童体能公园,合肥市,金寨路与芙蓉路交口西南角,1,4.20,0,generic_unsplash_fallback,https://images.unsplash.com/photo-1500530855697-b586d89ba3ee?auto=format&fit=crop&w=1200&q=80,https://images.unsplash.com/photo-1500530855697-b586d89ba3ee?auto=format&fit=crop&w=1200&q=80,"{公园,合肥市,安徽省}"
3261,梦想大草坪,合肥市,合肥园博园,1,4.20,0,generic_unsplash_fallback,https://images.unsplash.com/photo-1469854523086-cc02fe5d8800?auto=format&fit=crop&w=1200&q=80,https://images.unsplash.com/photo-1469854523086-cc02fe5d8800?auto=format&fit=crop&w=1200&q=80,"{风景名胜,合肥市,安徽省}"
3264,明教寺,合肥市,淮河路44号(大东门地铁站A口步行450米),1,4.20,0,generic_unsplash_fallback,https://images.unsplash.com/photo-1513415756790-2ac1db1297d0?auto=format&fit=crop&w=1200&q=80,https://images.unsplash.com/photo-1513415756790-2ac1db1297d0?auto=format&fit=crop&w=1200&q=80,"{寺庙道观,合肥市,安徽省}"
3265,明珠广场,合肥市,繁华大道和金寨南路交叉口,1,4.20,0,generic_unsplash_fallback,https://images.unsplash.com/photo-1500530855697-b586d89ba3ee?auto=format&fit=crop&w=1200&q=80,https://images.unsplash.com/photo-1500530855697-b586d89ba3ee?auto=format&fit=crop&w=1200&q=80,"{公园广场,合肥市,安徽省}"
3238,南艳湖公园,合肥市,习友路与观海路交叉口,1,4.20,0,generic_unsplash_fallback,https://images.unsplash.com/photo-1500530855697-b586d89ba3ee?auto=format&fit=crop&w=1200&q=80,https://images.unsplash.com/photo-1500530855697-b586d89ba3ee?auto=format&fit=crop&w=1200&q=80,"{公园,合肥市,安徽省}"
3295,派园,合肥市,三河路与芮祠路交叉口东240米,1,4.20,0,generic_unsplash_fallback,https://images.unsplash.com/photo-1500530855697-b586d89ba3ee?auto=format&fit=crop&w=1200&q=80,https://images.unsplash.com/photo-1500530855697-b586d89ba3ee?auto=format&fit=crop&w=1200&q=80,"{公园,合肥市,安徽省}"
3271,奇趣森林&徽园自然探索中心,合肥市,徽园芜湖馆,1,4.20,0,generic_unsplash_fallback,https://images.unsplash.com/photo-1469854523086-cc02fe5d8800?auto=format&fit=crop&w=1200&q=80,https://images.unsplash.com/photo-1469854523086-cc02fe5d8800?auto=format&fit=crop&w=1200&q=80,"{旅游景点,合肥市,安徽省}"
3290,青年创意田园,合肥市,龙岗路南150米,1,4.20,0,generic_unsplash_fallback,https://images.unsplash.com/photo-1500530855697-b586d89ba3ee?auto=format&fit=crop&w=1200&q=80,https://images.unsplash.com/photo-1500530855697-b586d89ba3ee?auto=format&fit=crop&w=1200&q=80,"{公园,合肥市,安徽省}"
3282,上喜驿,合肥市,合肥园博园内(南侧),1,4.20,0,generic_unsplash_fallback,https://images.unsplash.com/photo-1469854523086-cc02fe5d8800?auto=format&fit=crop&w=1200&q=80,https://images.unsplash.com/photo-1469854523086-cc02fe5d8800?auto=format&fit=crop&w=1200&q=80,"{风景名胜,合肥市,安徽省}"
3287,少荃湖公园,合肥市,魏武路南侧少荃湖,1,4.20,0,generic_unsplash_fallback,https://images.unsplash.com/photo-1500530855697-b586d89ba3ee?auto=format&fit=crop&w=1200&q=80,https://images.unsplash.com/photo-1500530855697-b586d89ba3ee?auto=format&fit=crop&w=1200&q=80,"{公园,合肥市,安徽省}"
3302,十里长堤,合肥市,环湖北路与深圳路交叉口东北460米,1,4.20,0,generic_unsplash_fallback,https://images.unsplash.com/photo-1469854523086-cc02fe5d8800?auto=format&fit=crop&w=1200&q=80,https://images.unsplash.com/photo-1469854523086-cc02fe5d8800?auto=format&fit=crop&w=1200&q=80,"{风景名胜,合肥市,安徽省}"
3237,石台路公园,合肥市,石台路与天鹅湖东路交口东南角,1,4.20,0,generic_unsplash_fallback,https://images.unsplash.com/photo-1500530855697-b586d89ba3ee?auto=format&fit=crop&w=1200&q=80,https://images.unsplash.com/photo-1500530855697-b586d89ba3ee?auto=format&fit=crop&w=1200&q=80,"{公园,合肥市,安徽省}"
3277,市民公园,合肥市,黄山路与怀宁路交叉口东南120米,1,4.20,0,generic_unsplash_fallback,https://images.unsplash.com/photo-1500530855697-b586d89ba3ee?auto=format&fit=crop&w=1200&q=80,https://images.unsplash.com/photo-1500530855697-b586d89ba3ee?auto=format&fit=crop&w=1200&q=80,"{公园,合肥市,安徽省}"
3243,蜀峰湾体育公园,合肥市,黄山路与香樟大道交口西北角,1,4.20,0,generic_unsplash_fallback,https://images.unsplash.com/photo-1500530855697-b586d89ba3ee?auto=format&fit=crop&w=1200&q=80,https://images.unsplash.com/photo-1500530855697-b586d89ba3ee?auto=format&fit=crop&w=1200&q=80,"{公园,合肥市,安徽省}"
3244,蜀山烈士陵园,合肥市,玉兰大道87号,1,4.20,0,generic_unsplash_fallback,https://images.unsplash.com/photo-1469854523086-cc02fe5d8800?auto=format&fit=crop&w=1200&q=80,https://images.unsplash.com/photo-1469854523086-cc02fe5d8800?auto=format&fit=crop&w=1200&q=80,"{红色景区,合肥市,安徽省}"
3230,蜀山森林公园,合肥市,玉兰大道8号,1,4.20,0,generic_unsplash_fallback,https://images.unsplash.com/photo-1500530855697-b586d89ba3ee?auto=format&fit=crop&w=1200&q=80,https://images.unsplash.com/photo-1500530855697-b586d89ba3ee?auto=format&fit=crop&w=1200&q=80,"{公园,合肥市,安徽省}"
3257,蜀西湖公园,合肥市,高新技术产业开发区长宁大道1880号,1,4.20,0,generic_unsplash_fallback,https://images.unsplash.com/photo-1500530855697-b586d89ba3ee?auto=format&fit=crop&w=1200&q=80,https://images.unsplash.com/photo-1500530855697-b586d89ba3ee?auto=format&fit=crop&w=1200&q=80,"{公园,合肥市,安徽省}"
3299,四顶山森林公园,合肥市,长临河店忠路,1,4.20,0,generic_unsplash_fallback,https://images.unsplash.com/photo-1500530855697-b586d89ba3ee?auto=format&fit=crop&w=1200&q=80,https://images.unsplash.com/photo-1500530855697-b586d89ba3ee?auto=format&fit=crop&w=1200&q=80,"{公园,合肥市,安徽省}"
3301,陶冲湖公园,合肥市,新蚌埠路附近,1,4.20,0,generic_unsplash_fallback,https://images.unsplash.com/photo-1500530855697-b586d89ba3ee?auto=format&fit=crop&w=1200&q=80,https://images.unsplash.com/photo-1500530855697-b586d89ba3ee?auto=format&fit=crop&w=1200&q=80,"{公园,合肥市,安徽省}"
3227,天鹅湖公园,合肥市,天鹅湖东路56号,1,4.20,0,generic_unsplash_fallback,https://images.unsplash.com/photo-1500530855697-b586d89ba3ee?auto=format&fit=crop&w=1200&q=80,https://images.unsplash.com/photo-1500530855697-b586d89ba3ee?auto=format&fit=crop&w=1200&q=80,"{公园,合肥市,安徽省}"
3231,天鹅湖人工沙滩,合肥市,祁门路(天鹅湖地铁站A口步行260米),1,4.20,0,generic_unsplash_fallback,https://images.unsplash.com/photo-1469854523086-cc02fe5d8800?auto=format&fit=crop&w=1200&q=80,https://images.unsplash.com/photo-1469854523086-cc02fe5d8800?auto=format&fit=crop&w=1200&q=80,"{海滩,合肥市,安徽省}"
3226,天鹅湖体育公园,合肥市,笔架山街道天鹅湖路与聚云峰路交口,1,4.20,0,generic_unsplash_fallback,https://images.unsplash.com/photo-1500530855697-b586d89ba3ee?auto=format&fit=crop&w=1200&q=80,https://images.unsplash.com/photo-1500530855697-b586d89ba3ee?auto=format&fit=crop&w=1200&q=80,"{公园,合肥市,安徽省}"
3253,天乐公园,合肥市,科学大道97号,1,4.20,0,generic_unsplash_fallback,https://images.unsplash.com/photo-1500530855697-b586d89ba3ee?auto=format&fit=crop&w=1200&q=80,https://images.unsplash.com/photo-1500530855697-b586d89ba3ee?auto=format&fit=crop&w=1200&q=80,"{公园,合肥市,安徽省}"
3273,天龙广场,合肥市,潜山路辅路与花亭湖路交叉口东南160米,1,4.20,0,generic_unsplash_fallback,https://images.unsplash.com/photo-1444723121867-7a241cacace9?auto=format&fit=crop&w=1200&q=80,https://images.unsplash.com/photo-1444723121867-7a241cacace9?auto=format&fit=crop&w=1200&q=80,"{城市广场,合肥市,安徽省}"
3303,万山电影公园,合肥市,万山镇长冲村万山电影公园,1,4.20,0,generic_unsplash_fallback,https://images.unsplash.com/photo-1500530855697-b586d89ba3ee?auto=format&fit=crop&w=1200&q=80,https://images.unsplash.com/photo-1500530855697-b586d89ba3ee?auto=format&fit=crop&w=1200&q=80,"{公园,合肥市,安徽省}"
3280,王羲之兰亭序唐摹本原迹,合肥市,笔架山街道天鹅湖路与聚云峰路交口天鹅湖体育公园内(东侧),1,4.20,0,generic_unsplash_fallback,https://images.unsplash.com/photo-1469854523086-cc02fe5d8800?auto=format&fit=crop&w=1200&q=80,https://images.unsplash.com/photo-1469854523086-cc02fe5d8800?auto=format&fit=crop&w=1200&q=80,"{旅游景点,合肥市,安徽省}"
3269,新月公园,合肥市,金炉路与壶天路交叉口北40米,1,4.20,0,generic_unsplash_fallback,https://images.unsplash.com/photo-1500530855697-b586d89ba3ee?auto=format&fit=crop&w=1200&q=80,https://images.unsplash.com/photo-1500530855697-b586d89ba3ee?auto=format&fit=crop&w=1200&q=80,"{公园,合肥市,安徽省}"
3270,星际体育公园,合肥市,G4001合肥绕城高速与G4001合肥绕城高速入口交叉口东北180米,1,4.20,0,generic_unsplash_fallback,https://images.unsplash.com/photo-1500530855697-b586d89ba3ee?auto=format&fit=crop&w=1200&q=80,https://images.unsplash.com/photo-1500530855697-b586d89ba3ee?auto=format&fit=crop&w=1200&q=80,"{公园,合肥市,安徽省}"
3241,杏花公园,合肥市,三孝口街道淮河西路482号,1,4.20,0,generic_unsplash_fallback,https://images.unsplash.com/photo-1500530855697-b586d89ba3ee?auto=format&fit=crop&w=1200&q=80,https://images.unsplash.com/photo-1500530855697-b586d89ba3ee?auto=format&fit=crop&w=1200&q=80,"{公园,合肥市,安徽省}"
3297,瑶海公园,合肥市,新蚌埠路与北二环路交叉口,1,4.20,0,generic_unsplash_fallback,https://images.unsplash.com/photo-1500530855697-b586d89ba3ee?auto=format&fit=crop&w=1200&q=80,https://images.unsplash.com/photo-1500530855697-b586d89ba3ee?auto=format&fit=crop&w=1200&q=80,"{公园,合肥市,安徽省}"
3286,冶父山国家森林公园,合肥市,庐巢路,1,4.20,0,generic_unsplash_fallback,https://images.unsplash.com/photo-1500530855697-b586d89ba3ee?auto=format&fit=crop&w=1200&q=80,https://images.unsplash.com/photo-1500530855697-b586d89ba3ee?auto=format&fit=crop&w=1200&q=80,"{国家级景点,合肥市,安徽省}"
3274,鱼水情雕塑,合肥市,怀宁路与天鹅湖路交叉口天鹅湖公园,1,4.20,0,generic_unsplash_fallback,https://images.unsplash.com/photo-1469854523086-cc02fe5d8800?auto=format&fit=crop&w=1200&q=80,https://images.unsplash.com/photo-1469854523086-cc02fe5d8800?auto=format&fit=crop&w=1200&q=80,"{旅游景点,合肥市,安徽省}"
3291,月亮湾公园,合肥市,新安江路,1,4.20,0,generic_unsplash_fallback,https://images.unsplash.com/photo-1500530855697-b586d89ba3ee?auto=format&fit=crop&w=1200&q=80,https://images.unsplash.com/photo-1500530855697-b586d89ba3ee?auto=format&fit=crop&w=1200&q=80,"{公园,合肥市,安徽省}"
3293,云水湾公园,合肥市,中庙街道办事处高速云水湾,1,4.20,0,generic_unsplash_fallback,https://images.unsplash.com/photo-1500530855697-b586d89ba3ee?auto=format&fit=crop&w=1200&q=80,https://images.unsplash.com/photo-1500530855697-b586d89ba3ee?auto=format&fit=crop&w=1200&q=80,"{公园,合肥市,安徽省}"
2102,阿吉太湖,呼和浩特市,草原丝绸之路文化主题公园内(北侧),1,4.20,0,generic_unsplash_fallback,https://images.unsplash.com/photo-1469854523086-cc02fe5d8800?auto=format&fit=crop&w=1200&q=80,https://images.unsplash.com/photo-1469854523086-cc02fe5d8800?auto=format&fit=crop&w=1200&q=80,"{风景名胜,呼和浩特市,内蒙古自治区}"
2127,宝尔汗佛塔,呼和浩特市,鄂尔多斯大街74号,1,4.20,0,generic_unsplash_fallback,https://images.unsplash.com/photo-1444723121867-7a241cacace9?auto=format&fit=crop&w=1200&q=80,https://images.unsplash.com/photo-1444723121867-7a241cacace9?auto=format&fit=crop&w=1200&q=80,"{风景名胜,呼和浩特市,内蒙古自治区}"
2121,北郊公园,呼和浩特市,兴松街55号,1,4.20,0,generic_unsplash_fallback,https://images.unsplash.com/photo-1500530855697-b586d89ba3ee?auto=format&fit=crop&w=1200&q=80,https://images.unsplash.com/photo-1500530855697-b586d89ba3ee?auto=format&fit=crop&w=1200&q=80,"{公园,呼和浩特市,内蒙古自治区}"
2163,北郊公园东区,呼和浩特市,兴松街55号北郊公园,1,4.20,0,generic_unsplash_fallback,https://images.unsplash.com/photo-1500530855697-b586d89ba3ee?auto=format&fit=crop&w=1200&q=80,https://images.unsplash.com/photo-1500530855697-b586d89ba3ee?auto=format&fit=crop&w=1200&q=80,"{公园,呼和浩特市,内蒙古自治区}"
2103,北山公园,呼和浩特市,万通路,1,4.20,0,generic_unsplash_fallback,https://images.unsplash.com/photo-1500530855697-b586d89ba3ee?auto=format&fit=crop&w=1200&q=80,https://images.unsplash.com/photo-1500530855697-b586d89ba3ee?auto=format&fit=crop&w=1200&q=80,"{公园,呼和浩特市,内蒙古自治区}"
2101,成吉思汗公园,呼和浩特市,东风路街道成吉思汗东街,1,4.20,0,generic_unsplash_fallback,https://images.unsplash.com/photo-1500530855697-b586d89ba3ee?auto=format&fit=crop&w=1200&q=80,https://images.unsplash.com/photo-1500530855697-b586d89ba3ee?auto=format&fit=crop&w=1200&q=80,"{公园,呼和浩特市,内蒙古自治区}"
2161,成吉思汗公园南区,呼和浩特市,东风路街道成吉思汗东街成吉思汗公园,1,4.20,0,generic_unsplash_fallback,https://images.unsplash.com/photo-1500530855697-b586d89ba3ee?auto=format&fit=crop&w=1200&q=80,https://images.unsplash.com/photo-1500530855697-b586d89ba3ee?auto=format&fit=crop&w=1200&q=80,"{公园,呼和浩特市,内蒙古自治区}"
2120,敕勒川草原,呼和浩特市,苏尔干街8号,1,4.20,0,generic_unsplash_fallback,https://images.unsplash.com/photo-1469854523086-cc02fe5d8800?auto=format&fit=crop&w=1200&q=80,https://images.unsplash.com/photo-1469854523086-cc02fe5d8800?auto=format&fit=crop&w=1200&q=80,"{风景名胜,呼和浩特市,内蒙古自治区}"
2104,敕勒川公园,呼和浩特市,敕勒川路街道自治区政府对面,1,4.20,0,generic_unsplash_fallback,https://images.unsplash.com/photo-1500530855697-b586d89ba3ee?auto=format&fit=crop&w=1200&q=80,https://images.unsplash.com/photo-1500530855697-b586d89ba3ee?auto=format&fit=crop&w=1200&q=80,"{公园,呼和浩特市,内蒙古自治区}"
2114,春度廉政文化公园,呼和浩特市,敕勒川街道乌兰察布东路55号春度,1,4.20,0,generic_unsplash_fallback,https://images.unsplash.com/photo-1500530855697-b586d89ba3ee?auto=format&fit=crop&w=1200&q=80,https://images.unsplash.com/photo-1500530855697-b586d89ba3ee?auto=format&fit=crop&w=1200&q=80,"{公园,呼和浩特市,内蒙古自治区}"
2137,大黑河郊野公园,呼和浩特市,"",1,4.20,0,generic_unsplash_fallback,https://images.unsplash.com/photo-1500530855697-b586d89ba3ee?auto=format&fit=crop&w=1200&q=80,https://images.unsplash.com/photo-1500530855697-b586d89ba3ee?auto=format&fit=crop&w=1200&q=80,"{公园,呼和浩特市,内蒙古自治区}"
2129,大黑河军事文化乐园,呼和浩特市,东二环辅路与公园路交叉口东北420米,1,4.20,0,generic_unsplash_fallback,https://images.unsplash.com/photo-1500530855697-b586d89ba3ee?auto=format&fit=crop&w=1200&q=80,https://images.unsplash.com/photo-1500530855697-b586d89ba3ee?auto=format&fit=crop&w=1200&q=80,"{公园,呼和浩特市,内蒙古自治区}"
2164,大青山红色文化公园,呼和浩特市,保合少镇古路板村,1,4.20,0,generic_unsplash_fallback,https://images.unsplash.com/photo-1500530855697-b586d89ba3ee?auto=format&fit=crop&w=1200&q=80,https://images.unsplash.com/photo-1500530855697-b586d89ba3ee?auto=format&fit=crop&w=1200&q=80,"{旅游景点,呼和浩特市,内蒙古自治区}"
2115,大青山野生动物园,呼和浩特市,呼武公路1.5公里处,1,4.20,0,generic_unsplash_fallback,https://images.unsplash.com/photo-1469854523086-cc02fe5d8800?auto=format&fit=crop&w=1200&q=80,https://images.unsplash.com/photo-1469854523086-cc02fe5d8800?auto=format&fit=crop&w=1200&q=80,"{动物园,呼和浩特市,内蒙古自治区}"
2110,大召无量寺,呼和浩特市,大召前街,1,4.20,0,generic_unsplash_fallback,https://images.unsplash.com/photo-1513415756790-2ac1db1297d0?auto=format&fit=crop&w=1200&q=80,https://images.unsplash.com/photo-1513415756790-2ac1db1297d0?auto=format&fit=crop&w=1200&q=80,"{寺庙道观,呼和浩特市,内蒙古自治区}"
2149,东河公园,呼和浩特市,哈拉沁西路西南侧,1,4.20,0,generic_unsplash_fallback,https://images.unsplash.com/photo-1500530855697-b586d89ba3ee?auto=format&fit=crop&w=1200&q=80,https://images.unsplash.com/photo-1500530855697-b586d89ba3ee?auto=format&fit=crop&w=1200&q=80,"{公园,呼和浩特市,内蒙古自治区}"
2098,东河广场,呼和浩特市,阿吉泰路中华磁电大厦东侧约240米,1,4.20,0,generic_unsplash_fallback,https://images.unsplash.com/photo-1500530855697-b586d89ba3ee?auto=format&fit=crop&w=1200&q=80,https://images.unsplash.com/photo-1500530855697-b586d89ba3ee?auto=format&fit=crop&w=1200&q=80,"{公园,呼和浩特市,内蒙古自治区}"
2156,多松年烈士纪念馆,呼和浩特市,呼和巷与呼伦贝尔北路交叉口东460米,1,4.20,0,generic_unsplash_fallback,https://images.unsplash.com/photo-1469854523086-cc02fe5d8800?auto=format&fit=crop&w=1200&q=80,https://images.unsplash.com/photo-1469854523086-cc02fe5d8800?auto=format&fit=crop&w=1200&q=80,"{纪念馆,呼和浩特市,内蒙古自治区}"
2124,方正广场,呼和浩特市,新华东街与丝绸之路大道交叉口西200米,1,4.20,0,generic_unsplash_fallback,https://images.unsplash.com/photo-1444723121867-7a241cacace9?auto=format&fit=crop&w=1200&q=80,https://images.unsplash.com/photo-1444723121867-7a241cacace9?auto=format&fit=crop&w=1200&q=80,"{城市广场,呼和浩特市,内蒙古自治区}"
2118,妇女儿童公园,呼和浩特市,塬文化公园对面,1,4.20,0,generic_unsplash_fallback,https://images.unsplash.com/photo-1500530855697-b586d89ba3ee?auto=format&fit=crop&w=1200&q=80,https://images.unsplash.com/photo-1500530855697-b586d89ba3ee?auto=format&fit=crop&w=1200&q=80,"{公园,呼和浩特市,内蒙古自治区}"
2178,格桑花海(大黑河郊野公园),呼和浩特市,关公庙北侧140米,1,4.20,0,generic_unsplash_fallback,https://images.unsplash.com/photo-1500530855697-b586d89ba3ee?auto=format&fit=crop&w=1200&q=80,https://images.unsplash.com/photo-1500530855697-b586d89ba3ee?auto=format&fit=crop&w=1200&q=80,"{风景名胜,呼和浩特市,内蒙古自治区}"
2107,公主府公园,呼和浩特市,锡林路街道锡林路街道海拉尔大街54号,1,4.20,0,generic_unsplash_fallback,https://images.unsplash.com/photo-1500530855697-b586d89ba3ee?auto=format&fit=crop&w=1200&q=80,https://images.unsplash.com/photo-1500530855697-b586d89ba3ee?auto=format&fit=crop&w=1200&q=80,"{公园,呼和浩特市,内蒙古自治区}"
2132,观音寺,呼和浩特市,泉源巷与鄂尔多斯大街交汇北100米路西侧,1,4.20,0,generic_unsplash_fallback,https://images.unsplash.com/photo-1513415756790-2ac1db1297d0?auto=format&fit=crop&w=1200&q=80,https://images.unsplash.com/photo-1513415756790-2ac1db1297d0?auto=format&fit=crop&w=1200&q=80,"{寺庙道观,呼和浩特市,内蒙古自治区}"
2160,哈达门国家森林公园,呼和浩特市,大青山乡呼武旧公路哈达门高原牧场附近,1,4.20,0,generic_unsplash_fallback,https://images.unsplash.com/photo-1500530855697-b586d89ba3ee?auto=format&fit=crop&w=1200&q=80,https://images.unsplash.com/photo-1500530855697-b586d89ba3ee?auto=format&fit=crop&w=1200&q=80,"{公园,呼和浩特市,内蒙古自治区}"
2154,哈拉沁吉沙公园,呼和浩特市,哈拉更新村,1,4.20,0,generic_unsplash_fallback,https://images.unsplash.com/photo-1500530855697-b586d89ba3ee?auto=format&fit=crop&w=1200&q=80,https://images.unsplash.com/photo-1500530855697-b586d89ba3ee?auto=format&fit=crop&w=1200&q=80,"{公园,呼和浩特市,内蒙古自治区}"
2112,哈拉沁生态公园,呼和浩特市,G6京藏高速附近,1,4.20,0,generic_unsplash_fallback,https://images.unsplash.com/photo-1500530855697-b586d89ba3ee?auto=format&fit=crop&w=1200&q=80,https://images.unsplash.com/photo-1500530855697-b586d89ba3ee?auto=format&fit=crop&w=1200&q=80,"{公园,呼和浩特市,内蒙古自治区}"
2175,和林格尔土城子国家考古遗址公园,呼和浩特市,209国道与博物馆东街交叉口西60米,1,4.20,0,generic_unsplash_fallback,https://images.unsplash.com/photo-1500530855697-b586d89ba3ee?auto=format&fit=crop&w=1200&q=80,https://images.unsplash.com/photo-1500530855697-b586d89ba3ee?auto=format&fit=crop&w=1200&q=80,"{公园广场,呼和浩特市,内蒙古自治区}"
2167,和林格尔县南山旅游景区,呼和浩特市,城关镇金河大道大南山文化产业园旁边,1,4.20,0,generic_unsplash_fallback,https://images.unsplash.com/photo-1469854523086-cc02fe5d8800?auto=format&fit=crop&w=1200&q=80,https://images.unsplash.com/photo-1469854523086-cc02fe5d8800?auto=format&fit=crop&w=1200&q=80,"{风景名胜,呼和浩特市,内蒙古自治区}"
2138,呼和浩特东站北广场,呼和浩特市,海拉尔东街,1,4.20,0,generic_unsplash_fallback,https://images.unsplash.com/photo-1444723121867-7a241cacace9?auto=format&fit=crop&w=1200&q=80,https://images.unsplash.com/photo-1444723121867-7a241cacace9?auto=format&fit=crop&w=1200&q=80,"{城市广场,呼和浩特市,内蒙古自治区}"
2139,呼和浩特东站南广场,呼和浩特市,南店村呼和浩特东站,1,4.20,0,generic_unsplash_fallback,https://images.unsplash.com/photo-1444723121867-7a241cacace9?auto=format&fit=crop&w=1200&q=80,https://images.unsplash.com/photo-1444723121867-7a241cacace9?auto=format&fit=crop&w=1200&q=80,"{城市广场,呼和浩特市,内蒙古自治区}"
2100,呼和浩特海洋馆,呼和浩特市,成吉思汗大街街道东站北街与哈拉沁路交叉口东北240米,1,4.20,0,generic_unsplash_fallback,https://images.unsplash.com/photo-1469854523086-cc02fe5d8800?auto=format&fit=crop&w=1200&q=80,https://images.unsplash.com/photo-1469854523086-cc02fe5d8800?auto=format&fit=crop&w=1200&q=80,"{水族馆,呼和浩特市,内蒙古自治区}"
2113,呼和浩特市国际雕塑园,呼和浩特市,乌兰察布东街24号,1,4.20,0,generic_unsplash_fallback,https://images.unsplash.com/photo-1469854523086-cc02fe5d8800?auto=format&fit=crop&w=1200&q=80,https://images.unsplash.com/photo-1469854523086-cc02fe5d8800?auto=format&fit=crop&w=1200&q=80,"{风景名胜,呼和浩特市,内蒙古自治区}"
2159,呼和浩特市南湖公园,呼和浩特市,昭君路36号,1,4.20,0,generic_unsplash_fallback,https://images.unsplash.com/photo-1500530855697-b586d89ba3ee?auto=format&fit=crop&w=1200&q=80,https://images.unsplash.com/photo-1500530855697-b586d89ba3ee?auto=format&fit=crop&w=1200&q=80,"{公园,呼和浩特市,内蒙古自治区}"
2169,呼和浩特市赛罕区小黑河景观带,呼和浩特市,昭乌达路街道银河南街与和畅路交叉口西220米,1,4.20,0,generic_unsplash_fallback,https://images.unsplash.com/photo-1469854523086-cc02fe5d8800?auto=format&fit=crop&w=1200&q=80,https://images.unsplash.com/photo-1469854523086-cc02fe5d8800?auto=format&fit=crop&w=1200&q=80,"{植物园,呼和浩特市,内蒙古自治区}"
2171,呼和浩特市新钢公园西区,呼和浩特市,攸攸板镇海拉尔西路工农兵路新钢公园,1,4.20,0,generic_unsplash_fallback,https://images.unsplash.com/photo-1500530855697-b586d89ba3ee?auto=format&fit=crop&w=1200&q=80,https://images.unsplash.com/photo-1500530855697-b586d89ba3ee?auto=format&fit=crop&w=1200&q=80,"{公园,呼和浩特市,内蒙古自治区}"
2116,呼和浩特市植物园,呼和浩特市,机场高速68号,1,4.20,0,generic_unsplash_fallback,https://images.unsplash.com/photo-1469854523086-cc02fe5d8800?auto=format&fit=crop&w=1200&q=80,https://images.unsplash.com/photo-1469854523086-cc02fe5d8800?auto=format&fit=crop&w=1200&q=80,"{植物园,呼和浩特市,内蒙古自治区}"
2133,呼和浩特乌素图国家森林公园,呼和浩特市,北大青山前山中段,1,4.20,0,generic_unsplash_fallback,https://images.unsplash.com/photo-1500530855697-b586d89ba3ee?auto=format&fit=crop&w=1200&q=80,https://images.unsplash.com/photo-1500530855697-b586d89ba3ee?auto=format&fit=crop&w=1200&q=80,"{省级景点,呼和浩特市,内蒙古自治区}"
2145,湖心岛,呼和浩特市,草原丝绸之路文化主题公园内(北侧),1,4.20,0,generic_unsplash_fallback,https://images.unsplash.com/photo-1469854523086-cc02fe5d8800?auto=format&fit=crop&w=1200&q=80,https://images.unsplash.com/photo-1469854523086-cc02fe5d8800?auto=format&fit=crop&w=1200&q=80,"{风景名胜,呼和浩特市,内蒙古自治区}"
2162,湖心岛景观,呼和浩特市,东风路街道成吉思汗东街成吉思汗公园(西南角),1,4.20,0,generic_unsplash_fallback,https://images.unsplash.com/photo-1469854523086-cc02fe5d8800?auto=format&fit=crop&w=1200&q=80,https://images.unsplash.com/photo-1469854523086-cc02fe5d8800?auto=format&fit=crop&w=1200&q=80,"{风景名胜,呼和浩特市,内蒙古自治区}"
2105,吉祥哈达广场,呼和浩特市,丁香路东侧草原丝绸之路文化公园丝路迎宾,1,4.20,0,generic_unsplash_fallback,https://images.unsplash.com/photo-1444723121867-7a241cacace9?auto=format&fit=crop&w=1200&q=80,https://images.unsplash.com/photo-1444723121867-7a241cacace9?auto=format&fit=crop&w=1200&q=80,"{城市广场,呼和浩特市,内蒙古自治区}"
2140,科技城AI公园,呼和浩特市,科尔沁北路19号,1,4.20,0,generic_unsplash_fallback,https://images.unsplash.com/photo-1500530855697-b586d89ba3ee?auto=format&fit=crop&w=1200&q=80,https://images.unsplash.com/photo-1500530855697-b586d89ba3ee?auto=format&fit=crop&w=1200&q=80,"{公园,呼和浩特市,内蒙古自治区}"
2143,劳动公园,呼和浩特市,阿吉泰路与新吉乐街交叉口东40米,1,4.20,0,generic_unsplash_fallback,https://images.unsplash.com/photo-1500530855697-b586d89ba3ee?auto=format&fit=crop&w=1200&q=80,https://images.unsplash.com/photo-1500530855697-b586d89ba3ee?auto=format&fit=crop&w=1200&q=80,"{公园,呼和浩特市,内蒙古自治区}"
2177,礼盒公园,呼和浩特市,金十道24号,1,4.20,0,generic_unsplash_fallback,https://images.unsplash.com/photo-1500530855697-b586d89ba3ee?auto=format&fit=crop&w=1200&q=80,https://images.unsplash.com/photo-1500530855697-b586d89ba3ee?auto=format&fit=crop&w=1200&q=80,"{公园,呼和浩特市,内蒙古自治区}"
2109,满都海公园,呼和浩特市,大学西路街道乌兰察布西路68号,1,4.20,0,generic_unsplash_fallback,https://images.unsplash.com/photo-1500530855697-b586d89ba3ee?auto=format&fit=crop&w=1200&q=80,https://images.unsplash.com/photo-1500530855697-b586d89ba3ee?auto=format&fit=crop&w=1200&q=80,"{公园,呼和浩特市,内蒙古自治区}"
2125,恼包村文化旅游区,呼和浩特市,恼包村观光旅游,1,4.20,0,generic_unsplash_fallback,https://images.unsplash.com/photo-1469854523086-cc02fe5d8800?auto=format&fit=crop&w=1200&q=80,https://images.unsplash.com/photo-1469854523086-cc02fe5d8800?auto=format&fit=crop&w=1200&q=80,"{旅游景点,呼和浩特市,内蒙古自治区}"
2147,内蒙古数字文旅新天地,呼和浩特市,新华东街27号,1,4.20,0,generic_unsplash_fallback,https://images.unsplash.com/photo-1469854523086-cc02fe5d8800?auto=format&fit=crop&w=1200&q=80,https://images.unsplash.com/photo-1469854523086-cc02fe5d8800?auto=format&fit=crop&w=1200&q=80,"{旅游景点,呼和浩特市,内蒙古自治区}"
2108,青城公园,呼和浩特市,公园东路75号,1,4.20,0,generic_unsplash_fallback,https://images.unsplash.com/photo-1500530855697-b586d89ba3ee?auto=format&fit=crop&w=1200&q=80,https://images.unsplash.com/photo-1500530855697-b586d89ba3ee?auto=format&fit=crop&w=1200&q=80,"{公园,呼和浩特市,内蒙古自治区}"
2148,青城驿站(小草公园),呼和浩特市,草原丝绸之路文化主题公园附近,1,4.20,0,generic_unsplash_fallback,https://images.unsplash.com/photo-1500530855697-b586d89ba3ee?auto=format&fit=crop&w=1200&q=80,https://images.unsplash.com/photo-1500530855697-b586d89ba3ee?auto=format&fit=crop&w=1200&q=80,"{公园,呼和浩特市,内蒙古自治区}"
2119,清·固伦恪靖公主府,呼和浩特市,通道北路62号(近公主府公园),1,4.20,0,generic_unsplash_fallback,https://images.unsplash.com/photo-1469854523086-cc02fe5d8800?auto=format&fit=crop&w=1200&q=80,https://images.unsplash.com/photo-1469854523086-cc02fe5d8800?auto=format&fit=crop&w=1200&q=80,"{风景名胜,呼和浩特市,内蒙古自治区}"
2122,清真大寺,呼和浩特市,通道街街道通道南街28号,1,4.20,0,generic_unsplash_fallback,https://images.unsplash.com/photo-1513415756790-2ac1db1297d0?auto=format&fit=crop&w=1200&q=80,https://images.unsplash.com/photo-1513415756790-2ac1db1297d0?auto=format&fit=crop&w=1200&q=80,"{回教寺,呼和浩特市,内蒙古自治区}"
2106,如意广场,呼和浩特市,如意开发区四纬路8号,1,4.20,0,generic_unsplash_fallback,https://images.unsplash.com/photo-1444723121867-7a241cacace9?auto=format&fit=crop&w=1200&q=80,https://images.unsplash.com/photo-1444723121867-7a241cacace9?auto=format&fit=crop&w=1200&q=80,"{城市广场,呼和浩特市,内蒙古自治区}"
2099,如意河音乐广场,呼和浩特市,东河广场(西北角),1,4.20,0,generic_unsplash_fallback,https://images.unsplash.com/photo-1444723121867-7a241cacace9?auto=format&fit=crop&w=1200&q=80,https://images.unsplash.com/photo-1444723121867-7a241cacace9?auto=format&fit=crop&w=1200&q=80,"{城市广场,呼和浩特市,内蒙古自治区}"
2141,如意中央公园,呼和浩特市,东河广场(西北角),1,4.20,0,generic_unsplash_fallback,https://images.unsplash.com/photo-1500530855697-b586d89ba3ee?auto=format&fit=crop&w=1200&q=80,https://images.unsplash.com/photo-1500530855697-b586d89ba3ee?auto=format&fit=crop&w=1200&q=80,"{公园,呼和浩特市,内蒙古自治区}"
2126,树木园,呼和浩特市,兴安南路54号,1,4.20,0,generic_unsplash_fallback,https://images.unsplash.com/photo-1500530855697-b586d89ba3ee?auto=format&fit=crop&w=1200&q=80,https://images.unsplash.com/photo-1500530855697-b586d89ba3ee?auto=format&fit=crop&w=1200&q=80,"{公园,呼和浩特市,内蒙古自治区}"
2176,苏雅拉公园,呼和浩特市,阿尔泰游乐场对面兴安北路,1,4.20,0,generic_unsplash_fallback,https://images.unsplash.com/photo-1500530855697-b586d89ba3ee?auto=format&fit=crop&w=1200&q=80,https://images.unsplash.com/photo-1500530855697-b586d89ba3ee?auto=format&fit=crop&w=1200&q=80,"{公园,呼和浩特市,内蒙古自治区}"
2131,绥远城将军衙署,呼和浩特市,新城西街(将军衙署地铁站B1口步行200米),1,4.20,0,generic_unsplash_fallback,https://images.unsplash.com/photo-1469854523086-cc02fe5d8800?auto=format&fit=crop&w=1200&q=80,https://images.unsplash.com/photo-1469854523086-cc02fe5d8800?auto=format&fit=crop&w=1200&q=80,"{风景名胜,呼和浩特市,内蒙古自治区}"
2142,铁路体育公园,呼和浩特市,北垣东街与展览馆东路交叉口西340米,1,4.20,0,generic_unsplash_fallback,https://images.unsplash.com/photo-1500530855697-b586d89ba3ee?auto=format&fit=crop&w=1200&q=80,https://images.unsplash.com/photo-1500530855697-b586d89ba3ee?auto=format&fit=crop&w=1200&q=80,"{旅游景点,呼和浩特市,内蒙古自治区}"
2146,团结公园,呼和浩特市,丰州路与迎新东路三巷交叉口南180米,1,4.20,0,generic_unsplash_fallback,https://images.unsplash.com/photo-1500530855697-b586d89ba3ee?auto=format&fit=crop&w=1200&q=80,https://images.unsplash.com/photo-1500530855697-b586d89ba3ee?auto=format&fit=crop&w=1200&q=80,"{公园,呼和浩特市,内蒙古自治区}"
2150,团结清真寺,呼和浩特市,新春路与迎新东路三巷交叉口南40米,1,4.20,0,generic_unsplash_fallback,https://images.unsplash.com/photo-1513415756790-2ac1db1297d0?auto=format&fit=crop&w=1200&q=80,https://images.unsplash.com/photo-1513415756790-2ac1db1297d0?auto=format&fit=crop&w=1200&q=80,"{回教寺,呼和浩特市,内蒙古自治区}"
2168,万和体育公园,呼和浩特市,水上公园北街8号,1,4.20,0,generic_unsplash_fallback,https://images.unsplash.com/photo-1500530855697-b586d89ba3ee?auto=format&fit=crop&w=1200&q=80,https://images.unsplash.com/photo-1500530855697-b586d89ba3ee?auto=format&fit=crop&w=1200&q=80,"{公园,呼和浩特市,内蒙古自治区}"
2151,问道广场,呼和浩特市,丁香南路与大学东街交叉口东北200米,1,4.20,0,generic_unsplash_fallback,https://images.unsplash.com/photo-1500530855697-b586d89ba3ee?auto=format&fit=crop&w=1200&q=80,https://images.unsplash.com/photo-1500530855697-b586d89ba3ee?auto=format&fit=crop&w=1200&q=80,"{公园广场,呼和浩特市,内蒙古自治区}"
2130,乌兰夫公园,呼和浩特市,环河街街道新华西街24号,1,4.20,0,generic_unsplash_fallback,https://images.unsplash.com/photo-1500530855697-b586d89ba3ee?auto=format&fit=crop&w=1200&q=80,https://images.unsplash.com/photo-1500530855697-b586d89ba3ee?auto=format&fit=crop&w=1200&q=80,"{公园,呼和浩特市,内蒙古自治区}"
2134,乌兰夫纪念馆,呼和浩特市,新华西街26号(乌兰夫纪念馆地铁站C2口旁),1,4.20,0,generic_unsplash_fallback,https://images.unsplash.com/photo-1469854523086-cc02fe5d8800?auto=format&fit=crop&w=1200&q=80,https://images.unsplash.com/photo-1469854523086-cc02fe5d8800?auto=format&fit=crop&w=1200&q=80,"{纪念馆,呼和浩特市,内蒙古自治区}"
2128,乌素图杏花谷,呼和浩特市,老园子,1,4.20,0,generic_unsplash_fallback,https://images.unsplash.com/photo-1469854523086-cc02fe5d8800?auto=format&fit=crop&w=1200&q=80,https://images.unsplash.com/photo-1469854523086-cc02fe5d8800?auto=format&fit=crop&w=1200&q=80,"{风景名胜,呼和浩特市,内蒙古自治区}"
2117,五塔寺,呼和浩特市,五塔寺后街48号,1,4.20,0,generic_unsplash_fallback,https://images.unsplash.com/photo-1513415756790-2ac1db1297d0?auto=format&fit=crop&w=1200&q=80,https://images.unsplash.com/photo-1513415756790-2ac1db1297d0?auto=format&fit=crop&w=1200&q=80,"{寺庙道观,呼和浩特市,内蒙古自治区}"
2136,席力图召,呼和浩特市,石头巷北端,1,4.20,0,generic_unsplash_fallback,https://images.unsplash.com/photo-1469854523086-cc02fe5d8800?auto=format&fit=crop&w=1200&q=80,https://images.unsplash.com/photo-1469854523086-cc02fe5d8800?auto=format&fit=crop&w=1200&q=80,"{风景名胜,呼和浩特市,内蒙古自治区}"
2144,小草公园沙坑,呼和浩特市,前达门路17号,1,4.20,0,generic_unsplash_fallback,https://images.unsplash.com/photo-1500530855697-b586d89ba3ee?auto=format&fit=crop&w=1200&q=80,https://images.unsplash.com/photo-1500530855697-b586d89ba3ee?auto=format&fit=crop&w=1200&q=80,"{公园,呼和浩特市,内蒙古自治区}"
2170,新钢公园,呼和浩特市,攸攸板镇海拉尔西路工农兵路,1,4.20,0,generic_unsplash_fallback,https://images.unsplash.com/photo-1500530855697-b586d89ba3ee?auto=format&fit=crop&w=1200&q=80,https://images.unsplash.com/photo-1500530855697-b586d89ba3ee?auto=format&fit=crop&w=1200&q=80,"{公园,呼和浩特市,内蒙古自治区}"
2174,新华公园,呼和浩特市,钢铁路回民区政府对面,1,4.20,0,generic_unsplash_fallback,https://images.unsplash.com/photo-1500530855697-b586d89ba3ee?auto=format&fit=crop&w=1200&q=80,https://images.unsplash.com/photo-1500530855697-b586d89ba3ee?auto=format&fit=crop&w=1200&q=80,"{公园,呼和浩特市,内蒙古自治区}"
2111,新华广场,呼和浩特市,新华大街68号,1,4.20,0,generic_unsplash_fallback,https://images.unsplash.com/photo-1444723121867-7a241cacace9?auto=format&fit=crop&w=1200&q=80,https://images.unsplash.com/photo-1444723121867-7a241cacace9?auto=format&fit=crop&w=1200&q=80,"{城市广场,呼和浩特市,内蒙古自治区}"
2173,玉泉区全民健身体育主题公园,呼和浩特市,南二环路扎达盖河,1,4.20,0,generic_unsplash_fallback,https://images.unsplash.com/photo-1500530855697-b586d89ba3ee?auto=format&fit=crop&w=1200&q=80,https://images.unsplash.com/photo-1500530855697-b586d89ba3ee?auto=format&fit=crop&w=1200&q=80,"{公园,呼和浩特市,内蒙古自治区}"
2152,塬文化公园,呼和浩特市,如意开发区满洲里路秀水街交叉路口,1,4.20,0,generic_unsplash_fallback,https://images.unsplash.com/photo-1500530855697-b586d89ba3ee?auto=format&fit=crop&w=1200&q=80,https://images.unsplash.com/photo-1500530855697-b586d89ba3ee?auto=format&fit=crop&w=1200&q=80,"{公园,呼和浩特市,内蒙古自治区}"
2135,昭君博物院,呼和浩特市,209国道,1,4.20,0,generic_unsplash_fallback,https://images.unsplash.com/photo-1469854523086-cc02fe5d8800?auto=format&fit=crop&w=1200&q=80,https://images.unsplash.com/photo-1469854523086-cc02fe5d8800?auto=format&fit=crop&w=1200&q=80,"{旅游景点,呼和浩特市,内蒙古自治区}"
2153,中国体育彩票主题公园,呼和浩特市,银河南街与和平街交叉口西南320米,1,4.20,0,generic_unsplash_fallback,https://images.unsplash.com/photo-1500530855697-b586d89ba3ee?auto=format&fit=crop&w=1200&q=80,https://images.unsplash.com/photo-1500530855697-b586d89ba3ee?auto=format&fit=crop&w=1200&q=80,"{公园,呼和浩特市,内蒙古自治区}"
1298,白泉公园,济南市,鲍山水厂路与白泉南街交叉口西北320米,1,4.20,0,generic_unsplash_fallback,https://images.unsplash.com/photo-1500530855697-b586d89ba3ee?auto=format&fit=crop&w=1200&q=80,https://images.unsplash.com/photo-1500530855697-b586d89ba3ee?auto=format&fit=crop&w=1200&q=80,"{公园,济南市,山东省}"
1302,白云湖景区,济南市,白云湖街道301乡道附近,1,4.20,0,generic_unsplash_fallback,https://images.unsplash.com/photo-1469854523086-cc02fe5d8800?auto=format&fit=crop&w=1200&q=80,https://images.unsplash.com/photo-1469854523086-cc02fe5d8800?auto=format&fit=crop&w=1200&q=80,"{省级景点,济南市,山东省}"
1228,百花公园,济南市,闵子骞路10号,1,4.20,0,generic_unsplash_fallback,https://images.unsplash.com/photo-1500530855697-b586d89ba3ee?auto=format&fit=crop&w=1200&q=80,https://images.unsplash.com/photo-1500530855697-b586d89ba3ee?auto=format&fit=crop&w=1200&q=80,"{公园,济南市,山东省}"
1251,百花洲历史文化街区,济南市,百花洲湖东侧,1,4.20,0,generic_unsplash_fallback,https://images.unsplash.com/photo-1519608487953-e999c86e7455?auto=format&fit=crop&w=1200&q=80,https://images.unsplash.com/photo-1519608487953-e999c86e7455?auto=format&fit=crop&w=1200&q=80,"{风景名胜,济南市,山东省}"
1289,趵突泉-沧园,济南市,趵突泉南路1号趵突泉公园沧园内,1,4.20,0,generic_unsplash_fallback,https://images.unsplash.com/photo-1469854523086-cc02fe5d8800?auto=format&fit=crop&w=1200&q=80,https://images.unsplash.com/photo-1469854523086-cc02fe5d8800?auto=format&fit=crop&w=1200&q=80,"{风景名胜,济南市,山东省}"
1233,趵突泉景区,济南市,趵突泉南路1号,1,4.20,0,generic_unsplash_fallback,https://images.unsplash.com/photo-1469854523086-cc02fe5d8800?auto=format&fit=crop&w=1200&q=80,https://images.unsplash.com/photo-1469854523086-cc02fe5d8800?auto=format&fit=crop&w=1200&q=80,"{国家级景点,济南市,山东省}"
1262,绸带公园,济南市,汉臣街与山左路交叉口西北220米,1,4.20,0,generic_unsplash_fallback,https://images.unsplash.com/photo-1500530855697-b586d89ba3ee?auto=format&fit=crop&w=1200&q=80,https://images.unsplash.com/photo-1500530855697-b586d89ba3ee?auto=format&fit=crop&w=1200&q=80,"{公园,济南市,山东省}"
1235,大明湖景区,济南市,大明湖路271号,1,4.20,0,generic_unsplash_fallback,https://images.unsplash.com/photo-1469854523086-cc02fe5d8800?auto=format&fit=crop&w=1200&q=80,https://images.unsplash.com/photo-1469854523086-cc02fe5d8800?auto=format&fit=crop&w=1200&q=80,"{国家级景点,济南市,山东省}"
1239,大千佛山景区佛慧山,济南市,旅游路中段,1,4.20,0,generic_unsplash_fallback,https://images.unsplash.com/photo-1469854523086-cc02fe5d8800?auto=format&fit=crop&w=1200&q=80,https://images.unsplash.com/photo-1469854523086-cc02fe5d8800?auto=format&fit=crop&w=1200&q=80,"{国家级景点,济南市,山东省}"
1229,儿童友好公园,济南市,"礼耕路和大辛河路口东北侧,历下区韶光小学对面,燕山新居西北角",1,4.20,0,generic_unsplash_fallback,https://images.unsplash.com/photo-1500530855697-b586d89ba3ee?auto=format&fit=crop&w=1200&q=80,https://images.unsplash.com/photo-1500530855697-b586d89ba3ee?auto=format&fit=crop&w=1200&q=80,"{公园,济南市,山东省}"
1273,凤栖公园,济南市,德润·天玺小区与奥林逸城小区中间,1,4.20,0,generic_unsplash_fallback,https://images.unsplash.com/photo-1500530855697-b586d89ba3ee?auto=format&fit=crop&w=1200&q=80,https://images.unsplash.com/photo-1500530855697-b586d89ba3ee?auto=format&fit=crop&w=1200&q=80,"{风景名胜,济南市,山东省}"
1247,芙蓉街,济南市,泉城路,1,4.20,0,generic_unsplash_fallback,https://images.unsplash.com/photo-1519608487953-e999c86e7455?auto=format&fit=crop&w=1200&q=80,https://images.unsplash.com/photo-1519608487953-e999c86e7455?auto=format&fit=crop&w=1200&q=80,"{风景名胜,济南市,山东省}"
1260,佛慧山北门广场,济南市,旅游路与千佛山东路交叉口,1,4.20,0,generic_unsplash_fallback,https://images.unsplash.com/photo-1500530855697-b586d89ba3ee?auto=format&fit=crop&w=1200&q=80,https://images.unsplash.com/photo-1500530855697-b586d89ba3ee?auto=format&fit=crop&w=1200&q=80,"{公园,济南市,山东省}"
1264,佛峪,济南市,龙洞佛峪,1,4.20,0,generic_unsplash_fallback,https://images.unsplash.com/photo-1469854523086-cc02fe5d8800?auto=format&fit=crop&w=1200&q=80,https://images.unsplash.com/photo-1469854523086-cc02fe5d8800?auto=format&fit=crop&w=1200&q=80,"{风景名胜,济南市,山东省}"
1307,红石公园,济南市,凤城街道凤城街道凤城街道凤城街道凤城街道鲁中西大街,1,4.20,0,generic_unsplash_fallback,https://images.unsplash.com/photo-1500530855697-b586d89ba3ee?auto=format&fit=crop&w=1200&q=80,https://images.unsplash.com/photo-1500530855697-b586d89ba3ee?auto=format&fit=crop&w=1200&q=80,"{公园,济南市,山东省}"
1242,洪家楼主教座堂天主堂,济南市,洪家楼1号洪楼广场,1,4.20,0,generic_unsplash_fallback,https://images.unsplash.com/photo-1469854523086-cc02fe5d8800?auto=format&fit=crop&w=1200&q=80,https://images.unsplash.com/photo-1469854523086-cc02fe5d8800?auto=format&fit=crop&w=1200&q=80,"{教堂,济南市,山东省}"
1274,洪山公园,济南市,龙洞街道旅游路22039号,1,4.20,0,generic_unsplash_fallback,https://images.unsplash.com/photo-1500530855697-b586d89ba3ee?auto=format&fit=crop&w=1200&q=80,https://images.unsplash.com/photo-1500530855697-b586d89ba3ee?auto=format&fit=crop&w=1200&q=80,"{公园,济南市,山东省}"
1280,洪山广场,济南市,洪山路与名士北路交叉口西北50米,1,4.20,0,generic_unsplash_fallback,https://images.unsplash.com/photo-1444723121867-7a241cacace9?auto=format&fit=crop&w=1200&q=80,https://images.unsplash.com/photo-1444723121867-7a241cacace9?auto=format&fit=crop&w=1200&q=80,"{城市广场,济南市,山东省}"
1230,葫芦顶公园,济南市,"",1,4.20,0,generic_unsplash_fallback,https://images.unsplash.com/photo-1500530855697-b586d89ba3ee?auto=format&fit=crop&w=1200&q=80,https://images.unsplash.com/photo-1500530855697-b586d89ba3ee?auto=format&fit=crop&w=1200&q=80,"{公园,济南市,山东省}"
1259,湖畔雨荷,济南市,大明湖路271号大明湖风景名胜区北极阁奇石馆西侧钢琴广场,1,4.20,0,generic_unsplash_fallback,https://images.unsplash.com/photo-1469854523086-cc02fe5d8800?auto=format&fit=crop&w=1200&q=80,https://images.unsplash.com/photo-1469854523086-cc02fe5d8800?auto=format&fit=crop&w=1200&q=80,"{风景名胜,济南市,山东省}"
1252,华山风景区,济南市,华山街道将军路1455号华山片区中海华山珑城,1,4.20,0,generic_unsplash_fallback,https://images.unsplash.com/photo-1500530855697-b586d89ba3ee?auto=format&fit=crop&w=1200&q=80,https://images.unsplash.com/photo-1500530855697-b586d89ba3ee?auto=format&fit=crop&w=1200&q=80,"{公园,济南市,山东省}"
1258,济南动物园,济南市,济泺路87号,1,4.20,0,generic_unsplash_fallback,https://images.unsplash.com/photo-1469854523086-cc02fe5d8800?auto=format&fit=crop&w=1200&q=80,https://images.unsplash.com/photo-1469854523086-cc02fe5d8800?auto=format&fit=crop&w=1200&q=80,"{动物园,济南市,山东省}"
1240,济南黄金谷山水风景区,济南市,浆水泉水库南岸,1,4.20,0,generic_unsplash_fallback,https://images.unsplash.com/photo-1469854523086-cc02fe5d8800?auto=format&fit=crop&w=1200&q=80,https://images.unsplash.com/photo-1469854523086-cc02fe5d8800?auto=format&fit=crop&w=1200&q=80,"{旅游景点,济南市,山东省}"
1238,济南融创乐园,济南市,港沟街道经十路与凤鸣路交叉口融创乐园北门西侧接待中心101室内,1,4.20,0,generic_unsplash_fallback,https://images.unsplash.com/photo-1469854523086-cc02fe5d8800?auto=format&fit=crop&w=1200&q=80,https://images.unsplash.com/photo-1469854523086-cc02fe5d8800?auto=format&fit=crop&w=1200&q=80,"{旅游景点,济南市,山东省}"
1237,济南融创文旅城,济南市,经十路辅路,1,4.20,0,generic_unsplash_fallback,https://images.unsplash.com/photo-1469854523086-cc02fe5d8800?auto=format&fit=crop&w=1200&q=80,https://images.unsplash.com/photo-1469854523086-cc02fe5d8800?auto=format&fit=crop&w=1200&q=80,"{旅游景点,济南市,山东省}"
1294,济南森林公园,济南市,张庄路321号(近兴济河),1,4.20,0,generic_unsplash_fallback,https://images.unsplash.com/photo-1500530855697-b586d89ba3ee?auto=format&fit=crop&w=1200&q=80,https://images.unsplash.com/photo-1500530855697-b586d89ba3ee?auto=format&fit=crop&w=1200&q=80,"{公园,济南市,山东省}"
1248,济南市环城公园,济南市,南门大街2-1号(近护城河),1,4.20,0,generic_unsplash_fallback,https://images.unsplash.com/photo-1500530855697-b586d89ba3ee?auto=format&fit=crop&w=1200&q=80,https://images.unsplash.com/photo-1500530855697-b586d89ba3ee?auto=format&fit=crop&w=1200&q=80,"{公园,济南市,山东省}"
1278,济南舜泰广场体育公园,济南市,舜泰北路933号,1,4.20,0,generic_unsplash_fallback,https://images.unsplash.com/photo-1500530855697-b586d89ba3ee?auto=format&fit=crop&w=1200&q=80,https://images.unsplash.com/photo-1500530855697-b586d89ba3ee?auto=format&fit=crop&w=1200&q=80,"{公园,济南市,山东省}"
1295,济西国家湿地公园,济南市,黄河东侧,1,4.20,0,generic_unsplash_fallback,https://images.unsplash.com/photo-1500530855697-b586d89ba3ee?auto=format&fit=crop&w=1200&q=80,https://images.unsplash.com/photo-1500530855697-b586d89ba3ee?auto=format&fit=crop&w=1200&q=80,"{国家级景点,济南市,山东省}"
1316,将山山地森林公园,济南市,凤容路与韩仓河西路交叉口西300米,1,4.20,0,generic_unsplash_fallback,https://images.unsplash.com/photo-1500530855697-b586d89ba3ee?auto=format&fit=crop&w=1200&q=80,https://images.unsplash.com/photo-1500530855697-b586d89ba3ee?auto=format&fit=crop&w=1200&q=80,"{公园,济南市,山东省}"
1267,解放阁-解放济南战役革命烈士纪念碑,济南市,环城公园-解放阁,1,4.20,0,generic_unsplash_fallback,https://images.unsplash.com/photo-1469854523086-cc02fe5d8800?auto=format&fit=crop&w=1200&q=80,https://images.unsplash.com/photo-1469854523086-cc02fe5d8800?auto=format&fit=crop&w=1200&q=80,"{纪念馆,济南市,山东省}"
1283,金龟山,济南市,菜鸟驿站西侧230米,1,4.20,0,generic_unsplash_fallback,https://images.unsplash.com/photo-1469854523086-cc02fe5d8800?auto=format&fit=crop&w=1200&q=80,https://images.unsplash.com/photo-1469854523086-cc02fe5d8800?auto=format&fit=crop&w=1200&q=80,"{风景名胜,济南市,山东省}"
1272,锦屏东山公园,济南市,龙景路23号,1,4.20,0,generic_unsplash_fallback,https://images.unsplash.com/photo-1500530855697-b586d89ba3ee?auto=format&fit=crop&w=1200&q=80,https://images.unsplash.com/photo-1500530855697-b586d89ba3ee?auto=format&fit=crop&w=1200&q=80,"{公园,济南市,山东省}"
1256,科创金融公园,济南市,舜华路939号,1,4.20,0,generic_unsplash_fallback,https://images.unsplash.com/photo-1500530855697-b586d89ba3ee?auto=format&fit=crop&w=1200&q=80,https://images.unsplash.com/photo-1500530855697-b586d89ba3ee?auto=format&fit=crop&w=1200&q=80,"{公园广场,济南市,山东省}"
1301,腊山河公园,济南市,腊山河路与青岛路交叉口西北220米,1,4.20,0,generic_unsplash_fallback,https://images.unsplash.com/photo-1500530855697-b586d89ba3ee?auto=format&fit=crop&w=1200&q=80,https://images.unsplash.com/photo-1500530855697-b586d89ba3ee?auto=format&fit=crop&w=1200&q=80,"{公园,济南市,山东省}"
1311,莱芜莲花山风景区,济南市,高庄街道刘家林村,1,4.20,0,generic_unsplash_fallback,https://images.unsplash.com/photo-1469854523086-cc02fe5d8800?auto=format&fit=crop&w=1200&q=80,https://images.unsplash.com/photo-1469854523086-cc02fe5d8800?auto=format&fit=crop&w=1200&q=80,"{省级景点,济南市,山东省}"
1310,郎茂山公园,济南市,郎茂山路中段,1,4.20,0,generic_unsplash_fallback,https://images.unsplash.com/photo-1500530855697-b586d89ba3ee?auto=format&fit=crop&w=1200&q=80,https://images.unsplash.com/photo-1500530855697-b586d89ba3ee?auto=format&fit=crop&w=1200&q=80,"{公园,济南市,山东省}"
1279,历下广场,济南市,转山西路2号,1,4.20,0,generic_unsplash_fallback,https://images.unsplash.com/photo-1500530855697-b586d89ba3ee?auto=format&fit=crop&w=1200&q=80,https://images.unsplash.com/photo-1500530855697-b586d89ba3ee?auto=format&fit=crop&w=1200&q=80,"{公园广场,济南市,山东省}"
1261,龙奥公园,济南市,龙鼎大道西,1,4.20,0,generic_unsplash_fallback,https://images.unsplash.com/photo-1500530855697-b586d89ba3ee?auto=format&fit=crop&w=1200&q=80,https://images.unsplash.com/photo-1500530855697-b586d89ba3ee?auto=format&fit=crop&w=1200&q=80,"{公园,济南市,山东省}"
1275,龙鼎体育公园,济南市,龙鼎大道与龙飞路交叉口东南角,1,4.20,0,generic_unsplash_fallback,https://images.unsplash.com/photo-1500530855697-b586d89ba3ee?auto=format&fit=crop&w=1200&q=80,https://images.unsplash.com/photo-1500530855697-b586d89ba3ee?auto=format&fit=crop&w=1200&q=80,"{公园,济南市,山东省}"
1236,龙洞风景区,济南市,"",1,4.20,0,generic_unsplash_fallback,https://images.unsplash.com/photo-1469854523086-cc02fe5d8800?auto=format&fit=crop&w=1200&q=80,https://images.unsplash.com/photo-1469854523086-cc02fe5d8800?auto=format&fit=crop&w=1200&q=80,"{风景名胜,济南市,山东省}"
1265,龙洞风景区藏龙涧,济南市,旅游路南侧,1,4.20,0,generic_unsplash_fallback,https://images.unsplash.com/photo-1469854523086-cc02fe5d8800?auto=format&fit=crop&w=1200&q=80,https://images.unsplash.com/photo-1469854523086-cc02fe5d8800?auto=format&fit=crop&w=1200&q=80,"{旅游景点,济南市,山东省}"
1286,龙园龙山,济南市,舜泰北路与舜泰中路交叉口北420米,1,4.20,0,generic_unsplash_fallback,https://images.unsplash.com/photo-1469854523086-cc02fe5d8800?auto=format&fit=crop&w=1200&q=80,https://images.unsplash.com/photo-1469854523086-cc02fe5d8800?auto=format&fit=crop&w=1200&q=80,"{风景名胜,济南市,山东省}"
1281,绿地中央公园,济南市,星天路与天辰路交叉口东南80米,1,4.20,0,generic_unsplash_fallback,https://images.unsplash.com/photo-1500530855697-b586d89ba3ee?auto=format&fit=crop&w=1200&q=80,https://images.unsplash.com/photo-1500530855697-b586d89ba3ee?auto=format&fit=crop&w=1200&q=80,"{公园,济南市,山东省}"
1254,马山坡景区,济南市,舜华三山森林公园内(北侧),1,4.20,0,generic_unsplash_fallback,https://images.unsplash.com/photo-1469854523086-cc02fe5d8800?auto=format&fit=crop&w=1200&q=80,https://images.unsplash.com/photo-1469854523086-cc02fe5d8800?auto=format&fit=crop&w=1200&q=80,"{旅游景点,济南市,山东省}"
1296,秘境石崮寨,济南市,十六里河镇石崮沟村116号,1,4.20,0,generic_unsplash_fallback,https://images.unsplash.com/photo-1469854523086-cc02fe5d8800?auto=format&fit=crop&w=1200&q=80,https://images.unsplash.com/photo-1469854523086-cc02fe5d8800?auto=format&fit=crop&w=1200&q=80,"{风景名胜,济南市,山东省}"
1306,母亲河公园,济南市,历山北路盖家沟,1,4.20,0,generic_unsplash_fallback,https://images.unsplash.com/photo-1500530855697-b586d89ba3ee?auto=format&fit=crop&w=1200&q=80,https://images.unsplash.com/photo-1500530855697-b586d89ba3ee?auto=format&fit=crop&w=1200&q=80,"{公园,济南市,山东省}"
1231,牧牛山山体公园,济南市,洪山路与霞景路交叉口东280米,1,4.20,0,generic_unsplash_fallback,https://images.unsplash.com/photo-1500530855697-b586d89ba3ee?auto=format&fit=crop&w=1200&q=80,https://images.unsplash.com/photo-1500530855697-b586d89ba3ee?auto=format&fit=crop&w=1200&q=80,"{公园,济南市,山东省}"
1300,蟠龙山森林公园,济南市,彩石街道彩石乡旅游路6777号,1,4.20,0,generic_unsplash_fallback,https://images.unsplash.com/photo-1500530855697-b586d89ba3ee?auto=format&fit=crop&w=1200&q=80,https://images.unsplash.com/photo-1500530855697-b586d89ba3ee?auto=format&fit=crop&w=1200&q=80,"{风景名胜,济南市,山东省}"
1234,千佛山风景名胜区,济南市,经十一路18号,1,4.20,0,generic_unsplash_fallback,https://images.unsplash.com/photo-1469854523086-cc02fe5d8800?auto=format&fit=crop&w=1200&q=80,https://images.unsplash.com/photo-1469854523086-cc02fe5d8800?auto=format&fit=crop&w=1200&q=80,"{国家级景点,济南市,山东省}"
1317,清水湖公园,济南市,340国道蓝湖和院南500米,1,4.20,0,generic_unsplash_fallback,https://images.unsplash.com/photo-1500530855697-b586d89ba3ee?auto=format&fit=crop&w=1200&q=80,https://images.unsplash.com/photo-1500530855697-b586d89ba3ee?auto=format&fit=crop&w=1200&q=80,"{风景名胜,济南市,山东省}"
1255,曲水亭风景区,济南市,百花洲历史文化街区,1,4.20,0,generic_unsplash_fallback,https://images.unsplash.com/photo-1469854523086-cc02fe5d8800?auto=format&fit=crop&w=1200&q=80,https://images.unsplash.com/photo-1469854523086-cc02fe5d8800?auto=format&fit=crop&w=1200&q=80,"{旅游景点,济南市,山东省}"
1270,泉城第一福地,济南市,舜颂路大山坡公园内,1,4.20,0,generic_unsplash_fallback,https://images.unsplash.com/photo-1469854523086-cc02fe5d8800?auto=format&fit=crop&w=1200&q=80,https://images.unsplash.com/photo-1469854523086-cc02fe5d8800?auto=format&fit=crop&w=1200&q=80,"{旅游景点,济南市,山东省}"
1249,泉城公园,济南市,经十路18762号,1,4.20,0,generic_unsplash_fallback,https://images.unsplash.com/photo-1500530855697-b586d89ba3ee?auto=format&fit=crop&w=1200&q=80,https://images.unsplash.com/photo-1500530855697-b586d89ba3ee?auto=format&fit=crop&w=1200&q=80,"{公园,济南市,山东省}"
1246,泉城广场,济南市,泺源大街108-1号,1,4.20,0,generic_unsplash_fallback,https://images.unsplash.com/photo-1444723121867-7a241cacace9?auto=format&fit=crop&w=1200&q=80,https://images.unsplash.com/photo-1444723121867-7a241cacace9?auto=format&fit=crop&w=1200&q=80,"{城市广场,济南市,山东省}"
1268,泉城人才公园,济南市,茂岭山三号路西侧,1,4.20,0,generic_unsplash_fallback,https://images.unsplash.com/photo-1500530855697-b586d89ba3ee?auto=format&fit=crop&w=1200&q=80,https://images.unsplash.com/photo-1500530855697-b586d89ba3ee?auto=format&fit=crop&w=1200&q=80,"{公园,济南市,山东省}"
1287,融创茂西广场,济南市,经十路与凤鸣路交叉口,1,4.20,0,generic_unsplash_fallback,https://images.unsplash.com/photo-1444723121867-7a241cacace9?auto=format&fit=crop&w=1200&q=80,https://images.unsplash.com/photo-1444723121867-7a241cacace9?auto=format&fit=crop&w=1200&q=80,"{城市广场,济南市,山东省}"
1293,山东莱芜雪野湖国家湿地公园,济南市,雪野湖,1,4.20,0,generic_unsplash_fallback,https://images.unsplash.com/photo-1500530855697-b586d89ba3ee?auto=format&fit=crop&w=1200&q=80,https://images.unsplash.com/photo-1500530855697-b586d89ba3ee?auto=format&fit=crop&w=1200&q=80,"{风景名胜,济南市,山东省}"
1266,舜奥公园,济南市,龙奥北路709号,1,4.20,0,generic_unsplash_fallback,https://images.unsplash.com/photo-1500530855697-b586d89ba3ee?auto=format&fit=crop&w=1200&q=80,https://images.unsplash.com/photo-1500530855697-b586d89ba3ee?auto=format&fit=crop&w=1200&q=80,"{公园,济南市,山东省}"
1243,舜华三山森林公园,济南市,崇华路103号附近,1,4.20,0,generic_unsplash_fallback,https://images.unsplash.com/photo-1500530855697-b586d89ba3ee?auto=format&fit=crop&w=1200&q=80,https://images.unsplash.com/photo-1500530855697-b586d89ba3ee?auto=format&fit=crop&w=1200&q=80,"{公园,济南市,山东省}"
1309,唐冶公园,济南市,唐冶东路(近唐冶体育馆),1,4.20,0,generic_unsplash_fallback,https://images.unsplash.com/photo-1500530855697-b586d89ba3ee?auto=format&fit=crop&w=1200&q=80,https://images.unsplash.com/photo-1500530855697-b586d89ba3ee?auto=format&fit=crop&w=1200&q=80,"{公园,济南市,山东省}"
1303,唐冶中央公园,济南市,济南地铁2号线彭家庄站南侧,1,4.20,0,generic_unsplash_fallback,https://images.unsplash.com/photo-1500530855697-b586d89ba3ee?auto=format&fit=crop&w=1200&q=80,https://images.unsplash.com/photo-1500530855697-b586d89ba3ee?auto=format&fit=crop&w=1200&q=80,"{公园,济南市,山东省}"
1276,天宫,济南市,荷宁路3005号,1,4.20,0,generic_unsplash_fallback,https://images.unsplash.com/photo-1469854523086-cc02fe5d8800?auto=format&fit=crop&w=1200&q=80,https://images.unsplash.com/photo-1469854523086-cc02fe5d8800?auto=format&fit=crop&w=1200&q=80,"{风景名胜,济南市,山东省}"
1232,天下第一泉景区,济南市,大明湖街道明湖路271号,1,4.20,0,generic_unsplash_fallback,https://images.unsplash.com/photo-1469854523086-cc02fe5d8800?auto=format&fit=crop&w=1200&q=80,https://images.unsplash.com/photo-1469854523086-cc02fe5d8800?auto=format&fit=crop&w=1200&q=80,"{国家级景点,济南市,山东省}"
1277,拖缰岭山体公园,济南市,凤凰路与博学路交叉口西北100米,1,4.20,0,generic_unsplash_fallback,https://images.unsplash.com/photo-1500530855697-b586d89ba3ee?auto=format&fit=crop&w=1200&q=80,https://images.unsplash.com/photo-1500530855697-b586d89ba3ee?auto=format&fit=crop&w=1200&q=80,"{公园,济南市,山东省}"
1285,万象城自游岛,济南市,海右路与梦鹏街交叉口东南160米,1,4.20,0,generic_unsplash_fallback,https://images.unsplash.com/photo-1469854523086-cc02fe5d8800?auto=format&fit=crop&w=1200&q=80,https://images.unsplash.com/photo-1469854523086-cc02fe5d8800?auto=format&fit=crop&w=1200&q=80,"{城市广场,济南市,山东省}"
1318,围子山郊野公园,济南市,幼安街与文苑街交叉口东南80米,1,4.20,0,generic_unsplash_fallback,https://images.unsplash.com/photo-1500530855697-b586d89ba3ee?auto=format&fit=crop&w=1200&q=80,https://images.unsplash.com/photo-1500530855697-b586d89ba3ee?auto=format&fit=crop&w=1200&q=80,"{公园,济南市,山东省}"
1291,卧牛山地质公园,济南市,华山街道卧牛山路(中海御山首府南邻),1,4.20,0,generic_unsplash_fallback,https://images.unsplash.com/photo-1500530855697-b586d89ba3ee?auto=format&fit=crop&w=1200&q=80,https://images.unsplash.com/photo-1500530855697-b586d89ba3ee?auto=format&fit=crop&w=1200&q=80,"{风景名胜,济南市,山东省}"
1250,五龙潭公园,济南市,筐市街18号,1,4.20,0,generic_unsplash_fallback,https://images.unsplash.com/photo-1500530855697-b586d89ba3ee?auto=format&fit=crop&w=1200&q=80,https://images.unsplash.com/photo-1500530855697-b586d89ba3ee?auto=format&fit=crop&w=1200&q=80,"{公园,济南市,山东省}"
1314,兴隆公园,济南市,兴泰路东侧,1,4.20,0,generic_unsplash_fallback,https://images.unsplash.com/photo-1500530855697-b586d89ba3ee?auto=format&fit=crop&w=1200&q=80,https://images.unsplash.com/photo-1500530855697-b586d89ba3ee?auto=format&fit=crop&w=1200&q=80,"{公园,济南市,山东省}"
1312,绣江河公园,济南市,明水街道龙泉路北50米,1,4.20,0,generic_unsplash_fallback,https://images.unsplash.com/photo-1500530855697-b586d89ba3ee?auto=format&fit=crop&w=1200&q=80,https://images.unsplash.com/photo-1500530855697-b586d89ba3ee?auto=format&fit=crop&w=1200&q=80,"{公园,济南市,山东省}"
1305,绣源河风景区,济南市,创业路,1,4.20,0,generic_unsplash_fallback,https://images.unsplash.com/photo-1469854523086-cc02fe5d8800?auto=format&fit=crop&w=1200&q=80,https://images.unsplash.com/photo-1469854523086-cc02fe5d8800?auto=format&fit=crop&w=1200&q=80,"{风景名胜,济南市,山东省}"
1313,雪野,济南市,雪野湖国家湿地公园内,1,4.20,0,generic_unsplash_fallback,https://images.unsplash.com/photo-1500530855697-b586d89ba3ee?auto=format&fit=crop&w=1200&q=80,https://images.unsplash.com/photo-1500530855697-b586d89ba3ee?auto=format&fit=crop&w=1200&q=80,"{公园,济南市,山东省}"
1308,眼明泉,济南市,汇泉路2017号,1,4.20,0,generic_unsplash_fallback,https://images.unsplash.com/photo-1500530855697-b586d89ba3ee?auto=format&fit=crop&w=1200&q=80,https://images.unsplash.com/photo-1500530855697-b586d89ba3ee?auto=format&fit=crop&w=1200&q=80,"{公园,济南市,山东省}"
1271,砚泉,济南市,姚家路与姚家村路交叉口西440米,1,4.20,0,generic_unsplash_fallback,https://images.unsplash.com/photo-1469854523086-cc02fe5d8800?auto=format&fit=crop&w=1200&q=80,https://images.unsplash.com/photo-1469854523086-cc02fe5d8800?auto=format&fit=crop&w=1200&q=80,"{风景名胜,济南市,山东省}"
1282,燕翅山公园,济南市,窑头路7-5号,1,4.20,0,generic_unsplash_fallback,https://images.unsplash.com/photo-1500530855697-b586d89ba3ee?auto=format&fit=crop&w=1200&q=80,https://images.unsplash.com/photo-1500530855697-b586d89ba3ee?auto=format&fit=crop&w=1200&q=80,"{公园,济南市,山东省}"
1288,燕山立交低线公园,济南市,经十路燕山立交桥东西主桥沿线桥下,1,4.20,0,generic_unsplash_fallback,https://images.unsplash.com/photo-1500530855697-b586d89ba3ee?auto=format&fit=crop&w=1200&q=80,https://images.unsplash.com/photo-1500530855697-b586d89ba3ee?auto=format&fit=crop&w=1200&q=80,"{公园,济南市,山东省}"
1304,药山公园,济南市,无影山北路60号,1,4.20,0,generic_unsplash_fallback,https://images.unsplash.com/photo-1500530855697-b586d89ba3ee?auto=format&fit=crop&w=1200&q=80,https://images.unsplash.com/photo-1500530855697-b586d89ba3ee?auto=format&fit=crop&w=1200&q=80,"{公园,济南市,山东省}"
1253,玉兰谷山体公园,济南市,华峪路与汉峪东路交汇处南100米,1,4.20,0,generic_unsplash_fallback,https://images.unsplash.com/photo-1500530855697-b586d89ba3ee?auto=format&fit=crop&w=1200&q=80,https://images.unsplash.com/photo-1500530855697-b586d89ba3ee?auto=format&fit=crop&w=1200&q=80,"{公园,济南市,山东省}"
1257,珍珠泉,济南市,大明湖景区附近,1,4.20,0,generic_unsplash_fallback,https://images.unsplash.com/photo-1469854523086-cc02fe5d8800?auto=format&fit=crop&w=1200&q=80,https://images.unsplash.com/photo-1469854523086-cc02fe5d8800?auto=format&fit=crop&w=1200&q=80,"{风景名胜,济南市,山东省}"
1269,正丰路公园,济南市,正丰路,1,4.20,0,generic_unsplash_fallback,https://images.unsplash.com/photo-1500530855697-b586d89ba3ee?auto=format&fit=crop&w=1200&q=80,https://images.unsplash.com/photo-1500530855697-b586d89ba3ee?auto=format&fit=crop&w=1200&q=80,"{公园,济南市,山东省}"
1297,中山公园,济南市,经三路132号,1,4.20,0,generic_unsplash_fallback,https://images.unsplash.com/photo-1500530855697-b586d89ba3ee?auto=format&fit=crop&w=1200&q=80,https://images.unsplash.com/photo-1500530855697-b586d89ba3ee?auto=format&fit=crop&w=1200&q=80,"{公园,济南市,山东省}"
1299,中央森林公园,济南市,凤鸣路与开源中路交叉口西北侧,1,4.20,0,generic_unsplash_fallback,https://images.unsplash.com/photo-1500530855697-b586d89ba3ee?auto=format&fit=crop&w=1200&q=80,https://images.unsplash.com/photo-1500530855697-b586d89ba3ee?auto=format&fit=crop&w=1200&q=80,"{风景名胜,济南市,山东省}"
1559,包公祠,开封市,向阳路1号,1,4.20,0,generic_unsplash_fallback,https://images.unsplash.com/photo-1469854523086-cc02fe5d8800?auto=format&fit=crop&w=1200&q=80,https://images.unsplash.com/photo-1469854523086-cc02fe5d8800?auto=format&fit=crop&w=1200&q=80,"{寺庙道观,开封市,河南省}"
1600,包公湖,开封市,向阳路1号包公祠内,1,4.20,0,generic_unsplash_fallback,https://images.unsplash.com/photo-1469854523086-cc02fe5d8800?auto=format&fit=crop&w=1200&q=80,https://images.unsplash.com/photo-1469854523086-cc02fe5d8800?auto=format&fit=crop&w=1200&q=80,"{风景名胜,开封市,河南省}"
1638,北宋·东京外城遗址公园,开封市,西郊乡夷山大街与大梁路交叉口北160米,1,4.20,0,generic_unsplash_fallback,https://images.unsplash.com/photo-1500530855697-b586d89ba3ee?auto=format&fit=crop&w=1200&q=80,https://images.unsplash.com/photo-1500530855697-b586d89ba3ee?auto=format&fit=crop&w=1200&q=80,"{公园,开封市,河南省}"
1573,汴河游船,开封市,大宋汴河,1,4.20,0,generic_unsplash_fallback,https://images.unsplash.com/photo-1469854523086-cc02fe5d8800?auto=format&fit=crop&w=1200&q=80,https://images.unsplash.com/photo-1469854523086-cc02fe5d8800?auto=format&fit=crop&w=1200&q=80,"{风景名胜,开封市,河南省}"
1596,汴京公园,开封市,公园南街与汴京路交叉口西北100米,1,4.20,0,generic_unsplash_fallback,https://images.unsplash.com/photo-1500530855697-b586d89ba3ee?auto=format&fit=crop&w=1200&q=80,https://images.unsplash.com/photo-1500530855697-b586d89ba3ee?auto=format&fit=crop&w=1200&q=80,"{公园,开封市,河南省}"
1562,汴梁小宋城,开封市,大梁路西段208号(小吃街区擂台东侧),1,4.20,0,generic_unsplash_fallback,https://images.unsplash.com/photo-1469854523086-cc02fe5d8800?auto=format&fit=crop&w=1200&q=80,https://images.unsplash.com/photo-1469854523086-cc02fe5d8800?auto=format&fit=crop&w=1200&q=80,"{风景名胜,开封市,河南省}"
1621,城墙公园,开封市,东京大道与北门大街交叉口南150米,1,4.20,0,generic_unsplash_fallback,https://images.unsplash.com/photo-1500530855697-b586d89ba3ee?auto=format&fit=crop&w=1200&q=80,https://images.unsplash.com/photo-1500530855697-b586d89ba3ee?auto=format&fit=crop&w=1200&q=80,"{公园,开封市,河南省}"
1598,大宏城市广场,开封市,郑开大街与第一大街交会处(汴西湖畔),1,4.20,0,generic_unsplash_fallback,https://images.unsplash.com/photo-1444723121867-7a241cacace9?auto=format&fit=crop&w=1200&q=80,https://images.unsplash.com/photo-1444723121867-7a241cacace9?auto=format&fit=crop&w=1200&q=80,"{城市广场,开封市,河南省}"
1560,大梁门,开封市,内顺城路与西门大街交叉口,1,4.20,0,generic_unsplash_fallback,https://images.unsplash.com/photo-1469854523086-cc02fe5d8800?auto=format&fit=crop&w=1200&q=80,https://images.unsplash.com/photo-1469854523086-cc02fe5d8800?auto=format&fit=crop&w=1200&q=80,"{风景名胜,开封市,河南省}"
1563,大宋汴河,开封市,迎宾路与包公湖北路交叉口南40米,1,4.20,0,generic_unsplash_fallback,https://images.unsplash.com/photo-1469854523086-cc02fe5d8800?auto=format&fit=crop&w=1200&q=80,https://images.unsplash.com/photo-1469854523086-cc02fe5d8800?auto=format&fit=crop&w=1200&q=80,"{旅游景点,开封市,河南省}"
1586,大宋东京梦华,开封市,龙亭西路5号清明上河园内(东北角),1,4.20,0,generic_unsplash_fallback,https://images.unsplash.com/photo-1469854523086-cc02fe5d8800?auto=format&fit=crop&w=1200&q=80,https://images.unsplash.com/photo-1469854523086-cc02fe5d8800?auto=format&fit=crop&w=1200&q=80,"{旅游景点,开封市,河南省}"
1576,大宋校场,开封市,龙亭西路5号清明上河园(东北角),1,4.20,0,generic_unsplash_fallback,https://images.unsplash.com/photo-1469854523086-cc02fe5d8800?auto=format&fit=crop&w=1200&q=80,https://images.unsplash.com/photo-1469854523086-cc02fe5d8800?auto=format&fit=crop&w=1200&q=80,"{旅游景点,开封市,河南省}"
1572,大相国寺,开封市,自由路西段36号,1,4.20,0,generic_unsplash_fallback,https://images.unsplash.com/photo-1513415756790-2ac1db1297d0?auto=format&fit=crop&w=1200&q=80,https://images.unsplash.com/photo-1513415756790-2ac1db1297d0?auto=format&fit=crop&w=1200&q=80,"{寺庙道观,开封市,河南省}"
1616,东湖公园,开封市,北门大街,1,4.20,0,generic_unsplash_fallback,https://images.unsplash.com/photo-1500530855697-b586d89ba3ee?auto=format&fit=crop&w=1200&q=80,https://images.unsplash.com/photo-1500530855697-b586d89ba3ee?auto=format&fit=crop&w=1200&q=80,"{公园,开封市,河南省}"
1602,东京码头,开封市,龙亭西路5号清明上河园园内,1,4.20,0,generic_unsplash_fallback,https://images.unsplash.com/photo-1469854523086-cc02fe5d8800?auto=format&fit=crop&w=1200&q=80,https://images.unsplash.com/photo-1469854523086-cc02fe5d8800?auto=format&fit=crop&w=1200&q=80,"{旅游景点,开封市,河南省}"
1592,樊楼,开封市,午朝门街道龙亭西路与宋都御街交叉口西南80米,1,4.20,0,generic_unsplash_fallback,https://images.unsplash.com/photo-1469854523086-cc02fe5d8800?auto=format&fit=crop&w=1200&q=80,https://images.unsplash.com/photo-1469854523086-cc02fe5d8800?auto=format&fit=crop&w=1200&q=80,"{旅游景点,开封市,河南省}"
1615,凤鸣湖湿地公园,开封市,凤鸣湖桥附近,1,4.20,0,generic_unsplash_fallback,https://images.unsplash.com/photo-1500530855697-b586d89ba3ee?auto=format&fit=crop&w=1200&q=80,https://images.unsplash.com/photo-1500530855697-b586d89ba3ee?auto=format&fit=crop&w=1200&q=80,"{风景名胜,开封市,河南省}"
1634,古城体育公园,开封市,东环北路,1,4.20,0,generic_unsplash_fallback,https://images.unsplash.com/photo-1500530855697-b586d89ba3ee?auto=format&fit=crop&w=1200&q=80,https://images.unsplash.com/photo-1500530855697-b586d89ba3ee?auto=format&fit=crop&w=1200&q=80,"{公园,开封市,河南省}"
1613,河南开封柳园口黄河省级湿地公园,开封市,伯乐马术俱乐部西北侧50米,1,4.20,0,generic_unsplash_fallback,https://images.unsplash.com/photo-1500530855697-b586d89ba3ee?auto=format&fit=crop&w=1200&q=80,https://images.unsplash.com/photo-1500530855697-b586d89ba3ee?auto=format&fit=crop&w=1200&q=80,"{公园,开封市,河南省}"
1564,皇宋大观文化园,开封市,晋安路,1,4.20,0,generic_unsplash_fallback,https://images.unsplash.com/photo-1469854523086-cc02fe5d8800?auto=format&fit=crop&w=1200&q=80,https://images.unsplash.com/photo-1469854523086-cc02fe5d8800?auto=format&fit=crop&w=1200&q=80,"{省级景点,开封市,河南省}"
1618,黄龙湖公园,开封市,经四路,1,4.20,0,generic_unsplash_fallback,https://images.unsplash.com/photo-1500530855697-b586d89ba3ee?auto=format&fit=crop&w=1200&q=80,https://images.unsplash.com/photo-1500530855697-b586d89ba3ee?auto=format&fit=crop&w=1200&q=80,"{公园,开封市,河南省}"
1630,健康主题公园,开封市,滨河路西段健康主题公园,1,4.20,0,generic_unsplash_fallback,https://images.unsplash.com/photo-1500530855697-b586d89ba3ee?auto=format&fit=crop&w=1200&q=80,https://images.unsplash.com/photo-1500530855697-b586d89ba3ee?auto=format&fit=crop&w=1200&q=80,"{公园,开封市,河南省}"
1637,金花湖生态湿地,开封市,"",1,4.20,0,generic_unsplash_fallback,https://images.unsplash.com/photo-1500530855697-b586d89ba3ee?auto=format&fit=crop&w=1200&q=80,https://images.unsplash.com/photo-1500530855697-b586d89ba3ee?auto=format&fit=crop&w=1200&q=80,"{公园,开封市,河南省}"
1577,金明池遗址,开封市,龙亭区经济开发区郑开大道东1号,1,4.20,0,generic_unsplash_fallback,https://images.unsplash.com/photo-1469854523086-cc02fe5d8800?auto=format&fit=crop&w=1200&q=80,https://images.unsplash.com/photo-1469854523086-cc02fe5d8800?auto=format&fit=crop&w=1200&q=80,"{风景名胜,开封市,河南省}"
1566,金明广场,开封市,金明大道,1,4.20,0,generic_unsplash_fallback,https://images.unsplash.com/photo-1444723121867-7a241cacace9?auto=format&fit=crop&w=1200&q=80,https://images.unsplash.com/photo-1444723121867-7a241cacace9?auto=format&fit=crop&w=1200&q=80,"{城市广场,开封市,河南省}"
1633,金牛湖公园气象雷达站景观塔,开封市,金牛湖公园西北角靠近气象公园,1,4.20,0,generic_unsplash_fallback,https://images.unsplash.com/photo-1500530855697-b586d89ba3ee?auto=format&fit=crop&w=1200&q=80,https://images.unsplash.com/photo-1500530855697-b586d89ba3ee?auto=format&fit=crop&w=1200&q=80,"{风景名胜,开封市,河南省}"
1574,开封城墙,开封市,西门大街198号(大梁门里向北10米路西),1,4.20,0,generic_unsplash_fallback,https://images.unsplash.com/photo-1469854523086-cc02fe5d8800?auto=format&fit=crop&w=1200&q=80,https://images.unsplash.com/photo-1469854523086-cc02fe5d8800?auto=format&fit=crop&w=1200&q=80,"{旅游景点,开封市,河南省}"
1561,开封府,开封市,包公东湖北岸,1,4.20,0,generic_unsplash_fallback,https://images.unsplash.com/photo-1469854523086-cc02fe5d8800?auto=format&fit=crop&w=1200&q=80,https://images.unsplash.com/photo-1469854523086-cc02fe5d8800?auto=format&fit=crop&w=1200&q=80,"{国家级景点,开封市,河南省}"
1625,开封古城墙环城公园,开封市,西关北街与东京大道交叉口南300米,1,4.20,0,generic_unsplash_fallback,https://images.unsplash.com/photo-1500530855697-b586d89ba3ee?auto=format&fit=crop&w=1200&q=80,https://images.unsplash.com/photo-1500530855697-b586d89ba3ee?auto=format&fit=crop&w=1200&q=80,"{旅游景点,开封市,河南省}"
1617,开封国家森林公园,开封市,东京大道中段(近开封大学),1,4.20,0,generic_unsplash_fallback,https://images.unsplash.com/photo-1500530855697-b586d89ba3ee?auto=format&fit=crop&w=1200&q=80,https://images.unsplash.com/photo-1500530855697-b586d89ba3ee?auto=format&fit=crop&w=1200&q=80,"{风景名胜,开封市,河南省}"
1629,开封护城大堤遗址公园,开封市,复兴大道与立德街交叉口西北220米,1,4.20,0,generic_unsplash_fallback,https://images.unsplash.com/photo-1500530855697-b586d89ba3ee?auto=format&fit=crop&w=1200&q=80,https://images.unsplash.com/photo-1500530855697-b586d89ba3ee?auto=format&fit=crop&w=1200&q=80,"{公园,开封市,河南省}"
1578,开封市城乡一体示范区健康主题公园,开封市,开封经济开发区晋安路165号晋安广场,1,4.20,0,generic_unsplash_fallback,https://images.unsplash.com/photo-1500530855697-b586d89ba3ee?auto=format&fit=crop&w=1200&q=80,https://images.unsplash.com/photo-1500530855697-b586d89ba3ee?auto=format&fit=crop&w=1200&q=80,"{公园,开封市,河南省}"
1571,开封市鼓楼广场,开封市,寺后街附近,1,4.20,0,generic_unsplash_fallback,https://images.unsplash.com/photo-1519608487953-e999c86e7455?auto=format&fit=crop&w=1200&q=80,https://images.unsplash.com/photo-1519608487953-e999c86e7455?auto=format&fit=crop&w=1200&q=80,"{城市漫步,胡同,摄影,休闲,夜游,美食}"
1624,开封市好人公园,开封市,一大街9号,1,4.20,0,generic_unsplash_fallback,https://images.unsplash.com/photo-1500530855697-b586d89ba3ee?auto=format&fit=crop&w=1200&q=80,https://images.unsplash.com/photo-1500530855697-b586d89ba3ee?auto=format&fit=crop&w=1200&q=80,"{公园,开封市,河南省}"
1614,开封市槐树林森林公园,开封市,柳园口乡柳园村东,1,4.20,0,generic_unsplash_fallback,https://images.unsplash.com/photo-1500530855697-b586d89ba3ee?auto=format&fit=crop&w=1200&q=80,https://images.unsplash.com/photo-1500530855697-b586d89ba3ee?auto=format&fit=crop&w=1200&q=80,"{风景名胜,开封市,河南省}"
1635,开封市龙亭公园-九龙洞,开封市,龙亭北路龙亭景区(西南角),1,4.20,0,generic_unsplash_fallback,https://images.unsplash.com/photo-1500530855697-b586d89ba3ee?auto=format&fit=crop&w=1200&q=80,https://images.unsplash.com/photo-1500530855697-b586d89ba3ee?auto=format&fit=crop&w=1200&q=80,"{风景名胜,开封市,河南省}"
1582,开封银滩,开封市,新城街道附一大街与安顺路交叉口东南180米,1,4.20,0,generic_unsplash_fallback,https://images.unsplash.com/photo-1469854523086-cc02fe5d8800?auto=format&fit=crop&w=1200&q=80,https://images.unsplash.com/photo-1469854523086-cc02fe5d8800?auto=format&fit=crop&w=1200&q=80,"{风景名胜,开封市,河南省}"
1626,康平河森林公园,开封市,建设路北段与北三环路交叉口,1,4.20,0,generic_unsplash_fallback,https://images.unsplash.com/photo-1500530855697-b586d89ba3ee?auto=format&fit=crop&w=1200&q=80,https://images.unsplash.com/photo-1500530855697-b586d89ba3ee?auto=format&fit=crop&w=1200&q=80,"{风景名胜,开封市,河南省}"
1623,龙亭公园-御道,开封市,区宋都御街北端龙亭景区内(南侧),1,4.20,0,generic_unsplash_fallback,https://images.unsplash.com/photo-1500530855697-b586d89ba3ee?auto=format&fit=crop&w=1200&q=80,https://images.unsplash.com/photo-1500530855697-b586d89ba3ee?auto=format&fit=crop&w=1200&q=80,"{旅游景点,开封市,河南省}"
1568,龙亭景区,开封市,龙亭北路,1,4.20,0,generic_unsplash_fallback,https://images.unsplash.com/photo-1469854523086-cc02fe5d8800?auto=format&fit=crop&w=1200&q=80,https://images.unsplash.com/photo-1469854523086-cc02fe5d8800?auto=format&fit=crop&w=1200&q=80,"{国家级景点,开封市,河南省}"
1611,牡丹园,开封市,繁塔街道繁塔街道繁塔东一街38号禹王台公园(东北角),1,4.20,0,generic_unsplash_fallback,https://images.unsplash.com/photo-1469854523086-cc02fe5d8800?auto=format&fit=crop&w=1200&q=80,https://images.unsplash.com/photo-1469854523086-cc02fe5d8800?auto=format&fit=crop&w=1200&q=80,"{旅游景点,开封市,河南省}"
1620,南湖公园,开封市,"",1,4.20,0,generic_unsplash_fallback,https://images.unsplash.com/photo-1500530855697-b586d89ba3ee?auto=format&fit=crop&w=1200&q=80,https://images.unsplash.com/photo-1500530855697-b586d89ba3ee?auto=format&fit=crop&w=1200&q=80,"{公园,开封市,河南省}"
1622,泡桐森林公园,开封市,连霍高速与郑徐高铁之间,1,4.20,0,generic_unsplash_fallback,https://images.unsplash.com/photo-1500530855697-b586d89ba3ee?auto=format&fit=crop&w=1200&q=80,https://images.unsplash.com/photo-1500530855697-b586d89ba3ee?auto=format&fit=crop&w=1200&q=80,"{公园,开封市,河南省}"
1597,七盛角,开封市,大兴街道龙亭西路5号清明上河园迎宾门对面,1,4.20,0,generic_unsplash_fallback,https://images.unsplash.com/photo-1519608487953-e999c86e7455?auto=format&fit=crop&w=1200&q=80,https://images.unsplash.com/photo-1519608487953-e999c86e7455?auto=format&fit=crop&w=1200&q=80,"{特色商业街,开封市,河南省}"
1557,清明上河园,开封市,龙亭西路5号,1,4.20,0,generic_unsplash_fallback,https://images.unsplash.com/photo-1469854523086-cc02fe5d8800?auto=format&fit=crop&w=1200&q=80,https://images.unsplash.com/photo-1469854523086-cc02fe5d8800?auto=format&fit=crop&w=1200&q=80,"{国家级景点,开封市,河南省}"
1595,清明文化广场,开封市,龙亭西路5号清明上河园园内,1,4.20,0,generic_unsplash_fallback,https://images.unsplash.com/photo-1500530855697-b586d89ba3ee?auto=format&fit=crop&w=1200&q=80,https://images.unsplash.com/photo-1500530855697-b586d89ba3ee?auto=format&fit=crop&w=1200&q=80,"{公园广场,开封市,河南省}"
1585,三打祝家庄,开封市,东京大道中段万岁山武侠城城寨沙场内,1,4.20,0,generic_unsplash_fallback,https://images.unsplash.com/photo-1469854523086-cc02fe5d8800?auto=format&fit=crop&w=1200&q=80,https://images.unsplash.com/photo-1469854523086-cc02fe5d8800?auto=format&fit=crop&w=1200&q=80,"{风景名胜,开封市,河南省}"
1580,山陕甘会馆,开封市,徐府坑街88号,1,4.20,0,generic_unsplash_fallback,https://images.unsplash.com/photo-1469854523086-cc02fe5d8800?auto=format&fit=crop&w=1200&q=80,https://images.unsplash.com/photo-1469854523086-cc02fe5d8800?auto=format&fit=crop&w=1200&q=80,"{风景名胜,开封市,河南省}"
1569,宋都皇城旅游度假区,开封市,龙亭北路23号,1,4.20,0,generic_unsplash_fallback,https://images.unsplash.com/photo-1469854523086-cc02fe5d8800?auto=format&fit=crop&w=1200&q=80,https://images.unsplash.com/photo-1469854523086-cc02fe5d8800?auto=format&fit=crop&w=1200&q=80,"{旅游景点,开封市,河南省}"
1570,天波杨府,开封市,龙亭北路14号,1,4.20,0,generic_unsplash_fallback,https://images.unsplash.com/photo-1469854523086-cc02fe5d8800?auto=format&fit=crop&w=1200&q=80,https://images.unsplash.com/photo-1469854523086-cc02fe5d8800?auto=format&fit=crop&w=1200&q=80,"{国家级景点,开封市,河南省}"
1606,铁塔公园-荷花池,开封市,区北门大街210号铁塔公园内(西南角),1,4.20,0,generic_unsplash_fallback,https://images.unsplash.com/photo-1500530855697-b586d89ba3ee?auto=format&fit=crop&w=1200&q=80,https://images.unsplash.com/photo-1500530855697-b586d89ba3ee?auto=format&fit=crop&w=1200&q=80,"{旅游景点,开封市,河南省}"
1609,铁塔公园-开宝胜景,开封市,北门大街210号铁塔景区内(西侧),1,4.20,0,generic_unsplash_fallback,https://images.unsplash.com/photo-1500530855697-b586d89ba3ee?auto=format&fit=crop&w=1200&q=80,https://images.unsplash.com/photo-1500530855697-b586d89ba3ee?auto=format&fit=crop&w=1200&q=80,"{旅游景点,开封市,河南省}"
1610,铁塔公园-盆景苑,开封市,北门大街210号铁塔公园(西侧),1,4.20,0,generic_unsplash_fallback,https://images.unsplash.com/photo-1500530855697-b586d89ba3ee?auto=format&fit=crop&w=1200&q=80,https://images.unsplash.com/photo-1500530855697-b586d89ba3ee?auto=format&fit=crop&w=1200&q=80,"{旅游景点,开封市,河南省}"
1607,铁塔公园-三观园,开封市,东辰路铁塔景区(东南角),1,4.20,0,generic_unsplash_fallback,https://images.unsplash.com/photo-1500530855697-b586d89ba3ee?auto=format&fit=crop&w=1200&q=80,https://images.unsplash.com/photo-1500530855697-b586d89ba3ee?auto=format&fit=crop&w=1200&q=80,"{旅游景点,开封市,河南省}"
1608,铁塔公园-蕴情,开封市,铁塔四街与内环东路北段交叉口东北300米,1,4.20,0,generic_unsplash_fallback,https://images.unsplash.com/photo-1500530855697-b586d89ba3ee?auto=format&fit=crop&w=1200&q=80,https://images.unsplash.com/photo-1500530855697-b586d89ba3ee?auto=format&fit=crop&w=1200&q=80,"{旅游景点,开封市,河南省}"
1590,铁塔湖,开封市,北门大街210号铁塔景区内(东侧),1,4.20,0,generic_unsplash_fallback,https://images.unsplash.com/photo-1444723121867-7a241cacace9?auto=format&fit=crop&w=1200&q=80,https://images.unsplash.com/photo-1444723121867-7a241cacace9?auto=format&fit=crop&w=1200&q=80,"{旅游景点,开封市,河南省}"
1575,铁塔景区,开封市,北门大街210号,1,4.20,0,generic_unsplash_fallback,https://images.unsplash.com/photo-1444723121867-7a241cacace9?auto=format&fit=crop&w=1200&q=80,https://images.unsplash.com/photo-1444723121867-7a241cacace9?auto=format&fit=crop&w=1200&q=80,"{国家级景点,开封市,河南省}"
1593,万岁山魔力广场,开封市,东京大道与万兴苑东路交叉口西220米,1,4.20,0,generic_unsplash_fallback,https://images.unsplash.com/photo-1444723121867-7a241cacace9?auto=format&fit=crop&w=1200&q=80,https://images.unsplash.com/photo-1444723121867-7a241cacace9?auto=format&fit=crop&w=1200&q=80,"{风景名胜,开封市,河南省}"
1558,万岁山武侠城,开封市,东京大道中段(近开封大学),1,4.20,0,generic_unsplash_fallback,https://images.unsplash.com/photo-1469854523086-cc02fe5d8800?auto=format&fit=crop&w=1200&q=80,https://images.unsplash.com/photo-1469854523086-cc02fe5d8800?auto=format&fit=crop&w=1200&q=80,"{国家级景点,开封市,河南省}"
1584,王婆说媒,开封市,万岁山武侠城,1,4.20,0,generic_unsplash_fallback,https://images.unsplash.com/photo-1469854523086-cc02fe5d8800?auto=format&fit=crop&w=1200&q=80,https://images.unsplash.com/photo-1469854523086-cc02fe5d8800?auto=format&fit=crop&w=1200&q=80,"{旅游景点,开封市,河南省}"
1636,为民公园,开封市,保台线与友谊路交叉口西360米,1,4.20,0,generic_unsplash_fallback,https://images.unsplash.com/photo-1500530855697-b586d89ba3ee?auto=format&fit=crop&w=1200&q=80,https://images.unsplash.com/photo-1500530855697-b586d89ba3ee?auto=format&fit=crop&w=1200&q=80,"{公园,开封市,河南省}"
1631,尉氏东京森林公园,开封市,健康路,1,4.20,0,generic_unsplash_fallback,https://images.unsplash.com/photo-1500530855697-b586d89ba3ee?auto=format&fit=crop&w=1200&q=80,https://images.unsplash.com/photo-1500530855697-b586d89ba3ee?auto=format&fit=crop&w=1200&q=80,"{公园,开封市,河南省}"
1639,尉氏县见义勇为主题公园,开封市,北三环与开港大道交叉口,1,4.20,0,generic_unsplash_fallback,https://images.unsplash.com/photo-1500530855697-b586d89ba3ee?auto=format&fit=crop&w=1200&q=80,https://images.unsplash.com/photo-1500530855697-b586d89ba3ee?auto=format&fit=crop&w=1200&q=80,"{公园,开封市,河南省}"
1628,西湖里公园式创意街区,开封市,附一大街与安平路交叉口东北180米,1,4.20,0,generic_unsplash_fallback,https://images.unsplash.com/photo-1500530855697-b586d89ba3ee?auto=format&fit=crop&w=1200&q=80,https://images.unsplash.com/photo-1500530855697-b586d89ba3ee?auto=format&fit=crop&w=1200&q=80,"{旅游景点,开封市,河南省}"
1619,咸平公园,开封市,公安局特警队,1,4.20,0,generic_unsplash_fallback,https://images.unsplash.com/photo-1500530855697-b586d89ba3ee?auto=format&fit=crop&w=1200&q=80,https://images.unsplash.com/photo-1500530855697-b586d89ba3ee?auto=format&fit=crop&w=1200&q=80,"{公园,开封市,河南省}"
1632,祥符湖公园,开封市,人民路东段与文化大道交叉路口往北约150米,1,4.20,0,generic_unsplash_fallback,https://images.unsplash.com/photo-1500530855697-b586d89ba3ee?auto=format&fit=crop&w=1200&q=80,https://images.unsplash.com/photo-1500530855697-b586d89ba3ee?auto=format&fit=crop&w=1200&q=80,"{公园广场,开封市,河南省}"
1605,秀野园,开封市,龙亭西路5号清明上河园内(南侧),1,4.20,0,generic_unsplash_fallback,https://images.unsplash.com/photo-1469854523086-cc02fe5d8800?auto=format&fit=crop&w=1200&q=80,https://images.unsplash.com/photo-1469854523086-cc02fe5d8800?auto=format&fit=crop&w=1200&q=80,"{旅游景点,开封市,河南省}"
1587,延庆观,开封市,西司门街道观前街53号(开封府西北侧),1,4.20,0,generic_unsplash_fallback,https://images.unsplash.com/photo-1469854523086-cc02fe5d8800?auto=format&fit=crop&w=1200&q=80,https://images.unsplash.com/photo-1469854523086-cc02fe5d8800?auto=format&fit=crop&w=1200&q=80,"{寺庙道观,开封市,河南省}"
1601,音乐广场,开封市,龙亭西路5号清明上河园(西南角),1,4.20,0,generic_unsplash_fallback,https://images.unsplash.com/photo-1444723121867-7a241cacace9?auto=format&fit=crop&w=1200&q=80,https://images.unsplash.com/photo-1444723121867-7a241cacace9?auto=format&fit=crop&w=1200&q=80,"{风景名胜,开封市,河南省}"
1591,禹王台公园,开封市,繁塔街道繁塔街道繁塔东一街38号,1,4.20,0,generic_unsplash_fallback,https://images.unsplash.com/photo-1500530855697-b586d89ba3ee?auto=format&fit=crop&w=1200&q=80,https://images.unsplash.com/photo-1500530855697-b586d89ba3ee?auto=format&fit=crop&w=1200&q=80,"{公园,开封市,河南省}"
1627,裕禄公园,开封市,中山北街88号,1,4.20,0,generic_unsplash_fallback,https://images.unsplash.com/photo-1500530855697-b586d89ba3ee?auto=format&fit=crop&w=1200&q=80,https://images.unsplash.com/photo-1500530855697-b586d89ba3ee?auto=format&fit=crop&w=1200&q=80,"{公园,开封市,河南省}"
1565,中国翰园碑林,开封市,龙亭北路15号,1,4.20,0,generic_unsplash_fallback,https://images.unsplash.com/photo-1469854523086-cc02fe5d8800?auto=format&fit=crop&w=1200&q=80,https://images.unsplash.com/photo-1469854523086-cc02fe5d8800?auto=format&fit=crop&w=1200&q=80,"{国家级景点,开封市,河南省}"
2552,白龙潭公园,昆明市,锦绣大街,1,4.20,0,generic_unsplash_fallback,https://images.unsplash.com/photo-1500530855697-b586d89ba3ee?auto=format&fit=crop&w=1200&q=80,https://images.unsplash.com/photo-1500530855697-b586d89ba3ee?auto=format&fit=crop&w=1200&q=80,"{公园,昆明市,云南省}"
2582,白鹿森林,昆明市,青云街道办事处虹桥路车行天下二期旁,1,4.20,0,generic_unsplash_fallback,https://images.unsplash.com/photo-1500530855697-b586d89ba3ee?auto=format&fit=crop&w=1200&q=80,https://images.unsplash.com/photo-1500530855697-b586d89ba3ee?auto=format&fit=crop&w=1200&q=80,"{公园,昆明市,云南省}"
2636,百花公园,昆明市,连然街道连然街道连然街道百花西路69号,1,4.20,0,generic_unsplash_fallback,https://images.unsplash.com/photo-1500530855697-b586d89ba3ee?auto=format&fit=crop&w=1200&q=80,https://images.unsplash.com/photo-1500530855697-b586d89ba3ee?auto=format&fit=crop&w=1200&q=80,"{公园,昆明市,云南省}"
2600,百年穿越铜说历史,昆明市,昆明市呈贡区朝云街火车时光沉浸世界2号门,1,4.20,0,generic_unsplash_fallback,https://images.unsplash.com/photo-1469854523086-cc02fe5d8800?auto=format&fit=crop&w=1200&q=80,https://images.unsplash.com/photo-1469854523086-cc02fe5d8800?auto=format&fit=crop&w=1200&q=80,"{风景名胜,昆明市,云南省}"
2571,宝丰湿地公园,昆明市,环湖东路与云秀路交叉口西南380米,1,4.20,0,generic_unsplash_fallback,https://images.unsplash.com/photo-1500530855697-b586d89ba3ee?auto=format&fit=crop&w=1200&q=80,https://images.unsplash.com/photo-1500530855697-b586d89ba3ee?auto=format&fit=crop&w=1200&q=80,"{公园,昆明市,云南省}"
2624,宝海公园,昆明市,宝海路121号,1,4.20,0,generic_unsplash_fallback,https://images.unsplash.com/photo-1500530855697-b586d89ba3ee?auto=format&fit=crop&w=1200&q=80,https://images.unsplash.com/photo-1500530855697-b586d89ba3ee?auto=format&fit=crop&w=1200&q=80,"{公园,昆明市,云南省}"
2599,呈贡文庙,昆明市,东门街181号,1,4.20,0,generic_unsplash_fallback,https://images.unsplash.com/photo-1513415756790-2ac1db1297d0?auto=format&fit=crop&w=1200&q=80,https://images.unsplash.com/photo-1513415756790-2ac1db1297d0?auto=format&fit=crop&w=1200&q=80,"{寺庙道观,昆明市,云南省}"
2565,春城公园,昆明市,乌龙街道彩云南路与锦绣大街交叉口附近,1,4.20,0,generic_unsplash_fallback,https://images.unsplash.com/photo-1500530855697-b586d89ba3ee?auto=format&fit=crop&w=1200&q=80,https://images.unsplash.com/photo-1500530855697-b586d89ba3ee?auto=format&fit=crop&w=1200&q=80,"{公园,昆明市,云南省}"
2562,春融公园,昆明市,和谐路与春融街交汇处,1,4.20,0,generic_unsplash_fallback,https://images.unsplash.com/photo-1500530855697-b586d89ba3ee?auto=format&fit=crop&w=1200&q=80,https://images.unsplash.com/photo-1500530855697-b586d89ba3ee?auto=format&fit=crop&w=1200&q=80,"{公园,昆明市,云南省}"
2586,大观公园,昆明市,大观路284号,1,4.20,0,generic_unsplash_fallback,https://images.unsplash.com/photo-1500530855697-b586d89ba3ee?auto=format&fit=crop&w=1200&q=80,https://images.unsplash.com/photo-1500530855697-b586d89ba3ee?auto=format&fit=crop&w=1200&q=80,"{旅游景点,昆明市,云南省}"
2563,滇池,昆明市,滇池路1318号,1,4.20,0,generic_unsplash_fallback,https://images.unsplash.com/photo-1469854523086-cc02fe5d8800?auto=format&fit=crop&w=1200&q=80,https://images.unsplash.com/photo-1469854523086-cc02fe5d8800?auto=format&fit=crop&w=1200&q=80,"{国家级景点,昆明市,云南省}"
2568,滇池海埂公园,昆明市,滇池路1318号,1,4.20,0,generic_unsplash_fallback,https://images.unsplash.com/photo-1500530855697-b586d89ba3ee?auto=format&fit=crop&w=1200&q=80,https://images.unsplash.com/photo-1500530855697-b586d89ba3ee?auto=format&fit=crop&w=1200&q=80,"{公园,昆明市,云南省}"
2584,滇池绿道草之桥,昆明市,池畔街1045号,1,4.20,0,generic_unsplash_fallback,https://images.unsplash.com/photo-1469854523086-cc02fe5d8800?auto=format&fit=crop&w=1200&q=80,https://images.unsplash.com/photo-1469854523086-cc02fe5d8800?auto=format&fit=crop&w=1200&q=80,"{风景名胜,昆明市,云南省}"
2579,滇池绿道水之桥,昆明市,湖泽街681号,1,4.20,0,generic_unsplash_fallback,https://images.unsplash.com/photo-1469854523086-cc02fe5d8800?auto=format&fit=crop&w=1200&q=80,https://images.unsplash.com/photo-1469854523086-cc02fe5d8800?auto=format&fit=crop&w=1200&q=80,"{风景名胜,昆明市,云南省}"
2554,斗南七彩花海,昆明市,斗南湿地公园东门对面,1,4.20,0,generic_unsplash_fallback,https://images.unsplash.com/photo-1469854523086-cc02fe5d8800?auto=format&fit=crop&w=1200&q=80,https://images.unsplash.com/photo-1469854523086-cc02fe5d8800?auto=format&fit=crop&w=1200&q=80,"{风景名胜,昆明市,云南省}"
2555,斗南湿地公园,昆明市,斗彩段与环湖东路交叉口,1,4.20,0,generic_unsplash_fallback,https://images.unsplash.com/photo-1500530855697-b586d89ba3ee?auto=format&fit=crop&w=1200&q=80,https://images.unsplash.com/photo-1500530855697-b586d89ba3ee?auto=format&fit=crop&w=1200&q=80,"{公园,昆明市,云南省}"
2607,费孝通旧居,昆明市,古龙路59号(古城地铁站E口步行450米),1,4.20,0,generic_unsplash_fallback,https://images.unsplash.com/photo-1469854523086-cc02fe5d8800?auto=format&fit=crop&w=1200&q=80,https://images.unsplash.com/photo-1469854523086-cc02fe5d8800?auto=format&fit=crop&w=1200&q=80,"{纪念馆,昆明市,云南省}"
2576,福保小三亚,昆明市,"",1,4.20,0,generic_unsplash_fallback,https://images.unsplash.com/photo-1469854523086-cc02fe5d8800?auto=format&fit=crop&w=1200&q=80,https://images.unsplash.com/photo-1469854523086-cc02fe5d8800?auto=format&fit=crop&w=1200&q=80,"{风景名胜,昆明市,云南省}"
2632,干沟尾湿地公园天空之镜,昆明市,洪今木口腔东侧150米,1,4.20,0,generic_unsplash_fallback,https://images.unsplash.com/photo-1500530855697-b586d89ba3ee?auto=format&fit=crop&w=1200&q=80,https://images.unsplash.com/photo-1500530855697-b586d89ba3ee?auto=format&fit=crop&w=1200&q=80,"{风景名胜,昆明市,云南省}"
2630,古滇精品湿地公园,昆明市,环湖东路北侧,1,4.20,0,generic_unsplash_fallback,https://images.unsplash.com/photo-1500530855697-b586d89ba3ee?auto=format&fit=crop&w=1200&q=80,https://images.unsplash.com/photo-1500530855697-b586d89ba3ee?auto=format&fit=crop&w=1200&q=80,"{风景名胜,昆明市,云南省}"
2559,官渡古镇,昆明市,广福路,1,4.20,0,generic_unsplash_fallback,https://images.unsplash.com/photo-1469854523086-cc02fe5d8800?auto=format&fit=crop&w=1200&q=80,https://images.unsplash.com/photo-1469854523086-cc02fe5d8800?auto=format&fit=crop&w=1200&q=80,"{国家级景点,昆明市,云南省}"
2575,海埂大坝,昆明市,昆明滇池国家旅游度假区观景路(近滇池),1,4.20,0,generic_unsplash_fallback,https://images.unsplash.com/photo-1469854523086-cc02fe5d8800?auto=format&fit=crop&w=1200&q=80,https://images.unsplash.com/photo-1469854523086-cc02fe5d8800?auto=format&fit=crop&w=1200&q=80,"{风景名胜,昆明市,云南省}"
2587,海晏古渔村,昆明市,海晏社区内段与044乡道交叉口南20米,1,4.20,0,generic_unsplash_fallback,https://images.unsplash.com/photo-1469854523086-cc02fe5d8800?auto=format&fit=crop&w=1200&q=80,https://images.unsplash.com/photo-1469854523086-cc02fe5d8800?auto=format&fit=crop&w=1200&q=80,"{风景名胜,昆明市,云南省}"
2596,黑龙潭,昆明市,梁王路与春漫大道交叉口东340米,1,4.20,0,generic_unsplash_fallback,https://images.unsplash.com/photo-1469854523086-cc02fe5d8800?auto=format&fit=crop&w=1200&q=80,https://images.unsplash.com/photo-1469854523086-cc02fe5d8800?auto=format&fit=crop&w=1200&q=80,"{风景名胜,昆明市,云南省}"
2614,黑龙潭公园,昆明市,龙泉路612号,1,4.20,0,generic_unsplash_fallback,https://images.unsplash.com/photo-1500530855697-b586d89ba3ee?auto=format&fit=crop&w=1200&q=80,https://images.unsplash.com/photo-1500530855697-b586d89ba3ee?auto=format&fit=crop&w=1200&q=80,"{风景名胜,昆明市,云南省}"
2601,基督教堂(春融东路),昆明市,洛龙街道呈贡新区春融东路,1,4.20,0,generic_unsplash_fallback,https://images.unsplash.com/photo-1469854523086-cc02fe5d8800?auto=format&fit=crop&w=1200&q=80,https://images.unsplash.com/photo-1469854523086-cc02fe5d8800?auto=format&fit=crop&w=1200&q=80,"{教堂,昆明市,云南省}"
2616,金殿,昆明市,金殿公园内,1,4.20,0,generic_unsplash_fallback,https://images.unsplash.com/photo-1469854523086-cc02fe5d8800?auto=format&fit=crop&w=1200&q=80,https://images.unsplash.com/photo-1469854523086-cc02fe5d8800?auto=format&fit=crop&w=1200&q=80,"{国家级景点,昆明市,云南省}"
2615,金殿风景名胜区,昆明市,穿金路,1,4.20,0,generic_unsplash_fallback,https://images.unsplash.com/photo-1469854523086-cc02fe5d8800?auto=format&fit=crop&w=1200&q=80,https://images.unsplash.com/photo-1469854523086-cc02fe5d8800?auto=format&fit=crop&w=1200&q=80,"{国家级景点,昆明市,云南省}"
2623,俊发·西亮塘湿地公园,昆明市,云秀路4186号,1,4.20,0,generic_unsplash_fallback,https://images.unsplash.com/photo-1500530855697-b586d89ba3ee?auto=format&fit=crop&w=1200&q=80,https://images.unsplash.com/photo-1500530855697-b586d89ba3ee?auto=format&fit=crop&w=1200&q=80,"{公园,昆明市,云南省}"
2604,魁阁休闲公园,昆明市,魁阁南路,1,4.20,0,generic_unsplash_fallback,https://images.unsplash.com/photo-1500530855697-b586d89ba3ee?auto=format&fit=crop&w=1200&q=80,https://images.unsplash.com/photo-1500530855697-b586d89ba3ee?auto=format&fit=crop&w=1200&q=80,"{公园,昆明市,云南省}"
2553,昆明呈贡区城中心广场,昆明市,兴呈路与龙城街交叉口南80米,1,4.20,0,generic_unsplash_fallback,https://images.unsplash.com/photo-1444723121867-7a241cacace9?auto=format&fit=crop&w=1200&q=80,https://images.unsplash.com/photo-1444723121867-7a241cacace9?auto=format&fit=crop&w=1200&q=80,"{城市广场,昆明市,云南省}"
2578,昆明呈贡中央公园,昆明市,彩云南路辅路与锦绣大街交叉口东南160米,1,4.20,0,generic_unsplash_fallback,https://images.unsplash.com/photo-1500530855697-b586d89ba3ee?auto=format&fit=crop&w=1200&q=80,https://images.unsplash.com/photo-1500530855697-b586d89ba3ee?auto=format&fit=crop&w=1200&q=80,"{公园,昆明市,云南省}"
2631,昆明滇池南岸沙滩主题公园,昆明市,环湖南路,1,4.20,0,generic_unsplash_fallback,https://images.unsplash.com/photo-1500530855697-b586d89ba3ee?auto=format&fit=crop&w=1200&q=80,https://images.unsplash.com/photo-1500530855697-b586d89ba3ee?auto=format&fit=crop&w=1200&q=80,"{公园,昆明市,云南省}"
2590,昆明动物园,昆明市,青年路92号,1,4.20,0,generic_unsplash_fallback,https://images.unsplash.com/photo-1469854523086-cc02fe5d8800?auto=format&fit=crop&w=1200&q=80,https://images.unsplash.com/photo-1469854523086-cc02fe5d8800?auto=format&fit=crop&w=1200&q=80,"{动物园,昆明市,云南省}"
2556,昆明海趣花都海洋世界,昆明市,斗南街道办事处斗南国际花卉产业园区一期5栋,1,4.20,0,generic_unsplash_fallback,https://images.unsplash.com/photo-1469854523086-cc02fe5d8800?auto=format&fit=crop&w=1200&q=80,https://images.unsplash.com/photo-1469854523086-cc02fe5d8800?auto=format&fit=crop&w=1200&q=80,"{水族馆,昆明市,云南省}"
2564,昆明海晏村网红沙滩,昆明市,海晏村,1,4.20,0,generic_unsplash_fallback,https://images.unsplash.com/photo-1469854523086-cc02fe5d8800?auto=format&fit=crop&w=1200&q=80,https://images.unsplash.com/photo-1469854523086-cc02fe5d8800?auto=format&fit=crop&w=1200&q=80,"{旅游景点,昆明市,云南省}"
2558,昆明捞渔河湿地公园,昆明市,环湖东路,1,4.20,0,generic_unsplash_fallback,https://images.unsplash.com/photo-1500530855697-b586d89ba3ee?auto=format&fit=crop&w=1200&q=80,https://images.unsplash.com/photo-1500530855697-b586d89ba3ee?auto=format&fit=crop&w=1200&q=80,"{公园,昆明市,云南省}"
2593,昆明南站东广场,昆明市,祥园街,1,4.20,0,generic_unsplash_fallback,https://images.unsplash.com/photo-1444723121867-7a241cacace9?auto=format&fit=crop&w=1200&q=80,https://images.unsplash.com/photo-1444723121867-7a241cacace9?auto=format&fit=crop&w=1200&q=80,"{城市广场,昆明市,云南省}"
2592,昆明南站西广场,昆明市,昆明南站(昆明南火车站地铁站入口步行140米),1,4.20,0,generic_unsplash_fallback,https://images.unsplash.com/photo-1444723121867-7a241cacace9?auto=format&fit=crop&w=1200&q=80,https://images.unsplash.com/photo-1444723121867-7a241cacace9?auto=format&fit=crop&w=1200&q=80,"{城市广场,昆明市,云南省}"
2618,昆明瀑布公园,昆明市,昆澜街,1,4.20,0,generic_unsplash_fallback,https://images.unsplash.com/photo-1500530855697-b586d89ba3ee?auto=format&fit=crop&w=1200&q=80,https://images.unsplash.com/photo-1500530855697-b586d89ba3ee?auto=format&fit=crop&w=1200&q=80,"{公园,昆明市,云南省}"
2570,昆明市呈贡区回回营清真寺,昆明市,回回营社区居委会,1,4.20,0,generic_unsplash_fallback,https://images.unsplash.com/photo-1513415756790-2ac1db1297d0?auto=format&fit=crop&w=1200&q=80,https://images.unsplash.com/photo-1513415756790-2ac1db1297d0?auto=format&fit=crop&w=1200&q=80,"{回教寺,昆明市,云南省}"
2612,昆明市大观公园-东园,昆明市,大观路284号昆明市大观公园内(东北角),1,4.20,0,generic_unsplash_fallback,https://images.unsplash.com/photo-1500530855697-b586d89ba3ee?auto=format&fit=crop&w=1200&q=80,https://images.unsplash.com/photo-1500530855697-b586d89ba3ee?auto=format&fit=crop&w=1200&q=80,"{公园,昆明市,云南省}"
2557,昆明卧龙古渔村,昆明市,乌龙街道乌龙村,1,4.20,0,generic_unsplash_fallback,https://images.unsplash.com/photo-1469854523086-cc02fe5d8800?auto=format&fit=crop&w=1200&q=80,https://images.unsplash.com/photo-1469854523086-cc02fe5d8800?auto=format&fit=crop&w=1200&q=80,"{风景名胜,昆明市,云南省}"
2598,昆明宪法主题公园,昆明市,锦绣大街与和谐路交叉口东240米,1,4.20,0,generic_unsplash_fallback,https://images.unsplash.com/photo-1500530855697-b586d89ba3ee?auto=format&fit=crop&w=1200&q=80,https://images.unsplash.com/photo-1500530855697-b586d89ba3ee?auto=format&fit=crop&w=1200&q=80,"{公园,昆明市,云南省}"
2613,蓝花楹主题公园,昆明市,莲华街道莲华街道莲华街道莲华街道教场中路226号,1,4.20,0,generic_unsplash_fallback,https://images.unsplash.com/photo-1500530855697-b586d89ba3ee?auto=format&fit=crop&w=1200&q=80,https://images.unsplash.com/photo-1500530855697-b586d89ba3ee?auto=format&fit=crop&w=1200&q=80,"{公园,昆明市,云南省}"
2621,莲花池,昆明市,民院路15号(小菜园地铁站A口步行400米),1,4.20,0,generic_unsplash_fallback,https://images.unsplash.com/photo-1500530855697-b586d89ba3ee?auto=format&fit=crop&w=1200&q=80,https://images.unsplash.com/photo-1500530855697-b586d89ba3ee?auto=format&fit=crop&w=1200&q=80,"{公园,昆明市,云南省}"
2551,洛龙公园,昆明市,龙城街道彩云北路与祥和路交汇处,1,4.20,0,generic_unsplash_fallback,https://images.unsplash.com/photo-1500530855697-b586d89ba3ee?auto=format&fit=crop&w=1200&q=80,https://images.unsplash.com/photo-1500530855697-b586d89ba3ee?auto=format&fit=crop&w=1200&q=80,"{公园,昆明市,云南省}"
2566,洛龙河入滇口和谐公园,昆明市,斗南街道滇池,1,4.20,0,generic_unsplash_fallback,https://images.unsplash.com/photo-1500530855697-b586d89ba3ee?auto=format&fit=crop&w=1200&q=80,https://images.unsplash.com/photo-1500530855697-b586d89ba3ee?auto=format&fit=crop&w=1200&q=80,"{公园,昆明市,云南省}"
2595,洛龙湖,昆明市,洛龙公园,1,4.20,0,generic_unsplash_fallback,https://images.unsplash.com/photo-1469854523086-cc02fe5d8800?auto=format&fit=crop&w=1200&q=80,https://images.unsplash.com/photo-1469854523086-cc02fe5d8800?auto=format&fit=crop&w=1200&q=80,"{风景名胜,昆明市,云南省}"
2603,洛龙社区民族文化体育广场,昆明市,石洛段与彩云中路辅路交叉口东60米,1,4.20,0,generic_unsplash_fallback,https://images.unsplash.com/photo-1444723121867-7a241cacace9?auto=format&fit=crop&w=1200&q=80,https://images.unsplash.com/photo-1444723121867-7a241cacace9?auto=format&fit=crop&w=1200&q=80,"{城市广场,昆明市,云南省}"
2626,麻园米轨公园,昆明市,丰宁街道滇缅大道336号米轨公园麻园站,1,4.20,0,generic_unsplash_fallback,https://images.unsplash.com/photo-1500530855697-b586d89ba3ee?auto=format&fit=crop&w=1200&q=80,https://images.unsplash.com/photo-1500530855697-b586d89ba3ee?auto=format&fit=crop&w=1200&q=80,"{公园,昆明市,云南省}"
2625,弥勒寺公园,昆明市,西昌路249号(弥勒寺地铁站G1口步行50米),1,4.20,0,generic_unsplash_fallback,https://images.unsplash.com/photo-1500530855697-b586d89ba3ee?auto=format&fit=crop&w=1200&q=80,https://images.unsplash.com/photo-1500530855697-b586d89ba3ee?auto=format&fit=crop&w=1200&q=80,"{公园,昆明市,云南省}"
2628,莫奈花园,昆明市,海洪湿地北侧280米,1,4.20,0,generic_unsplash_fallback,https://images.unsplash.com/photo-1469854523086-cc02fe5d8800?auto=format&fit=crop&w=1200&q=80,https://images.unsplash.com/photo-1469854523086-cc02fe5d8800?auto=format&fit=crop&w=1200&q=80,"{风景名胜,昆明市,云南省}"
2572,缪家营客堂,昆明市,福宜高速与福宜高速出口交叉口东260米,1,4.20,0,generic_unsplash_fallback,https://images.unsplash.com/photo-1469854523086-cc02fe5d8800?auto=format&fit=crop&w=1200&q=80,https://images.unsplash.com/photo-1469854523086-cc02fe5d8800?auto=format&fit=crop&w=1200&q=80,"{旅游景点,昆明市,云南省}"
2567,沐春湖公园,昆明市,锦绣大街与G8511昆磨高速入口交叉口东南160米,1,4.20,0,generic_unsplash_fallback,https://images.unsplash.com/photo-1500530855697-b586d89ba3ee?auto=format&fit=crop&w=1200&q=80,https://images.unsplash.com/photo-1500530855697-b586d89ba3ee?auto=format&fit=crop&w=1200&q=80,"{公园广场,昆明市,云南省}"
2634,南滇池国家湿地公园,昆明市,洗冷段附近,1,4.20,0,generic_unsplash_fallback,https://images.unsplash.com/photo-1500530855697-b586d89ba3ee?auto=format&fit=crop&w=1200&q=80,https://images.unsplash.com/photo-1500530855697-b586d89ba3ee?auto=format&fit=crop&w=1200&q=80,"{国家级景点,昆明市,云南省}"
2560,潘祥记梦橙花园,昆明市,昆明大渔公园内(北侧)1号门6号,1,4.20,0,generic_unsplash_fallback,https://images.unsplash.com/photo-1469854523086-cc02fe5d8800?auto=format&fit=crop&w=1200&q=80,https://images.unsplash.com/photo-1469854523086-cc02fe5d8800?auto=format&fit=crop&w=1200&q=80,"{住宅小区,昆明市,云南省}"
2585,七彩云南古滇度假区,昆明市,环湖南路与与七彩迎宾大道交汇处东北侧,1,4.20,0,generic_unsplash_fallback,https://images.unsplash.com/photo-1469854523086-cc02fe5d8800?auto=format&fit=crop&w=1200&q=80,https://images.unsplash.com/photo-1469854523086-cc02fe5d8800?auto=format&fit=crop&w=1200&q=80,"{风景名胜,昆明市,云南省}"
2627,瑞士园公园,昆明市,星耀路延长线俊发滇池ONE斜对面,1,4.20,0,generic_unsplash_fallback,https://images.unsplash.com/photo-1500530855697-b586d89ba3ee?auto=format&fit=crop&w=1200&q=80,https://images.unsplash.com/photo-1500530855697-b586d89ba3ee?auto=format&fit=crop&w=1200&q=80,"{公园,昆明市,云南省}"
2609,三层观景台,昆明市,环湖东路捞渔河湿地公园内(西南角),1,4.20,0,generic_unsplash_fallback,https://images.unsplash.com/photo-1469854523086-cc02fe5d8800?auto=format&fit=crop&w=1200&q=80,https://images.unsplash.com/photo-1469854523086-cc02fe5d8800?auto=format&fit=crop&w=1200&q=80,"{观景点,昆明市,云南省}"
2633,沙滩,昆明市,环湖东路昆明捞渔河湿地公园(西南角),1,4.20,0,generic_unsplash_fallback,https://images.unsplash.com/photo-1469854523086-cc02fe5d8800?auto=format&fit=crop&w=1200&q=80,https://images.unsplash.com/photo-1469854523086-cc02fe5d8800?auto=format&fit=crop&w=1200&q=80,"{海滩,昆明市,云南省}"
2635,施家咀湿地,昆明市,阳宗海湿地(西南角),1,4.20,0,generic_unsplash_fallback,https://images.unsplash.com/photo-1469854523086-cc02fe5d8800?auto=format&fit=crop&w=1200&q=80,https://images.unsplash.com/photo-1469854523086-cc02fe5d8800?auto=format&fit=crop&w=1200&q=80,"{风景名胜,昆明市,云南省}"
2610,石林风景区,昆明市,石林街道,1,4.20,0,generic_unsplash_fallback,https://images.unsplash.com/photo-1469854523086-cc02fe5d8800?auto=format&fit=crop&w=1200&q=80,https://images.unsplash.com/photo-1469854523086-cc02fe5d8800?auto=format&fit=crop&w=1200&q=80,"{国家级景点,昆明市,云南省}"
2629,石盆寺公园,昆明市,普吉街道昆肖线8号,1,4.20,0,generic_unsplash_fallback,https://images.unsplash.com/photo-1500530855697-b586d89ba3ee?auto=format&fit=crop&w=1200&q=80,https://images.unsplash.com/photo-1500530855697-b586d89ba3ee?auto=format&fit=crop&w=1200&q=80,"{公园广场,昆明市,云南省}"
2589,世界园艺博览园,昆明市,白龙路439号,1,4.20,0,generic_unsplash_fallback,https://images.unsplash.com/photo-1469854523086-cc02fe5d8800?auto=format&fit=crop&w=1200&q=80,https://images.unsplash.com/photo-1469854523086-cc02fe5d8800?auto=format&fit=crop&w=1200&q=80,"{国家级景点,昆明市,云南省}"
2594,双拥公园,昆明市,驼峰街,1,4.20,0,generic_unsplash_fallback,https://images.unsplash.com/photo-1500530855697-b586d89ba3ee?auto=format&fit=crop&w=1200&q=80,https://images.unsplash.com/photo-1500530855697-b586d89ba3ee?auto=format&fit=crop&w=1200&q=80,"{公园,昆明市,云南省}"
2583,昙华寺公园,昆明市,昙华路533号,1,4.20,0,generic_unsplash_fallback,https://images.unsplash.com/photo-1500530855697-b586d89ba3ee?auto=format&fit=crop&w=1200&q=80,https://images.unsplash.com/photo-1500530855697-b586d89ba3ee?auto=format&fit=crop&w=1200&q=80,"{寺庙道观,昆明市,云南省}"
2591,万达广场(昆明呈贡店),昆明市,彩云南路与驼峰路交汇处西南角,1,4.20,0,generic_unsplash_fallback,https://images.unsplash.com/photo-1444723121867-7a241cacace9?auto=format&fit=crop&w=1200&q=80,https://images.unsplash.com/photo-1444723121867-7a241cacace9?auto=format&fit=crop&w=1200&q=80,"{旅游景点,昆明市,云南省}"
2561,王官湿地公园,昆明市,环湖东路附近,1,4.20,0,generic_unsplash_fallback,https://images.unsplash.com/photo-1500530855697-b586d89ba3ee?auto=format&fit=crop&w=1200&q=80,https://images.unsplash.com/photo-1500530855697-b586d89ba3ee?auto=format&fit=crop&w=1200&q=80,"{公园,昆明市,云南省}"
2606,五谷寺,昆明市,清和路与骆峰街交口(白龙潭地铁站A口步行440米),1,4.20,0,generic_unsplash_fallback,https://images.unsplash.com/photo-1513415756790-2ac1db1297d0?auto=format&fit=crop&w=1200&q=80,https://images.unsplash.com/photo-1513415756790-2ac1db1297d0?auto=format&fit=crop&w=1200&q=80,"{寺庙道观,昆明市,云南省}"
2619,西华园,昆明市,西坝路40号,1,4.20,0,generic_unsplash_fallback,https://images.unsplash.com/photo-1500530855697-b586d89ba3ee?auto=format&fit=crop&w=1200&q=80,https://images.unsplash.com/photo-1500530855697-b586d89ba3ee?auto=format&fit=crop&w=1200&q=80,"{公园,昆明市,云南省}"
2588,西山风景区,昆明市,西山公路,1,4.20,0,generic_unsplash_fallback,https://images.unsplash.com/photo-1469854523086-cc02fe5d8800?auto=format&fit=crop&w=1200&q=80,https://images.unsplash.com/photo-1469854523086-cc02fe5d8800?auto=format&fit=crop&w=1200&q=80,"{国家级景点,昆明市,云南省}"
2605,下沉广场,昆明市,彩云南路实力心城(春融街地铁站D口步行300米),1,4.20,0,generic_unsplash_fallback,https://images.unsplash.com/photo-1444723121867-7a241cacace9?auto=format&fit=crop&w=1200&q=80,https://images.unsplash.com/photo-1444723121867-7a241cacace9?auto=format&fit=crop&w=1200&q=80,"{城市广场,昆明市,云南省}"
2608,鲜花童话文旅城,昆明市,环湖东路与金桂街交叉口西140米,1,4.20,0,generic_unsplash_fallback,https://images.unsplash.com/photo-1469854523086-cc02fe5d8800?auto=format&fit=crop&w=1200&q=80,https://images.unsplash.com/photo-1469854523086-cc02fe5d8800?auto=format&fit=crop&w=1200&q=80,"{风景名胜,昆明市,云南省}"
2617,小人国主题公园,昆明市,碧鸡镇黑荞母村化底力二台坡蝴蝶生态园,1,4.20,0,generic_unsplash_fallback,https://images.unsplash.com/photo-1500530855697-b586d89ba3ee?auto=format&fit=crop&w=1200&q=80,https://images.unsplash.com/photo-1500530855697-b586d89ba3ee?auto=format&fit=crop&w=1200&q=80,"{风景名胜,昆明市,云南省}"
2597,小新册党建文化广场,昆明市,大新册段与景明北路交叉口西北480米,1,4.20,0,generic_unsplash_fallback,https://images.unsplash.com/photo-1444723121867-7a241cacace9?auto=format&fit=crop&w=1200&q=80,https://images.unsplash.com/photo-1444723121867-7a241cacace9?auto=format&fit=crop&w=1200&q=80,"{城市广场,昆明市,云南省}"
2580,迎龙寺,昆明市,大新册段晨农大厦西行200米,1,4.20,0,generic_unsplash_fallback,https://images.unsplash.com/photo-1513415756790-2ac1db1297d0?auto=format&fit=crop&w=1200&q=80,https://images.unsplash.com/photo-1513415756790-2ac1db1297d0?auto=format&fit=crop&w=1200&q=80,"{寺庙道观,昆明市,云南省}"
2611,庾园,昆明市,福海街道福海街道五家堆234号大观楼南园,1,4.20,0,generic_unsplash_fallback,https://images.unsplash.com/photo-1500530855697-b586d89ba3ee?auto=format&fit=crop&w=1200&q=80,https://images.unsplash.com/photo-1500530855697-b586d89ba3ee?auto=format&fit=crop&w=1200&q=80,"{公园,昆明市,云南省}"
2622,玉龙湾景区,昆明市,云南省昆明市安宁市玉龙湾影视城东北侧,1,4.20,0,generic_unsplash_fallback,https://images.unsplash.com/photo-1469854523086-cc02fe5d8800?auto=format&fit=crop&w=1200&q=80,https://images.unsplash.com/photo-1469854523086-cc02fe5d8800?auto=format&fit=crop&w=1200&q=80,"{风景名胜,昆明市,云南省}"
2620,月牙潭公园,昆明市,龙康路25-29号(近月牙塘小区),1,4.20,0,generic_unsplash_fallback,https://images.unsplash.com/photo-1500530855697-b586d89ba3ee?auto=format&fit=crop&w=1200&q=80,https://images.unsplash.com/photo-1500530855697-b586d89ba3ee?auto=format&fit=crop&w=1200&q=80,"{公园,昆明市,云南省}"
2581,云南大学呈贡校区玫瑰园,昆明市,广田东路与庆来西路交叉口西200米,1,4.20,0,generic_unsplash_fallback,https://images.unsplash.com/photo-1469854523086-cc02fe5d8800?auto=format&fit=crop&w=1200&q=80,https://images.unsplash.com/photo-1469854523086-cc02fe5d8800?auto=format&fit=crop&w=1200&q=80,"{风景名胜,昆明市,云南省}"
2574,云南果逸花谷宝珠梨文化旅游区,昆明市,吴家营街道缪家营社区,1,4.20,0,generic_unsplash_fallback,https://images.unsplash.com/photo-1469854523086-cc02fe5d8800?auto=format&fit=crop&w=1200&q=80,https://images.unsplash.com/photo-1469854523086-cc02fe5d8800?auto=format&fit=crop&w=1200&q=80,"{风景名胜,昆明市,云南省}"
2577,云南民族村,昆明市,滇池路1310号,1,4.20,0,generic_unsplash_fallback,https://images.unsplash.com/photo-1469854523086-cc02fe5d8800?auto=format&fit=crop&w=1200&q=80,https://images.unsplash.com/photo-1469854523086-cc02fe5d8800?auto=format&fit=crop&w=1200&q=80,"{国家级景点,昆明市,云南省}"
2573,云南民族大观园,昆明市,石安公路,1,4.20,0,generic_unsplash_fallback,https://images.unsplash.com/photo-1469854523086-cc02fe5d8800?auto=format&fit=crop&w=1200&q=80,https://images.unsplash.com/photo-1469854523086-cc02fe5d8800?auto=format&fit=crop&w=1200&q=80,"{国家级景点,昆明市,云南省}"
2569,云南省见义勇为英雄纪念碑刻,昆明市,春融街28号,1,4.20,0,generic_unsplash_fallback,https://images.unsplash.com/photo-1469854523086-cc02fe5d8800?auto=format&fit=crop&w=1200&q=80,https://images.unsplash.com/photo-1469854523086-cc02fe5d8800?auto=format&fit=crop&w=1200&q=80,"{纪念馆,昆明市,云南省}"
2602,张天虚故居,昆明市,龙城镇龙街正街7号,1,4.20,0,generic_unsplash_fallback,https://images.unsplash.com/photo-1469854523086-cc02fe5d8800?auto=format&fit=crop&w=1200&q=80,https://images.unsplash.com/photo-1469854523086-cc02fe5d8800?auto=format&fit=crop&w=1200&q=80,"{纪念馆,昆明市,云南省}"
2486,白塔,拉萨市,罗布林卡路2号,1,4.20,0,generic_unsplash_fallback,https://images.unsplash.com/photo-1444723121867-7a241cacace9?auto=format&fit=crop&w=1200&q=80,https://images.unsplash.com/photo-1444723121867-7a241cacace9?auto=format&fit=crop&w=1200&q=80,"{风景名胜,拉萨市,西藏自治区}"
2519,宝瓶山·旱地拔葱网红S湾打卡点,拉萨市,文成大道宝瓶山,1,4.20,0,generic_unsplash_fallback,https://images.unsplash.com/photo-1469854523086-cc02fe5d8800?auto=format&fit=crop&w=1200&q=80,https://images.unsplash.com/photo-1469854523086-cc02fe5d8800?auto=format&fit=crop&w=1200&q=80,"{风景名胜,拉萨市,西藏自治区}"
2532,泵巴热公园,拉萨市,香嘎大道与318国道交叉口东100米,1,4.20,0,generic_unsplash_fallback,https://images.unsplash.com/photo-1500530855697-b586d89ba3ee?auto=format&fit=crop&w=1200&q=80,https://images.unsplash.com/photo-1500530855697-b586d89ba3ee?auto=format&fit=crop&w=1200&q=80,"{公园,拉萨市,西藏自治区}"
2512,滨河体育公园,拉萨市,柳梧街道南环路辅路与金融路交叉口东北120米,1,4.20,0,generic_unsplash_fallback,https://images.unsplash.com/photo-1500530855697-b586d89ba3ee?auto=format&fit=crop&w=1200&q=80,https://images.unsplash.com/photo-1500530855697-b586d89ba3ee?auto=format&fit=crop&w=1200&q=80,"{公园,拉萨市,西藏自治区}"
2539,波林卡园,拉萨市,波林卡路与林廓东路南段交叉口西北160米,1,4.20,0,generic_unsplash_fallback,https://images.unsplash.com/photo-1500530855697-b586d89ba3ee?auto=format&fit=crop&w=1200&q=80,https://images.unsplash.com/photo-1500530855697-b586d89ba3ee?auto=format&fit=crop&w=1200&q=80,"{公园,拉萨市,西藏自治区}"
2475,布达拉宫,拉萨市,北京中路35号,1,4.20,0,generic_unsplash_fallback,https://images.unsplash.com/photo-1469854523086-cc02fe5d8800?auto=format&fit=crop&w=1200&q=80,https://images.unsplash.com/photo-1469854523086-cc02fe5d8800?auto=format&fit=crop&w=1200&q=80,"{世界遗产,拉萨市,西藏自治区}"
2501,布达拉宫观景台,拉萨市,雪莲花富氧观景酒店5层,1,4.20,0,generic_unsplash_fallback,https://images.unsplash.com/photo-1469854523086-cc02fe5d8800?auto=format&fit=crop&w=1200&q=80,https://images.unsplash.com/photo-1469854523086-cc02fe5d8800?auto=format&fit=crop&w=1200&q=80,"{观景点,拉萨市,西藏自治区}"
2477,布达拉宫广场,拉萨市,北京中路35号(西藏石油公司旁),1,4.20,0,generic_unsplash_fallback,https://images.unsplash.com/photo-1444723121867-7a241cacace9?auto=format&fit=crop&w=1200&q=80,https://images.unsplash.com/photo-1444723121867-7a241cacace9?auto=format&fit=crop&w=1200&q=80,"{城市广场,拉萨市,西藏自治区}"
2502,仓姑寺,拉萨市,八廓街道林廓南路29号,1,4.20,0,generic_unsplash_fallback,https://images.unsplash.com/photo-1513415756790-2ac1db1297d0?auto=format&fit=crop&w=1200&q=80,https://images.unsplash.com/photo-1513415756790-2ac1db1297d0?auto=format&fit=crop&w=1200&q=80,"{寺庙道观,拉萨市,西藏自治区}"
2510,慈觉林寺,拉萨市,城关区第十六双语幼儿园北侧约120米,1,4.20,0,generic_unsplash_fallback,https://images.unsplash.com/photo-1513415756790-2ac1db1297d0?auto=format&fit=crop&w=1200&q=80,https://images.unsplash.com/photo-1513415756790-2ac1db1297d0?auto=format&fit=crop&w=1200&q=80,"{寺庙道观,拉萨市,西藏自治区}"
2538,慈松格吉园,拉萨市,慈松塘东路(拉百退休基地旁边),1,4.20,0,generic_unsplash_fallback,https://images.unsplash.com/photo-1500530855697-b586d89ba3ee?auto=format&fit=crop&w=1200&q=80,https://images.unsplash.com/photo-1500530855697-b586d89ba3ee?auto=format&fit=crop&w=1200&q=80,"{公园,拉萨市,西藏自治区}"
2536,慈松塘公园,拉萨市,色拉北路便民警务站附近,1,4.20,0,generic_unsplash_fallback,https://images.unsplash.com/photo-1500530855697-b586d89ba3ee?auto=format&fit=crop&w=1200&q=80,https://images.unsplash.com/photo-1500530855697-b586d89ba3ee?auto=format&fit=crop&w=1200&q=80,"{公园,拉萨市,西藏自治区}"
2515,大昭城商场,拉萨市,八廓街与丹杰林路交叉路口往东约70米,1,4.20,0,generic_unsplash_fallback,https://images.unsplash.com/photo-1469854523086-cc02fe5d8800?auto=format&fit=crop&w=1200&q=80,https://images.unsplash.com/photo-1469854523086-cc02fe5d8800?auto=format&fit=crop&w=1200&q=80,"{城市广场,拉萨市,西藏自治区}"
2474,大昭寺,拉萨市,八廓西街2号,1,4.20,0,generic_unsplash_fallback,https://images.unsplash.com/photo-1513415756790-2ac1db1297d0?auto=format&fit=crop&w=1200&q=80,https://images.unsplash.com/photo-1513415756790-2ac1db1297d0?auto=format&fit=crop&w=1200&q=80,"{寺庙道观,拉萨市,西藏自治区}"
2504,丹杰林寺,拉萨市,丹杰林巷,1,4.20,0,generic_unsplash_fallback,https://images.unsplash.com/photo-1513415756790-2ac1db1297d0?auto=format&fit=crop&w=1200&q=80,https://images.unsplash.com/photo-1513415756790-2ac1db1297d0?auto=format&fit=crop&w=1200&q=80,"{寺庙道观,拉萨市,西藏自治区}"
2548,堆龙德庆区廉洁文化公园,拉萨市,团结路28-附19号,1,4.20,0,generic_unsplash_fallback,https://images.unsplash.com/photo-1500530855697-b586d89ba3ee?auto=format&fit=crop&w=1200&q=80,https://images.unsplash.com/photo-1500530855697-b586d89ba3ee?auto=format&fit=crop&w=1200&q=80,"{公园,拉萨市,西藏自治区}"
2523,堆龙德庆区民族团结主题公园,拉萨市,北京西路与金珠西路交叉口西220米,1,4.20,0,generic_unsplash_fallback,https://images.unsplash.com/photo-1500530855697-b586d89ba3ee?auto=format&fit=crop&w=1200&q=80,https://images.unsplash.com/photo-1500530855697-b586d89ba3ee?auto=format&fit=crop&w=1200&q=80,"{公园,拉萨市,西藏自治区}"
2544,堆龙中心公园,拉萨市,嘉敏路与平措塘路交叉口西北80米,1,4.20,0,generic_unsplash_fallback,https://images.unsplash.com/photo-1500530855697-b586d89ba3ee?auto=format&fit=crop&w=1200&q=80,https://images.unsplash.com/photo-1500530855697-b586d89ba3ee?auto=format&fit=crop&w=1200&q=80,"{公园,拉萨市,西藏自治区}"
2546,高原之宝,拉萨市,北京中路32号西藏禁毒主题公园,1,4.20,0,generic_unsplash_fallback,https://images.unsplash.com/photo-1469854523086-cc02fe5d8800?auto=format&fit=crop&w=1200&q=80,https://images.unsplash.com/photo-1469854523086-cc02fe5d8800?auto=format&fit=crop&w=1200&q=80,"{风景名胜,拉萨市,西藏自治区}"
2534,格桑花公园,拉萨市,娘热路与二环路十字路口,1,4.20,0,generic_unsplash_fallback,https://images.unsplash.com/photo-1500530855697-b586d89ba3ee?auto=format&fit=crop&w=1200&q=80,https://images.unsplash.com/photo-1500530855697-b586d89ba3ee?auto=format&fit=crop&w=1200&q=80,"{公园,拉萨市,西藏自治区}"
2503,功德林寺,拉萨市,公德林街道德吉中路13号,1,4.20,0,generic_unsplash_fallback,https://images.unsplash.com/photo-1513415756790-2ac1db1297d0?auto=format&fit=crop&w=1200&q=80,https://images.unsplash.com/photo-1513415756790-2ac1db1297d0?auto=format&fit=crop&w=1200&q=80,"{寺庙道观,拉萨市,西藏自治区}"
2520,贡布塘公园,拉萨市,贡布堂路6号,1,4.20,0,generic_unsplash_fallback,https://images.unsplash.com/photo-1500530855697-b586d89ba3ee?auto=format&fit=crop&w=1200&q=80,https://images.unsplash.com/photo-1500530855697-b586d89ba3ee?auto=format&fit=crop&w=1200&q=80,"{公园,拉萨市,西藏自治区}"
2537,和谐公园,拉萨市,夺底南路19号速8酒店大门口正对面正东方向80米,1,4.20,0,generic_unsplash_fallback,https://images.unsplash.com/photo-1500530855697-b586d89ba3ee?auto=format&fit=crop&w=1200&q=80,https://images.unsplash.com/photo-1500530855697-b586d89ba3ee?auto=format&fit=crop&w=1200&q=80,"{公园,拉萨市,西藏自治区}"
2509,河坝林公园,拉萨市,江苏路45号,1,4.20,0,generic_unsplash_fallback,https://images.unsplash.com/photo-1500530855697-b586d89ba3ee?auto=format&fit=crop&w=1200&q=80,https://images.unsplash.com/photo-1500530855697-b586d89ba3ee?auto=format&fit=crop&w=1200&q=80,"{公园,拉萨市,西藏自治区}"
2549,黑颈鹤,拉萨市,罗布林卡路21号罗布林卡内(西侧),1,4.20,0,generic_unsplash_fallback,https://images.unsplash.com/photo-1469854523086-cc02fe5d8800?auto=format&fit=crop&w=1200&q=80,https://images.unsplash.com/photo-1469854523086-cc02fe5d8800?auto=format&fit=crop&w=1200&q=80,"{旅游景点,拉萨市,西藏自治区}"
2506,红宫,拉萨市,康昂东路北段与康昂多北路交叉口西300米,1,4.20,0,generic_unsplash_fallback,https://images.unsplash.com/photo-1469854523086-cc02fe5d8800?auto=format&fit=crop&w=1200&q=80,https://images.unsplash.com/photo-1469854523086-cc02fe5d8800?auto=format&fit=crop&w=1200&q=80,"{旅游景点,拉萨市,西藏自治区}"
2524,经开河畔公园,拉萨市,"",1,4.20,0,generic_unsplash_fallback,https://images.unsplash.com/photo-1500530855697-b586d89ba3ee?auto=format&fit=crop&w=1200&q=80,https://images.unsplash.com/photo-1500530855697-b586d89ba3ee?auto=format&fit=crop&w=1200&q=80,"{公园,拉萨市,西藏自治区}"
2547,拉青公园,拉萨市,乃岗路与拉青西二路交叉口东北80米,1,4.20,0,generic_unsplash_fallback,https://images.unsplash.com/photo-1500530855697-b586d89ba3ee?auto=format&fit=crop&w=1200&q=80,https://images.unsplash.com/photo-1500530855697-b586d89ba3ee?auto=format&fit=crop&w=1200&q=80,"{公园,拉萨市,西藏自治区}"
2488,拉萨滨河公园,拉萨市,金珠东路25号,1,4.20,0,generic_unsplash_fallback,https://images.unsplash.com/photo-1500530855697-b586d89ba3ee?auto=format&fit=crop&w=1200&q=80,https://images.unsplash.com/photo-1500530855697-b586d89ba3ee?auto=format&fit=crop&w=1200&q=80,"{公园,拉萨市,西藏自治区}"
2542,拉萨健康公园,拉萨市,林琼岗路与博达路交叉口东南360米,1,4.20,0,generic_unsplash_fallback,https://images.unsplash.com/photo-1500530855697-b586d89ba3ee?auto=format&fit=crop&w=1200&q=80,https://images.unsplash.com/photo-1500530855697-b586d89ba3ee?auto=format&fit=crop&w=1200&q=80,"{公园,拉萨市,西藏自治区}"
2518,拉萨教育城林卡,拉萨市,学子大道与书山路交叉口东南140米,1,4.20,0,generic_unsplash_fallback,https://images.unsplash.com/photo-1500530855697-b586d89ba3ee?auto=format&fit=crop&w=1200&q=80,https://images.unsplash.com/photo-1500530855697-b586d89ba3ee?auto=format&fit=crop&w=1200&q=80,"{公园,拉萨市,西藏自治区}"
2531,拉萨经开区生态公园,拉萨市,林琼岗路,1,4.20,0,generic_unsplash_fallback,https://images.unsplash.com/photo-1500530855697-b586d89ba3ee?auto=format&fit=crop&w=1200&q=80,https://images.unsplash.com/photo-1500530855697-b586d89ba3ee?auto=format&fit=crop&w=1200&q=80,"{公园,拉萨市,西藏自治区}"
2485,拉萨山庄网红S弯,拉萨市,达瓦路e区,1,4.20,0,generic_unsplash_fallback,https://images.unsplash.com/photo-1469854523086-cc02fe5d8800?auto=format&fit=crop&w=1200&q=80,https://images.unsplash.com/photo-1469854523086-cc02fe5d8800?auto=format&fit=crop&w=1200&q=80,"{风景名胜,拉萨市,西藏自治区}"
2521,拉萨市中华文化公园,拉萨市,拉萨河两岸,1,4.20,0,generic_unsplash_fallback,https://images.unsplash.com/photo-1500530855697-b586d89ba3ee?auto=format&fit=crop&w=1200&q=80,https://images.unsplash.com/photo-1500530855697-b586d89ba3ee?auto=format&fit=crop&w=1200&q=80,"{公园,拉萨市,西藏自治区}"
2517,拉萨香巴拉宫酒店(大昭寺八廓街店),拉萨市,铁崩岗翁堆兴卡路二巷2号附近,1,4.20,0,generic_unsplash_fallback,https://images.unsplash.com/photo-1513415756790-2ac1db1297d0?auto=format&fit=crop&w=1200&q=80,https://images.unsplash.com/photo-1513415756790-2ac1db1297d0?auto=format&fit=crop&w=1200&q=80,"{旅游景点,拉萨市,西藏自治区}"
2535,两岛生态公园,拉萨市,太阳岛一路与环岛西路交叉口西北20米,1,4.20,0,generic_unsplash_fallback,https://images.unsplash.com/photo-1500530855697-b586d89ba3ee?auto=format&fit=crop&w=1200&q=80,https://images.unsplash.com/photo-1500530855697-b586d89ba3ee?auto=format&fit=crop&w=1200&q=80,"{公园,拉萨市,西藏自治区}"
2496,林琼公园,拉萨市,团结路与西一路交叉口东220米,1,4.20,0,generic_unsplash_fallback,https://images.unsplash.com/photo-1500530855697-b586d89ba3ee?auto=format&fit=crop&w=1200&q=80,https://images.unsplash.com/photo-1500530855697-b586d89ba3ee?auto=format&fit=crop&w=1200&q=80,"{公园广场,拉萨市,西藏自治区}"
2545,柳梧大桥游园,拉萨市,金珠中路36号,1,4.20,0,generic_unsplash_fallback,https://images.unsplash.com/photo-1500530855697-b586d89ba3ee?auto=format&fit=crop&w=1200&q=80,https://images.unsplash.com/photo-1500530855697-b586d89ba3ee?auto=format&fit=crop&w=1200&q=80,"{公园,拉萨市,西藏自治区}"
2525,柳梧中心公园,拉萨市,察古大道与桃李大街交叉口东南160米,1,4.20,0,generic_unsplash_fallback,https://images.unsplash.com/photo-1500530855697-b586d89ba3ee?auto=format&fit=crop&w=1200&q=80,https://images.unsplash.com/photo-1500530855697-b586d89ba3ee?auto=format&fit=crop&w=1200&q=80,"{公园,拉萨市,西藏自治区}"
2500,罗布公园,拉萨市,江冲路10号,1,4.20,0,generic_unsplash_fallback,https://images.unsplash.com/photo-1500530855697-b586d89ba3ee?auto=format&fit=crop&w=1200&q=80,https://images.unsplash.com/photo-1500530855697-b586d89ba3ee?auto=format&fit=crop&w=1200&q=80,"{公园,拉萨市,西藏自治区}"
2484,罗布林卡,拉萨市,罗堆东路,1,4.20,0,generic_unsplash_fallback,https://images.unsplash.com/photo-1469854523086-cc02fe5d8800?auto=format&fit=crop&w=1200&q=80,https://images.unsplash.com/photo-1469854523086-cc02fe5d8800?auto=format&fit=crop&w=1200&q=80,"{世界遗产,拉萨市,西藏自治区}"
2497,米琼日寺,拉萨市,"",1,4.20,0,generic_unsplash_fallback,https://images.unsplash.com/photo-1513415756790-2ac1db1297d0?auto=format&fit=crop&w=1200&q=80,https://images.unsplash.com/photo-1513415756790-2ac1db1297d0?auto=format&fit=crop&w=1200&q=80,"{寺庙道观,拉萨市,西藏自治区}"
2499,敏珠林寺藏香,拉萨市,八廓北街12号,1,4.20,0,generic_unsplash_fallback,https://images.unsplash.com/photo-1513415756790-2ac1db1297d0?auto=format&fit=crop&w=1200&q=80,https://images.unsplash.com/photo-1513415756790-2ac1db1297d0?auto=format&fit=crop&w=1200&q=80,"{寺庙道观,拉萨市,西藏自治区}"
2530,明珠园,拉萨市,娘热中路(拉萨市环境保护局附近),1,4.20,0,generic_unsplash_fallback,https://images.unsplash.com/photo-1500530855697-b586d89ba3ee?auto=format&fit=crop&w=1200&q=80,https://images.unsplash.com/photo-1500530855697-b586d89ba3ee?auto=format&fit=crop&w=1200&q=80,"{公园,拉萨市,西藏自治区}"
2514,纳如广场,拉萨市,热噶曲果路16号,1,4.20,0,generic_unsplash_fallback,https://images.unsplash.com/photo-1444723121867-7a241cacace9?auto=format&fit=crop&w=1200&q=80,https://images.unsplash.com/photo-1444723121867-7a241cacace9?auto=format&fit=crop&w=1200&q=80,"{城市广场,拉萨市,西藏自治区}"
2516,南迦户外露营装备集合店(总店),拉萨市,纳金街道岗廓路1号京街广场7号南迦露营用品集合店,1,4.20,0,generic_unsplash_fallback,https://images.unsplash.com/photo-1469854523086-cc02fe5d8800?auto=format&fit=crop&w=1200&q=80,https://images.unsplash.com/photo-1469854523086-cc02fe5d8800?auto=format&fit=crop&w=1200&q=80,"{旅游景点,拉萨市,西藏自治区}"
2481,南山公园,拉萨市,川藏公路,1,4.20,0,generic_unsplash_fallback,https://images.unsplash.com/photo-1500530855697-b586d89ba3ee?auto=format&fit=crop&w=1200&q=80,https://images.unsplash.com/photo-1500530855697-b586d89ba3ee?auto=format&fit=crop&w=1200&q=80,"{旅游景点,拉萨市,西藏自治区}"
2513,娘荣霞列空昂琦,拉萨市,江苏路10号,1,4.20,0,generic_unsplash_fallback,https://images.unsplash.com/photo-1469854523086-cc02fe5d8800?auto=format&fit=crop&w=1200&q=80,https://images.unsplash.com/photo-1469854523086-cc02fe5d8800?auto=format&fit=crop&w=1200&q=80,"{风景名胜,拉萨市,西藏自治区}"
2492,帕邦喀,拉萨市,娘热乡娘热街道北部色拉寺后山,1,4.20,0,generic_unsplash_fallback,https://images.unsplash.com/photo-1469854523086-cc02fe5d8800?auto=format&fit=crop&w=1200&q=80,https://images.unsplash.com/photo-1469854523086-cc02fe5d8800?auto=format&fit=crop&w=1200&q=80,"{寺庙道观,拉萨市,西藏自治区}"
2543,栖慧湖公园,拉萨市,云慧路与通慧路交叉口东南360米,1,4.20,0,generic_unsplash_fallback,https://images.unsplash.com/photo-1500530855697-b586d89ba3ee?auto=format&fit=crop&w=1200&q=80,https://images.unsplash.com/photo-1500530855697-b586d89ba3ee?auto=format&fit=crop&w=1200&q=80,"{公园,拉萨市,西藏自治区}"
2487,千佛崖,拉萨市,德吉南路与罗布林卡路交叉口东南320米,1,4.20,0,generic_unsplash_fallback,https://images.unsplash.com/photo-1469854523086-cc02fe5d8800?auto=format&fit=crop&w=1200&q=80,https://images.unsplash.com/photo-1469854523086-cc02fe5d8800?auto=format&fit=crop&w=1200&q=80,"{风景名胜,拉萨市,西藏自治区}"
2493,清政府驻藏大臣衙门,拉萨市,八廓街道吉日一巷16-4-7号,1,4.20,0,generic_unsplash_fallback,https://images.unsplash.com/photo-1469854523086-cc02fe5d8800?auto=format&fit=crop&w=1200&q=80,https://images.unsplash.com/photo-1469854523086-cc02fe5d8800?auto=format&fit=crop&w=1200&q=80,"{纪念馆,拉萨市,西藏自治区}"
2522,曲米路公园,拉萨市,娘热乡扎基西路明圣大酒店附近,1,4.20,0,generic_unsplash_fallback,https://images.unsplash.com/photo-1500530855697-b586d89ba3ee?auto=format&fit=crop&w=1200&q=80,https://images.unsplash.com/photo-1500530855697-b586d89ba3ee?auto=format&fit=crop&w=1200&q=80,"{公园,拉萨市,西藏自治区}"
2505,曲桑寺,拉萨市,娘热乡,1,4.20,0,generic_unsplash_fallback,https://images.unsplash.com/photo-1513415756790-2ac1db1297d0?auto=format&fit=crop&w=1200&q=80,https://images.unsplash.com/photo-1513415756790-2ac1db1297d0?auto=format&fit=crop&w=1200&q=80,"{风景名胜,拉萨市,西藏自治区}"
2479,色拉寺,拉萨市,色拉路1号,1,4.20,0,generic_unsplash_fallback,https://images.unsplash.com/photo-1513415756790-2ac1db1297d0?auto=format&fit=crop&w=1200&q=80,https://images.unsplash.com/photo-1513415756790-2ac1db1297d0?auto=format&fit=crop&w=1200&q=80,"{寺庙道观,拉萨市,西藏自治区}"
2495,天堂草原,拉萨市,蔡公堂乡慈觉林沟(次角林),1,4.20,0,generic_unsplash_fallback,https://images.unsplash.com/photo-1469854523086-cc02fe5d8800?auto=format&fit=crop&w=1200&q=80,https://images.unsplash.com/photo-1469854523086-cc02fe5d8800?auto=format&fit=crop&w=1200&q=80,"{旅游景点,拉萨市,西藏自治区}"
2526,天文公园,拉萨市,林琼岗路南150米,1,4.20,0,generic_unsplash_fallback,https://images.unsplash.com/photo-1500530855697-b586d89ba3ee?auto=format&fit=crop&w=1200&q=80,https://images.unsplash.com/photo-1500530855697-b586d89ba3ee?auto=format&fit=crop&w=1200&q=80,"{公园广场,拉萨市,西藏自治区}"
2491,团结公园,拉萨市,罗布林卡路6-附9号,1,4.20,0,generic_unsplash_fallback,https://images.unsplash.com/photo-1500530855697-b586d89ba3ee?auto=format&fit=crop&w=1200&q=80,https://images.unsplash.com/photo-1500530855697-b586d89ba3ee?auto=format&fit=crop&w=1200&q=80,"{公园,拉萨市,西藏自治区}"
2498,文成公主文化旅游主题园,拉萨市,蔡公堂乡慈觉林文成大道,1,4.20,0,generic_unsplash_fallback,https://images.unsplash.com/photo-1469854523086-cc02fe5d8800?auto=format&fit=crop&w=1200&q=80,https://images.unsplash.com/photo-1469854523086-cc02fe5d8800?auto=format&fit=crop&w=1200&q=80,"{国家级景点,拉萨市,西藏自治区}"
2527,卧龙山公园,拉萨市,东环路响冲小区东南侧约240米,1,4.20,0,generic_unsplash_fallback,https://images.unsplash.com/photo-1500530855697-b586d89ba3ee?auto=format&fit=crop&w=1200&q=80,https://images.unsplash.com/photo-1500530855697-b586d89ba3ee?auto=format&fit=crop&w=1200&q=80,"{公园,拉萨市,西藏自治区}"
2511,西藏会展中心广场,拉萨市,岗廓路与江苏大道交叉口东360米,1,4.20,0,generic_unsplash_fallback,https://images.unsplash.com/photo-1444723121867-7a241cacace9?auto=format&fit=crop&w=1200&q=80,https://images.unsplash.com/photo-1444723121867-7a241cacace9?auto=format&fit=crop&w=1200&q=80,"{城市广场,拉萨市,西藏自治区}"
2529,西藏禁毒主题公园,拉萨市,北京中路32号,1,4.20,0,generic_unsplash_fallback,https://images.unsplash.com/photo-1500530855697-b586d89ba3ee?auto=format&fit=crop&w=1200&q=80,https://images.unsplash.com/photo-1500530855697-b586d89ba3ee?auto=format&fit=crop&w=1200&q=80,"{公园,拉萨市,西藏自治区}"
2480,西藏拉萨清真大寺,拉萨市,东孜苏路6号,1,4.20,0,generic_unsplash_fallback,https://images.unsplash.com/photo-1513415756790-2ac1db1297d0?auto=format&fit=crop&w=1200&q=80,https://images.unsplash.com/photo-1513415756790-2ac1db1297d0?auto=format&fit=crop&w=1200&q=80,"{回教寺,拉萨市,西藏自治区}"
2494,下密寺,拉萨市,北京东路,1,4.20,0,generic_unsplash_fallback,https://images.unsplash.com/photo-1513415756790-2ac1db1297d0?auto=format&fit=crop&w=1200&q=80,https://images.unsplash.com/photo-1513415756790-2ac1db1297d0?auto=format&fit=crop&w=1200&q=80,"{寺庙道观,拉萨市,西藏自治区}"
2490,夏扎大院,拉萨市,八廓南街鲁固一巷13号,1,4.20,0,generic_unsplash_fallback,https://images.unsplash.com/photo-1469854523086-cc02fe5d8800?auto=format&fit=crop&w=1200&q=80,https://images.unsplash.com/photo-1469854523086-cc02fe5d8800?auto=format&fit=crop&w=1200&q=80,"{旅游景点,拉萨市,西藏自治区}"
2541,仙足岛滨河公园,拉萨市,滨河路与林廓东路南段交叉口南260米,1,4.20,0,generic_unsplash_fallback,https://images.unsplash.com/photo-1500530855697-b586d89ba3ee?auto=format&fit=crop&w=1200&q=80,https://images.unsplash.com/photo-1500530855697-b586d89ba3ee?auto=format&fit=crop&w=1200&q=80,"{公园,拉萨市,西藏自治区}"
2478,小昭寺,拉萨市,吉崩岗街道大昭寺向北500米,1,4.20,0,generic_unsplash_fallback,https://images.unsplash.com/photo-1513415756790-2ac1db1297d0?auto=format&fit=crop&w=1200&q=80,https://images.unsplash.com/photo-1513415756790-2ac1db1297d0?auto=format&fit=crop&w=1200&q=80,"{寺庙道观,拉萨市,西藏自治区}"
2483,药王山观景台,拉萨市,罗布林卡路2号,1,4.20,0,generic_unsplash_fallback,https://images.unsplash.com/photo-1469854523086-cc02fe5d8800?auto=format&fit=crop&w=1200&q=80,https://images.unsplash.com/photo-1469854523086-cc02fe5d8800?auto=format&fit=crop&w=1200&q=80,"{观景点,拉萨市,西藏自治区}"
2550,迎宾公园,拉萨市,世纪大道与通站路交叉口东北120米,1,4.20,0,generic_unsplash_fallback,https://images.unsplash.com/photo-1500530855697-b586d89ba3ee?auto=format&fit=crop&w=1200&q=80,https://images.unsplash.com/photo-1500530855697-b586d89ba3ee?auto=format&fit=crop&w=1200&q=80,"{公园,拉萨市,西藏自治区}"
2533,云天湖公园,拉萨市,达瓦路e区,1,4.20,0,generic_unsplash_fallback,https://images.unsplash.com/photo-1500530855697-b586d89ba3ee?auto=format&fit=crop&w=1200&q=80,https://images.unsplash.com/photo-1500530855697-b586d89ba3ee?auto=format&fit=crop&w=1200&q=80,"{公园,拉萨市,西藏自治区}"
2476,扎基寺,拉萨市,扎基东路(司法厅扎基退休小区对面),1,4.20,0,generic_unsplash_fallback,https://images.unsplash.com/photo-1513415756790-2ac1db1297d0?auto=format&fit=crop&w=1200&q=80,https://images.unsplash.com/photo-1513415756790-2ac1db1297d0?auto=format&fit=crop&w=1200&q=80,"{寺庙道观,拉萨市,西藏自治区}"
2507,扎叶巴寺,拉萨市,"",1,4.20,0,generic_unsplash_fallback,https://images.unsplash.com/photo-1513415756790-2ac1db1297d0?auto=format&fit=crop&w=1200&q=80,https://images.unsplash.com/photo-1513415756790-2ac1db1297d0?auto=format&fit=crop&w=1200&q=80,"{寺庙道观,拉萨市,西藏自治区}"
2489,哲蚌寺,拉萨市,北京西路276号(西郊根培乌孜山下),1,4.20,0,generic_unsplash_fallback,https://images.unsplash.com/photo-1513415756790-2ac1db1297d0?auto=format&fit=crop&w=1200&q=80,https://images.unsplash.com/photo-1513415756790-2ac1db1297d0?auto=format&fit=crop&w=1200&q=80,"{寺庙道观,拉萨市,西藏自治区}"
2540,镇江公园,拉萨市,德庆镇达孜县教师公寓318国道南,1,4.20,0,generic_unsplash_fallback,https://images.unsplash.com/photo-1500530855697-b586d89ba3ee?auto=format&fit=crop&w=1200&q=80,https://images.unsplash.com/photo-1500530855697-b586d89ba3ee?auto=format&fit=crop&w=1200&q=80,"{公园,拉萨市,西藏自治区}"
2528,卓梦体育公园,拉萨市,"",1,4.20,0,generic_unsplash_fallback,https://images.unsplash.com/photo-1500530855697-b586d89ba3ee?auto=format&fit=crop&w=1200&q=80,https://images.unsplash.com/photo-1500530855697-b586d89ba3ee?auto=format&fit=crop&w=1200&q=80,"{公园,拉萨市,西藏自治区}"
2482,宗角禄康公园,拉萨市,吉崩岗街道娘热南路9号(布达拉宫背后),1,4.20,0,generic_unsplash_fallback,https://images.unsplash.com/photo-1500530855697-b586d89ba3ee?auto=format&fit=crop&w=1200&q=80,https://images.unsplash.com/photo-1500530855697-b586d89ba3ee?auto=format&fit=crop&w=1200&q=80,"{公园,拉萨市,西藏自治区}"
2311,安宁仁寿山公园十一号大院,兰州市,安宁堡仁寿山公园,1,4.20,0,generic_unsplash_fallback,https://images.unsplash.com/photo-1500530855697-b586d89ba3ee?auto=format&fit=crop&w=1200&q=80,https://images.unsplash.com/photo-1500530855697-b586d89ba3ee?auto=format&fit=crop&w=1200&q=80,"{旅游景点,兰州市,甘肃省}"
2282,八路军驻兰办事处纪念馆,兰州市,酒泉路314号,1,4.20,0,generic_unsplash_fallback,https://images.unsplash.com/photo-1469854523086-cc02fe5d8800?auto=format&fit=crop&w=1200&q=80,https://images.unsplash.com/photo-1469854523086-cc02fe5d8800?auto=format&fit=crop&w=1200&q=80,"{红色景区,兰州市,甘肃省}"
2259,白塔山公园,兰州市,北滨河中路白塔山1号,1,4.20,0,generic_unsplash_fallback,https://images.unsplash.com/photo-1500530855697-b586d89ba3ee?auto=format&fit=crop&w=1200&q=80,https://images.unsplash.com/photo-1500530855697-b586d89ba3ee?auto=format&fit=crop&w=1200&q=80,"{公园,兰州市,甘肃省}"
2267,白云观,兰州市,南滨河东路987号,1,4.20,0,generic_unsplash_fallback,https://images.unsplash.com/photo-1469854523086-cc02fe5d8800?auto=format&fit=crop&w=1200&q=80,https://images.unsplash.com/photo-1469854523086-cc02fe5d8800?auto=format&fit=crop&w=1200&q=80,"{寺庙道观,兰州市,甘肃省}"
2307,百合公园,兰州市,敦煌路街道南滨河西路117号,1,4.20,0,generic_unsplash_fallback,https://images.unsplash.com/photo-1500530855697-b586d89ba3ee?auto=format&fit=crop&w=1200&q=80,https://images.unsplash.com/photo-1500530855697-b586d89ba3ee?auto=format&fit=crop&w=1200&q=80,"{公园,兰州市,甘肃省}"
2316,百花公园,兰州市,中川镇兰州新区,1,4.20,0,generic_unsplash_fallback,https://images.unsplash.com/photo-1500530855697-b586d89ba3ee?auto=format&fit=crop&w=1200&q=80,https://images.unsplash.com/photo-1500530855697-b586d89ba3ee?auto=format&fit=crop&w=1200&q=80,"{公园,兰州市,甘肃省}"
2321,百亩凤园,兰州市,碧桂园,1,4.20,0,generic_unsplash_fallback,https://images.unsplash.com/photo-1469854523086-cc02fe5d8800?auto=format&fit=crop&w=1200&q=80,https://images.unsplash.com/photo-1469854523086-cc02fe5d8800?auto=format&fit=crop&w=1200&q=80,"{旅游景点,兰州市,甘肃省}"
2295,彩陶博览园,兰州市,罗九公路东侧,1,4.20,0,generic_unsplash_fallback,https://images.unsplash.com/photo-1469854523086-cc02fe5d8800?auto=format&fit=crop&w=1200&q=80,https://images.unsplash.com/photo-1469854523086-cc02fe5d8800?auto=format&fit=crop&w=1200&q=80,"{风景名胜,兰州市,甘肃省}"
2269,邓园,兰州市,南滨河东路绿色公园对面,1,4.20,0,generic_unsplash_fallback,https://images.unsplash.com/photo-1469854523086-cc02fe5d8800?auto=format&fit=crop&w=1200&q=80,https://images.unsplash.com/photo-1469854523086-cc02fe5d8800?auto=format&fit=crop&w=1200&q=80,"{风景名胜,兰州市,甘肃省}"
2283,府城隍庙,兰州市,张掖路街道张掖路202号(近陇西路),1,4.20,0,generic_unsplash_fallback,https://images.unsplash.com/photo-1513415756790-2ac1db1297d0?auto=format&fit=crop&w=1200&q=80,https://images.unsplash.com/photo-1513415756790-2ac1db1297d0?auto=format&fit=crop&w=1200&q=80,"{风景名胜,兰州市,甘肃省}"
2301,甘露泉,兰州市,五泉南路103号五泉山公园内(南侧),1,4.20,0,generic_unsplash_fallback,https://images.unsplash.com/photo-1469854523086-cc02fe5d8800?auto=format&fit=crop&w=1200&q=80,https://images.unsplash.com/photo-1469854523086-cc02fe5d8800?auto=format&fit=crop&w=1200&q=80,"{风景名胜,兰州市,甘肃省}"
2264,黄河第一桥石碑,兰州市,靖远路街道南滨河路与中山路交叉口,1,4.20,0,generic_unsplash_fallback,https://images.unsplash.com/photo-1469854523086-cc02fe5d8800?auto=format&fit=crop&w=1200&q=80,https://images.unsplash.com/photo-1469854523086-cc02fe5d8800?auto=format&fit=crop&w=1200&q=80,"{旅游景点,兰州市,甘肃省}"
2262,黄河母亲雕塑,兰州市,西园街道滨河路中段(小西湖公园北侧),1,4.20,0,generic_unsplash_fallback,https://images.unsplash.com/photo-1469854523086-cc02fe5d8800?auto=format&fit=crop&w=1200&q=80,https://images.unsplash.com/photo-1469854523086-cc02fe5d8800?auto=format&fit=crop&w=1200&q=80,"{风景名胜,兰州市,甘肃省}"
2293,黄河母亲码头,兰州市,南滨河中路4号,1,4.20,0,generic_unsplash_fallback,https://images.unsplash.com/photo-1469854523086-cc02fe5d8800?auto=format&fit=crop&w=1200&q=80,https://images.unsplash.com/photo-1469854523086-cc02fe5d8800?auto=format&fit=crop&w=1200&q=80,"{风景名胜,兰州市,甘肃省}"
2268,黄河索道,兰州市,南滨河东路328号(中山桥向西400米处),1,4.20,0,generic_unsplash_fallback,https://images.unsplash.com/photo-1469854523086-cc02fe5d8800?auto=format&fit=crop&w=1200&q=80,https://images.unsplash.com/photo-1469854523086-cc02fe5d8800?auto=format&fit=crop&w=1200&q=80,"{旅游景点,兰州市,甘肃省}"
2302,惠泉,兰州市,五泉山公园内(西南角),1,4.20,0,generic_unsplash_fallback,https://images.unsplash.com/photo-1469854523086-cc02fe5d8800?auto=format&fit=crop&w=1200&q=80,https://images.unsplash.com/photo-1469854523086-cc02fe5d8800?auto=format&fit=crop&w=1200&q=80,"{旅游景点,兰州市,甘肃省}"
2327,霍去病主题公园,兰州市,雁北路,1,4.20,0,generic_unsplash_fallback,https://images.unsplash.com/photo-1500530855697-b586d89ba3ee?auto=format&fit=crop&w=1200&q=80,https://images.unsplash.com/photo-1500530855697-b586d89ba3ee?auto=format&fit=crop&w=1200&q=80,"{公园,兰州市,甘肃省}"
2304,金城公园,兰州市,四季青街道公园路1号,1,4.20,0,generic_unsplash_fallback,https://images.unsplash.com/photo-1500530855697-b586d89ba3ee?auto=format&fit=crop&w=1200&q=80,https://images.unsplash.com/photo-1500530855697-b586d89ba3ee?auto=format&fit=crop&w=1200&q=80,"{公园,兰州市,甘肃省}"
2281,金城关文化博览园,兰州市,北滨河中路450号,1,4.20,0,generic_unsplash_fallback,https://images.unsplash.com/photo-1469854523086-cc02fe5d8800?auto=format&fit=crop&w=1200&q=80,https://images.unsplash.com/photo-1469854523086-cc02fe5d8800?auto=format&fit=crop&w=1200&q=80,"{风景名胜,兰州市,甘肃省}"
2285,金城盆景园,兰州市,南昌路797号,1,4.20,0,generic_unsplash_fallback,https://images.unsplash.com/photo-1500530855697-b586d89ba3ee?auto=format&fit=crop&w=1200&q=80,https://images.unsplash.com/photo-1500530855697-b586d89ba3ee?auto=format&fit=crop&w=1200&q=80,"{公园,兰州市,甘肃省}"
2286,金轮广场,兰州市,和政东街77号,1,4.20,0,generic_unsplash_fallback,https://images.unsplash.com/photo-1444723121867-7a241cacace9?auto=format&fit=crop&w=1200&q=80,https://images.unsplash.com/photo-1444723121867-7a241cacace9?auto=format&fit=crop&w=1200&q=80,"{城市广场,兰州市,甘肃省}"
2272,兰哈顿,兰州市,伏龙坪后街293号,1,4.20,0,generic_unsplash_fallback,https://images.unsplash.com/photo-1469854523086-cc02fe5d8800?auto=format&fit=crop&w=1200&q=80,https://images.unsplash.com/photo-1469854523086-cc02fe5d8800?auto=format&fit=crop&w=1200&q=80,"{风景名胜,兰州市,甘肃省}"
2265,兰山公园,兰州市,头营村X127县道南山路,1,4.20,0,generic_unsplash_fallback,https://images.unsplash.com/photo-1500530855697-b586d89ba3ee?auto=format&fit=crop&w=1200&q=80,https://images.unsplash.com/photo-1500530855697-b586d89ba3ee?auto=format&fit=crop&w=1200&q=80,"{公园,兰州市,甘肃省}"
2280,兰山公园半山门牌坊,兰州市,伏龙坪后街293号,1,4.20,0,generic_unsplash_fallback,https://images.unsplash.com/photo-1500530855697-b586d89ba3ee?auto=format&fit=crop&w=1200&q=80,https://images.unsplash.com/photo-1500530855697-b586d89ba3ee?auto=format&fit=crop&w=1200&q=80,"{旅游景点,兰州市,甘肃省}"
2276,兰山公园二台阁,兰州市,"",1,4.20,0,generic_unsplash_fallback,https://images.unsplash.com/photo-1500530855697-b586d89ba3ee?auto=format&fit=crop&w=1200&q=80,https://images.unsplash.com/photo-1500530855697-b586d89ba3ee?auto=format&fit=crop&w=1200&q=80,"{旅游景点,兰州市,甘肃省}"
2278,兰州碑林,兰州市,靖远路街道北滨河中路与金城路交叉口东北460米,1,4.20,0,generic_unsplash_fallback,https://images.unsplash.com/photo-1469854523086-cc02fe5d8800?auto=format&fit=crop&w=1200&q=80,https://images.unsplash.com/photo-1469854523086-cc02fe5d8800?auto=format&fit=crop&w=1200&q=80,"{旅游景点,兰州市,甘肃省}"
2323,兰州北山凤凰台森林公园,兰州市,北环路九州段西侧北山林场上山,1,4.20,0,generic_unsplash_fallback,https://images.unsplash.com/photo-1500530855697-b586d89ba3ee?auto=format&fit=crop&w=1200&q=80,https://images.unsplash.com/photo-1500530855697-b586d89ba3ee?auto=format&fit=crop&w=1200&q=80,"{公园,兰州市,甘肃省}"
2309,兰州海洋公园,兰州市,高新区定远镇西平路和龙海街交汇处,1,4.20,0,generic_unsplash_fallback,https://images.unsplash.com/photo-1500530855697-b586d89ba3ee?auto=format&fit=crop&w=1200&q=80,https://images.unsplash.com/photo-1500530855697-b586d89ba3ee?auto=format&fit=crop&w=1200&q=80,"{水族馆,兰州市,甘肃省}"
2299,兰州黄河游轮,兰州市,北滨河中路406号,1,4.20,0,generic_unsplash_fallback,https://images.unsplash.com/photo-1469854523086-cc02fe5d8800?auto=format&fit=crop&w=1200&q=80,https://images.unsplash.com/photo-1469854523086-cc02fe5d8800?auto=format&fit=crop&w=1200&q=80,"{旅游景点,兰州市,甘肃省}"
2284,兰州极地海洋世界,兰州市,建西东路303号,1,4.20,0,generic_unsplash_fallback,https://images.unsplash.com/photo-1469854523086-cc02fe5d8800?auto=format&fit=crop&w=1200&q=80,https://images.unsplash.com/photo-1469854523086-cc02fe5d8800?auto=format&fit=crop&w=1200&q=80,"{水族馆,兰州市,甘肃省}"
2289,兰州老街,兰州市,西津西路606号,1,4.20,0,generic_unsplash_fallback,https://images.unsplash.com/photo-1519608487953-e999c86e7455?auto=format&fit=crop&w=1200&q=80,https://images.unsplash.com/photo-1519608487953-e999c86e7455?auto=format&fit=crop&w=1200&q=80,"{旅游景点,兰州市,甘肃省}"
2314,兰州秦王川国家湿地公园,兰州市,中川街知豆电动车南门,1,4.20,0,generic_unsplash_fallback,https://images.unsplash.com/photo-1500530855697-b586d89ba3ee?auto=format&fit=crop&w=1200&q=80,https://images.unsplash.com/photo-1500530855697-b586d89ba3ee?auto=format&fit=crop&w=1200&q=80,"{公园,兰州市,甘肃省}"
2305,兰州石佛沟国家森林公园,兰州市,岘口子山石佛沟5号,1,4.20,0,generic_unsplash_fallback,https://images.unsplash.com/photo-1500530855697-b586d89ba3ee?auto=format&fit=crop&w=1200&q=80,https://images.unsplash.com/photo-1500530855697-b586d89ba3ee?auto=format&fit=crop&w=1200&q=80,"{风景名胜,兰州市,甘肃省}"
2308,兰州市法治文化公园,兰州市,黄河风情线七里河百合公园东侧,1,4.20,0,generic_unsplash_fallback,https://images.unsplash.com/photo-1500530855697-b586d89ba3ee?auto=format&fit=crop&w=1200&q=80,https://images.unsplash.com/photo-1500530855697-b586d89ba3ee?auto=format&fit=crop&w=1200&q=80,"{公园,兰州市,甘肃省}"
2298,兰州市基督教山字石礼拜堂,兰州市,张掖路92号,1,4.20,0,generic_unsplash_fallback,https://images.unsplash.com/photo-1469854523086-cc02fe5d8800?auto=format&fit=crop&w=1200&q=80,https://images.unsplash.com/photo-1469854523086-cc02fe5d8800?auto=format&fit=crop&w=1200&q=80,"{教堂,兰州市,甘肃省}"
2279,兰州市烈士陵园,兰州市,八里镇华林路529号,1,4.20,0,generic_unsplash_fallback,https://images.unsplash.com/photo-1469854523086-cc02fe5d8800?auto=format&fit=crop&w=1200&q=80,https://images.unsplash.com/photo-1469854523086-cc02fe5d8800?auto=format&fit=crop&w=1200&q=80,"{风景名胜,兰州市,甘肃省}"
2271,兰州市民广场,兰州市,南滨河东路526号,1,4.20,0,generic_unsplash_fallback,https://images.unsplash.com/photo-1444723121867-7a241cacace9?auto=format&fit=crop&w=1200&q=80,https://images.unsplash.com/photo-1444723121867-7a241cacace9?auto=format&fit=crop&w=1200&q=80,"{城市广场,兰州市,甘肃省}"
2263,兰州水车园,兰州市,南滨河中路4号,1,4.20,0,generic_unsplash_fallback,https://images.unsplash.com/photo-1469854523086-cc02fe5d8800?auto=format&fit=crop&w=1200&q=80,https://images.unsplash.com/photo-1469854523086-cc02fe5d8800?auto=format&fit=crop&w=1200&q=80,"{国家级景点,兰州市,甘肃省}"
2274,兰州西关清真大寺,兰州市,萃英门(西关地铁站C1口步行340米),1,4.20,0,generic_unsplash_fallback,https://images.unsplash.com/photo-1513415756790-2ac1db1297d0?auto=format&fit=crop&w=1200&q=80,https://images.unsplash.com/photo-1513415756790-2ac1db1297d0?auto=format&fit=crop&w=1200&q=80,"{回教寺,兰州市,甘肃省}"
2326,兰州新区中川体育公园,兰州市,彩虹城B区东门对面、兰州新区管委会北侧,1,4.20,0,generic_unsplash_fallback,https://images.unsplash.com/photo-1500530855697-b586d89ba3ee?auto=format&fit=crop&w=1200&q=80,https://images.unsplash.com/photo-1500530855697-b586d89ba3ee?auto=format&fit=crop&w=1200&q=80,"{公园,兰州市,甘肃省}"
2296,兰州站站前广场,兰州市,兰州火车站地铁站C口步行170米,1,4.20,0,generic_unsplash_fallback,https://images.unsplash.com/photo-1444723121867-7a241cacace9?auto=format&fit=crop&w=1200&q=80,https://images.unsplash.com/photo-1444723121867-7a241cacace9?auto=format&fit=crop&w=1200&q=80,"{城市广场,兰州市,甘肃省}"
2317,龙源公园,兰州市,北滨河中路,1,4.20,0,generic_unsplash_fallback,https://images.unsplash.com/photo-1500530855697-b586d89ba3ee?auto=format&fit=crop&w=1200&q=80,https://images.unsplash.com/photo-1500530855697-b586d89ba3ee?auto=format&fit=crop&w=1200&q=80,"{公园,兰州市,甘肃省}"
2270,马拉松文化主题公园,兰州市,盐场路街道盐场路街道人民路,1,4.20,0,generic_unsplash_fallback,https://images.unsplash.com/photo-1500530855697-b586d89ba3ee?auto=format&fit=crop&w=1200&q=80,https://images.unsplash.com/photo-1500530855697-b586d89ba3ee?auto=format&fit=crop&w=1200&q=80,"{公园,兰州市,甘肃省}"
2315,马滩湿地公园,兰州市,南滨河中路银滩大桥东,1,4.20,0,generic_unsplash_fallback,https://images.unsplash.com/photo-1500530855697-b586d89ba3ee?auto=format&fit=crop&w=1200&q=80,https://images.unsplash.com/photo-1500530855697-b586d89ba3ee?auto=format&fit=crop&w=1200&q=80,"{风景名胜,兰州市,甘肃省}"
2325,南山森林公园,兰州市,南绕城高速,1,4.20,0,generic_unsplash_fallback,https://images.unsplash.com/photo-1500530855697-b586d89ba3ee?auto=format&fit=crop&w=1200&q=80,https://images.unsplash.com/photo-1500530855697-b586d89ba3ee?auto=format&fit=crop&w=1200&q=80,"{公园,兰州市,甘肃省}"
2318,彭家坪都市文化休闲公园,兰州市,西坪街路东,1,4.20,0,generic_unsplash_fallback,https://images.unsplash.com/photo-1500530855697-b586d89ba3ee?auto=format&fit=crop&w=1200&q=80,https://images.unsplash.com/photo-1500530855697-b586d89ba3ee?auto=format&fit=crop&w=1200&q=80,"{公园,兰州市,甘肃省}"
2273,清·兰山书院旧址,兰州市,广武门兰州市第三中学(秦安路),1,4.20,0,generic_unsplash_fallback,https://images.unsplash.com/photo-1469854523086-cc02fe5d8800?auto=format&fit=crop&w=1200&q=80,https://images.unsplash.com/photo-1469854523086-cc02fe5d8800?auto=format&fit=crop&w=1200&q=80,"{旅游景点,兰州市,甘肃省}"
2322,人民公园,兰州市,城关镇纬七路,1,4.20,0,generic_unsplash_fallback,https://images.unsplash.com/photo-1500530855697-b586d89ba3ee?auto=format&fit=crop&w=1200&q=80,https://images.unsplash.com/photo-1500530855697-b586d89ba3ee?auto=format&fit=crop&w=1200&q=80,"{公园,兰州市,甘肃省}"
2310,仁寿山公园,兰州市,安宁堡,1,4.20,0,generic_unsplash_fallback,https://images.unsplash.com/photo-1500530855697-b586d89ba3ee?auto=format&fit=crop&w=1200&q=80,https://images.unsplash.com/photo-1500530855697-b586d89ba3ee?auto=format&fit=crop&w=1200&q=80,"{公园,兰州市,甘肃省}"
2300,瑞德摩尔,兰州市,东岗东路2259号(五里铺地铁站F2口步行90米),1,4.20,0,generic_unsplash_fallback,https://images.unsplash.com/photo-1519608487953-e999c86e7455?auto=format&fit=crop&w=1200&q=80,https://images.unsplash.com/photo-1519608487953-e999c86e7455?auto=format&fit=crop&w=1200&q=80,"{特色商业街,兰州市,甘肃省}"
2287,三台阁牌坊,兰州市,伏龙坪街道伏龙坪街道,1,4.20,0,generic_unsplash_fallback,https://images.unsplash.com/photo-1469854523086-cc02fe5d8800?auto=format&fit=crop&w=1200&q=80,https://images.unsplash.com/photo-1469854523086-cc02fe5d8800?auto=format&fit=crop&w=1200&q=80,"{风景名胜,兰州市,甘肃省}"
2257,水车博览园,兰州市,南滨河东路524号,1,4.20,0,generic_unsplash_fallback,https://images.unsplash.com/photo-1469854523086-cc02fe5d8800?auto=format&fit=crop&w=1200&q=80,https://images.unsplash.com/photo-1469854523086-cc02fe5d8800?auto=format&fit=crop&w=1200&q=80,"{国家级景点,兰州市,甘肃省}"
2292,滩尖子原生态湿地公园,兰州市,雁滩黄河大桥桥下,1,4.20,0,generic_unsplash_fallback,https://images.unsplash.com/photo-1500530855697-b586d89ba3ee?auto=format&fit=crop&w=1200&q=80,https://images.unsplash.com/photo-1500530855697-b586d89ba3ee?auto=format&fit=crop&w=1200&q=80,"{风景名胜,兰州市,甘肃省}"
2312,吐鲁沟国家森林公园,兰州市,连城镇吐鲁沟,1,4.20,0,generic_unsplash_fallback,https://images.unsplash.com/photo-1500530855697-b586d89ba3ee?auto=format&fit=crop&w=1200&q=80,https://images.unsplash.com/photo-1500530855697-b586d89ba3ee?auto=format&fit=crop&w=1200&q=80,"{国家级景点,兰州市,甘肃省}"
2288,望河亭,兰州市,南滨河东路(兰州市体育公园东北侧约50米),1,4.20,0,generic_unsplash_fallback,https://images.unsplash.com/photo-1469854523086-cc02fe5d8800?auto=format&fit=crop&w=1200&q=80,https://images.unsplash.com/photo-1469854523086-cc02fe5d8800?auto=format&fit=crop&w=1200&q=80,"{风景名胜,兰州市,甘肃省}"
2319,文曲湖人防主题公园,兰州市,湘江街与雁荡山路交叉口西南100米,1,4.20,0,generic_unsplash_fallback,https://images.unsplash.com/photo-1500530855697-b586d89ba3ee?auto=format&fit=crop&w=1200&q=80,https://images.unsplash.com/photo-1500530855697-b586d89ba3ee?auto=format&fit=crop&w=1200&q=80,"{公园,兰州市,甘肃省}"
2290,文殊院,兰州市,山字石街12(省政府地铁站A口步行340米),1,4.20,0,generic_unsplash_fallback,https://images.unsplash.com/photo-1469854523086-cc02fe5d8800?auto=format&fit=crop&w=1200&q=80,https://images.unsplash.com/photo-1469854523086-cc02fe5d8800?auto=format&fit=crop&w=1200&q=80,"{风景名胜,兰州市,甘肃省}"
2258,五泉山公园,兰州市,五泉南路103号,1,4.20,0,generic_unsplash_fallback,https://images.unsplash.com/photo-1500530855697-b586d89ba3ee?auto=format&fit=crop&w=1200&q=80,https://images.unsplash.com/photo-1500530855697-b586d89ba3ee?auto=format&fit=crop&w=1200&q=80,"{风景名胜,兰州市,甘肃省}"
2297,五泉山早市,兰州市,雅青花园,1,4.20,0,generic_unsplash_fallback,https://images.unsplash.com/photo-1469854523086-cc02fe5d8800?auto=format&fit=crop&w=1200&q=80,https://images.unsplash.com/photo-1469854523086-cc02fe5d8800?auto=format&fit=crop&w=1200&q=80,"{旅游景点,兰州市,甘肃省}"
2294,五一劳动文化公园,兰州市,"",1,4.20,0,generic_unsplash_fallback,https://images.unsplash.com/photo-1500530855697-b586d89ba3ee?auto=format&fit=crop&w=1200&q=80,https://images.unsplash.com/photo-1500530855697-b586d89ba3ee?auto=format&fit=crop&w=1200&q=80,"{公园,兰州市,甘肃省}"
2261,五一山省级森林生态旅游区,兰州市,五一山,1,4.20,0,generic_unsplash_fallback,https://images.unsplash.com/photo-1469854523086-cc02fe5d8800?auto=format&fit=crop&w=1200&q=80,https://images.unsplash.com/photo-1469854523086-cc02fe5d8800?auto=format&fit=crop&w=1200&q=80,"{省级景点,兰州市,甘肃省}"
2324,西沙公园,兰州市,环行中路与109国道交叉口东北40米,1,4.20,0,generic_unsplash_fallback,https://images.unsplash.com/photo-1500530855697-b586d89ba3ee?auto=format&fit=crop&w=1200&q=80,https://images.unsplash.com/photo-1500530855697-b586d89ba3ee?auto=format&fit=crop&w=1200&q=80,"{公园,兰州市,甘肃省}"
2260,小西湖,兰州市,西津东路229号(小西湖地铁站A口步行240米),1,4.20,0,generic_unsplash_fallback,https://images.unsplash.com/photo-1500530855697-b586d89ba3ee?auto=format&fit=crop&w=1200&q=80,https://images.unsplash.com/photo-1500530855697-b586d89ba3ee?auto=format&fit=crop&w=1200&q=80,"{公园,兰州市,甘肃省}"
2303,小西湖公园透绿文化长廊,兰州市,西津东路253号小西湖公园,1,4.20,0,generic_unsplash_fallback,https://images.unsplash.com/photo-1500530855697-b586d89ba3ee?auto=format&fit=crop&w=1200&q=80,https://images.unsplash.com/photo-1500530855697-b586d89ba3ee?auto=format&fit=crop&w=1200&q=80,"{旅游景点,兰州市,甘肃省}"
2277,徐家山国家森林公园,兰州市,盐场路枣树沟18号,1,4.20,0,generic_unsplash_fallback,https://images.unsplash.com/photo-1500530855697-b586d89ba3ee?auto=format&fit=crop&w=1200&q=80,https://images.unsplash.com/photo-1500530855697-b586d89ba3ee?auto=format&fit=crop&w=1200&q=80,"{国家级景点,兰州市,甘肃省}"
2291,颐园,兰州市,南滨河东路老年公园,1,4.20,0,generic_unsplash_fallback,https://images.unsplash.com/photo-1500530855697-b586d89ba3ee?auto=format&fit=crop&w=1200&q=80,https://images.unsplash.com/photo-1500530855697-b586d89ba3ee?auto=format&fit=crop&w=1200&q=80,"{公园,兰州市,甘肃省}"
2306,银滩湿地公园,兰州市,银滩路街道北滨河路银滩大桥北(近甘肃农业大学),1,4.20,0,generic_unsplash_fallback,https://images.unsplash.com/photo-1500530855697-b586d89ba3ee?auto=format&fit=crop&w=1200&q=80,https://images.unsplash.com/photo-1500530855697-b586d89ba3ee?auto=format&fit=crop&w=1200&q=80,"{公园,兰州市,甘肃省}"
2275,元通黄河桥,兰州市,元通大桥与北滨河中路交叉口南100米,1,4.20,0,generic_unsplash_fallback,https://images.unsplash.com/photo-1469854523086-cc02fe5d8800?auto=format&fit=crop&w=1200&q=80,https://images.unsplash.com/photo-1469854523086-cc02fe5d8800?auto=format&fit=crop&w=1200&q=80,"{风景名胜,兰州市,甘肃省}"
2256,中山桥,兰州市,南滨河路与中山路交叉口,1,4.20,0,generic_unsplash_fallback,https://images.unsplash.com/photo-1469854523086-cc02fe5d8800?auto=format&fit=crop&w=1200&q=80,https://images.unsplash.com/photo-1469854523086-cc02fe5d8800?auto=format&fit=crop&w=1200&q=80,"{风景名胜,兰州市,甘肃省}"
2802,白龙苑,丽江市,长水路181号,1,4.20,0,generic_unsplash_fallback,https://images.unsplash.com/photo-1500530855697-b586d89ba3ee?auto=format&fit=crop&w=1200&q=80,https://images.unsplash.com/photo-1500530855697-b586d89ba3ee?auto=format&fit=crop&w=1200&q=80,"{公园,丽江市,云南省}"
2757,白沙古镇,丽江市,白沙镇,1,4.20,0,generic_unsplash_fallback,https://images.unsplash.com/photo-1469854523086-cc02fe5d8800?auto=format&fit=crop&w=1200&q=80,https://images.unsplash.com/photo-1469854523086-cc02fe5d8800?auto=format&fit=crop&w=1200&q=80,"{风景名胜,丽江市,云南省}"
2799,白云山公园,丽江市,程海白云寺东侧,1,4.20,0,generic_unsplash_fallback,https://images.unsplash.com/photo-1500530855697-b586d89ba3ee?auto=format&fit=crop&w=1200&q=80,https://images.unsplash.com/photo-1500530855697-b586d89ba3ee?auto=format&fit=crop&w=1200&q=80,"{公园,丽江市,云南省}"
2807,宝华寺公园,丽江市,南口路与玉兴东路交汇处东南150米,1,4.20,0,generic_unsplash_fallback,https://images.unsplash.com/photo-1500530855697-b586d89ba3ee?auto=format&fit=crop&w=1200&q=80,https://images.unsplash.com/photo-1500530855697-b586d89ba3ee?auto=format&fit=crop&w=1200&q=80,"{公园,丽江市,云南省}"
2747,北门里,丽江市,大研街道办事处五一街居委会五一街兴仁上段36号北门里1栋110~111铺,1,4.20,0,generic_unsplash_fallback,https://images.unsplash.com/photo-1469854523086-cc02fe5d8800?auto=format&fit=crop&w=1200&q=80,https://images.unsplash.com/photo-1469854523086-cc02fe5d8800?auto=format&fit=crop&w=1200&q=80,"{旅游景点,丽江市,云南省}"
2735,大石桥,丽江市,丽江古城,1,4.20,0,generic_unsplash_fallback,https://images.unsplash.com/photo-1469854523086-cc02fe5d8800?auto=format&fit=crop&w=1200&q=80,https://images.unsplash.com/photo-1469854523086-cc02fe5d8800?auto=format&fit=crop&w=1200&q=80,"{旅游景点,丽江市,云南省}"
2731,大研花巷,丽江市,大研街道金虹路6号(近古城北门),1,4.20,0,generic_unsplash_fallback,https://images.unsplash.com/photo-1469854523086-cc02fe5d8800?auto=format&fit=crop&w=1200&q=80,https://images.unsplash.com/photo-1469854523086-cc02fe5d8800?auto=format&fit=crop&w=1200&q=80,"{旅游景点,丽江市,云南省}"
2732,古城南门牌坊,丽江市,祥和路,1,4.20,0,generic_unsplash_fallback,https://images.unsplash.com/photo-1469854523086-cc02fe5d8800?auto=format&fit=crop&w=1200&q=80,https://images.unsplash.com/photo-1469854523086-cc02fe5d8800?auto=format&fit=crop&w=1200&q=80,"{旅游景点,丽江市,云南省}"
2784,哈里谷酒吧街,丽江市,束河镇束河古镇(西南角),1,4.20,0,generic_unsplash_fallback,https://images.unsplash.com/photo-1519608487953-e999c86e7455?auto=format&fit=crop&w=1200&q=80,https://images.unsplash.com/photo-1519608487953-e999c86e7455?auto=format&fit=crop&w=1200&q=80,"{旅游景点,丽江市,云南省}"
2805,河滨公园,丽江市,中和花园相邻,1,4.20,0,generic_unsplash_fallback,https://images.unsplash.com/photo-1500530855697-b586d89ba3ee?auto=format&fit=crop&w=1200&q=80,https://images.unsplash.com/photo-1500530855697-b586d89ba3ee?auto=format&fit=crop&w=1200&q=80,"{公园,丽江市,云南省}"
2733,黑龙潭,丽江市,民主路1号,1,4.20,0,generic_unsplash_fallback,https://images.unsplash.com/photo-1469854523086-cc02fe5d8800?auto=format&fit=crop&w=1200&q=80,https://images.unsplash.com/photo-1469854523086-cc02fe5d8800?auto=format&fit=crop&w=1200&q=80,"{国家级景点,丽江市,云南省}"
2787,黑龙潭公园-得月楼,丽江市,黑龙潭公园古城区文化馆对面(古戏台向内20米),1,4.20,0,generic_unsplash_fallback,https://images.unsplash.com/photo-1500530855697-b586d89ba3ee?auto=format&fit=crop&w=1200&q=80,https://images.unsplash.com/photo-1500530855697-b586d89ba3ee?auto=format&fit=crop&w=1200&q=80,"{风景名胜,丽江市,云南省}"
2774,黑龙潭公园-文明坊,丽江市,民主路1号黑龙潭(西南角),1,4.20,0,generic_unsplash_fallback,https://images.unsplash.com/photo-1500530855697-b586d89ba3ee?auto=format&fit=crop&w=1200&q=80,https://images.unsplash.com/photo-1500530855697-b586d89ba3ee?auto=format&fit=crop&w=1200&q=80,"{旅游景点,丽江市,云南省}"
2783,候鸟湾湿地,丽江市,拉市镇乡美泉村,1,4.20,0,generic_unsplash_fallback,https://images.unsplash.com/photo-1469854523086-cc02fe5d8800?auto=format&fit=crop&w=1200&q=80,https://images.unsplash.com/photo-1469854523086-cc02fe5d8800?auto=format&fit=crop&w=1200&q=80,"{旅游景点,丽江市,云南省}"
2773,解脱林,丽江市,民主路1号黑龙潭(西南角),1,4.20,0,generic_unsplash_fallback,https://images.unsplash.com/photo-1469854523086-cc02fe5d8800?auto=format&fit=crop&w=1200&q=80,https://images.unsplash.com/photo-1469854523086-cc02fe5d8800?auto=format&fit=crop&w=1200&q=80,"{旅游景点,丽江市,云南省}"
2791,金甲公园,丽江市,香格里大道,1,4.20,0,generic_unsplash_fallback,https://images.unsplash.com/photo-1500530855697-b586d89ba3ee?auto=format&fit=crop&w=1200&q=80,https://images.unsplash.com/photo-1500530855697-b586d89ba3ee?auto=format&fit=crop&w=1200&q=80,"{公园,丽江市,云南省}"
2778,拉市海国际湿地公园-百鸟碑林,丽江市,县城西面12公里处丽江拉市海湿地公园内(东侧),1,4.20,0,generic_unsplash_fallback,https://images.unsplash.com/photo-1500530855697-b586d89ba3ee?auto=format&fit=crop&w=1200&q=80,https://images.unsplash.com/photo-1500530855697-b586d89ba3ee?auto=format&fit=crop&w=1200&q=80,"{旅游景点,丽江市,云南省}"
2788,拉市海湿地公园,丽江市,026乡道,1,4.20,0,generic_unsplash_fallback,https://images.unsplash.com/photo-1500530855697-b586d89ba3ee?auto=format&fit=crop&w=1200&q=80,https://images.unsplash.com/photo-1500530855697-b586d89ba3ee?auto=format&fit=crop&w=1200&q=80,"{公园,丽江市,云南省}"
2803,澜沧公园,丽江市,永胜环城南路与凤鸣路交叉口处,1,4.20,0,generic_unsplash_fallback,https://images.unsplash.com/photo-1500530855697-b586d89ba3ee?auto=format&fit=crop&w=1200&q=80,https://images.unsplash.com/photo-1500530855697-b586d89ba3ee?auto=format&fit=crop&w=1200&q=80,"{公园,丽江市,云南省}"
2800,丽江百花园,丽江市,岛努地块,1,4.20,0,generic_unsplash_fallback,https://images.unsplash.com/photo-1469854523086-cc02fe5d8800?auto=format&fit=crop&w=1200&q=80,https://images.unsplash.com/photo-1469854523086-cc02fe5d8800?auto=format&fit=crop&w=1200&q=80,"{风景名胜,丽江市,云南省}"
2727,丽江古城,丽江市,民主路与福慧路交叉口东南,1,4.20,0,generic_unsplash_fallback,https://images.unsplash.com/photo-1469854523086-cc02fe5d8800?auto=format&fit=crop&w=1200&q=80,https://images.unsplash.com/photo-1469854523086-cc02fe5d8800?auto=format&fit=crop&w=1200&q=80,"{世界遗产,丽江市,云南省}"
2749,丽江古城·文昌宫(狮山路),丽江市,狮山路29号,1,4.20,0,generic_unsplash_fallback,https://images.unsplash.com/photo-1469854523086-cc02fe5d8800?auto=format&fit=crop&w=1200&q=80,https://images.unsplash.com/photo-1469854523086-cc02fe5d8800?auto=format&fit=crop&w=1200&q=80,"{风景名胜,丽江市,云南省}"
2738,丽江古城白龙文化广场,丽江市,丽江古城(西南角),1,4.20,0,generic_unsplash_fallback,https://images.unsplash.com/photo-1444723121867-7a241cacace9?auto=format&fit=crop&w=1200&q=80,https://images.unsplash.com/photo-1444723121867-7a241cacace9?auto=format&fit=crop&w=1200&q=80,"{城市广场,丽江市,云南省}"
2754,丽江古城北门广场,丽江市,民族路2号,1,4.20,0,generic_unsplash_fallback,https://images.unsplash.com/photo-1444723121867-7a241cacace9?auto=format&fit=crop&w=1200&q=80,https://images.unsplash.com/photo-1444723121867-7a241cacace9?auto=format&fit=crop&w=1200&q=80,"{城市广场,丽江市,云南省}"
2753,丽江古城木府-忠义坊,丽江市,大研镇光义街49号木府内,1,4.20,0,generic_unsplash_fallback,https://images.unsplash.com/photo-1469854523086-cc02fe5d8800?auto=format&fit=crop&w=1200&q=80,https://images.unsplash.com/photo-1469854523086-cc02fe5d8800?auto=format&fit=crop&w=1200&q=80,"{旅游景点,丽江市,云南省}"
2752,丽江金塔景区,丽江市,金山乡德为村,1,4.20,0,generic_unsplash_fallback,https://images.unsplash.com/photo-1444723121867-7a241cacace9?auto=format&fit=crop&w=1200&q=80,https://images.unsplash.com/photo-1444723121867-7a241cacace9?auto=format&fit=crop&w=1200&q=80,"{风景名胜,丽江市,云南省}"
2758,丽江拉市海湿地公园,丽江市,海北段,1,4.20,0,generic_unsplash_fallback,https://images.unsplash.com/photo-1500530855697-b586d89ba3ee?auto=format&fit=crop&w=1200&q=80,https://images.unsplash.com/photo-1500530855697-b586d89ba3ee?auto=format&fit=crop&w=1200&q=80,"{公园,丽江市,云南省}"
2804,丽江美泉三文鱼公园,丽江市,拉市镇美泉三文鱼公司内,1,4.20,0,generic_unsplash_fallback,https://images.unsplash.com/photo-1500530855697-b586d89ba3ee?auto=format&fit=crop&w=1200&q=80,https://images.unsplash.com/photo-1500530855697-b586d89ba3ee?auto=format&fit=crop&w=1200&q=80,"{公园,丽江市,云南省}"
2736,丽江千古情景区,丽江市,黄山街道玉兴西路88号,1,4.20,0,generic_unsplash_fallback,https://images.unsplash.com/photo-1469854523086-cc02fe5d8800?auto=format&fit=crop&w=1200&q=80,https://images.unsplash.com/photo-1469854523086-cc02fe5d8800?auto=format&fit=crop&w=1200&q=80,"{风景名胜,丽江市,云南省}"
2743,丽江市红太阳广场,丽江市,民主路215号,1,4.20,0,generic_unsplash_fallback,https://images.unsplash.com/photo-1444723121867-7a241cacace9?auto=format&fit=crop&w=1200&q=80,https://images.unsplash.com/photo-1444723121867-7a241cacace9?auto=format&fit=crop&w=1200&q=80,"{城市广场,丽江市,云南省}"
2766,丽江市人民广场,丽江市,玉雪大道与康仲路交叉口西南140米,1,4.20,0,generic_unsplash_fallback,https://images.unsplash.com/photo-1444723121867-7a241cacace9?auto=format&fit=crop&w=1200&q=80,https://images.unsplash.com/photo-1444723121867-7a241cacace9?auto=format&fit=crop&w=1200&q=80,"{城市广场,丽江市,云南省}"
2776,丽江战友协会战友林,丽江市,民主路1号黑龙潭公园内,1,4.20,0,generic_unsplash_fallback,https://images.unsplash.com/photo-1469854523086-cc02fe5d8800?auto=format&fit=crop&w=1200&q=80,https://images.unsplash.com/photo-1469854523086-cc02fe5d8800?auto=format&fit=crop&w=1200&q=80,"{旅游景点,丽江市,云南省}"
2740,丽江之眼观景台,丽江市,丽江古城内(北侧),1,4.20,0,generic_unsplash_fallback,https://images.unsplash.com/photo-1469854523086-cc02fe5d8800?auto=format&fit=crop&w=1200&q=80,https://images.unsplash.com/photo-1469854523086-cc02fe5d8800?auto=format&fit=crop&w=1200&q=80,"{观景点,丽江市,云南省}"
2767,丽水金沙表演,丽江市,民族文化交流中心红太阳广场对面,1,4.20,0,generic_unsplash_fallback,https://images.unsplash.com/photo-1469854523086-cc02fe5d8800?auto=format&fit=crop&w=1200&q=80,https://images.unsplash.com/photo-1469854523086-cc02fe5d8800?auto=format&fit=crop&w=1200&q=80,"{旅游景点,丽江市,云南省}"
2794,丽月湖公园,丽江市,福星路63号,1,4.20,0,generic_unsplash_fallback,https://images.unsplash.com/photo-1500530855697-b586d89ba3ee?auto=format&fit=crop&w=1200&q=80,https://images.unsplash.com/photo-1500530855697-b586d89ba3ee?auto=format&fit=crop&w=1200&q=80,"{公园,丽江市,云南省}"
2781,龙雕塑,丽江市,县城西面12公里处丽江拉市海湿地公园内(东侧),1,4.20,0,generic_unsplash_fallback,https://images.unsplash.com/photo-1469854523086-cc02fe5d8800?auto=format&fit=crop&w=1200&q=80,https://images.unsplash.com/photo-1469854523086-cc02fe5d8800?auto=format&fit=crop&w=1200&q=80,"{旅游景点,丽江市,云南省}"
2792,路可司公园Lucas Park,丽江市,三元村二社三号,1,4.20,0,generic_unsplash_fallback,https://images.unsplash.com/photo-1500530855697-b586d89ba3ee?auto=format&fit=crop&w=1200&q=80,https://images.unsplash.com/photo-1500530855697-b586d89ba3ee?auto=format&fit=crop&w=1200&q=80,"{公园,丽江市,云南省}"
2798,马店沟公园,丽江市,朝阳西路22号,1,4.20,0,generic_unsplash_fallback,https://images.unsplash.com/photo-1500530855697-b586d89ba3ee?auto=format&fit=crop&w=1200&q=80,https://images.unsplash.com/photo-1500530855697-b586d89ba3ee?auto=format&fit=crop&w=1200&q=80,"{公园,丽江市,云南省}"
2780,马雕塑,丽江市,县城西面12公里处丽江拉市海湿地公园内(东侧),1,4.20,0,generic_unsplash_fallback,https://images.unsplash.com/photo-1469854523086-cc02fe5d8800?auto=format&fit=crop&w=1200&q=80,https://images.unsplash.com/photo-1469854523086-cc02fe5d8800?auto=format&fit=crop&w=1200&q=80,"{旅游景点,丽江市,云南省}"
2779,慕鱼廊,丽江市,县城西面12公里处丽江拉市海湿地公园内(东侧),1,4.20,0,generic_unsplash_fallback,https://images.unsplash.com/photo-1469854523086-cc02fe5d8800?auto=format&fit=crop&w=1200&q=80,https://images.unsplash.com/photo-1469854523086-cc02fe5d8800?auto=format&fit=crop&w=1200&q=80,"{旅游景点,丽江市,云南省}"
2782,清溪公园,丽江市,玉泉路东,1,4.20,0,generic_unsplash_fallback,https://images.unsplash.com/photo-1500530855697-b586d89ba3ee?auto=format&fit=crop&w=1200&q=80,https://images.unsplash.com/photo-1500530855697-b586d89ba3ee?auto=format&fit=crop&w=1200&q=80,"{公园,丽江市,云南省}"
2745,全景观景台,丽江市,新华街黄山上段64号,1,4.20,0,generic_unsplash_fallback,https://images.unsplash.com/photo-1469854523086-cc02fe5d8800?auto=format&fit=crop&w=1200&q=80,https://images.unsplash.com/photo-1469854523086-cc02fe5d8800?auto=format&fit=crop&w=1200&q=80,"{观景点,丽江市,云南省}"
2786,蛇山公园,丽江市,丽大路,1,4.20,0,generic_unsplash_fallback,https://images.unsplash.com/photo-1500530855697-b586d89ba3ee?auto=format&fit=crop&w=1200&q=80,https://images.unsplash.com/photo-1500530855697-b586d89ba3ee?auto=format&fit=crop&w=1200&q=80,"{公园,丽江市,云南省}"
2796,狮山公园,丽江市,迎宾路与华兴巷交叉口东北200米,1,4.20,0,generic_unsplash_fallback,https://images.unsplash.com/photo-1500530855697-b586d89ba3ee?auto=format&fit=crop&w=1200&q=80,https://images.unsplash.com/photo-1500530855697-b586d89ba3ee?auto=format&fit=crop&w=1200&q=80,"{公园,丽江市,云南省}"
2734,狮子山万古楼景区,丽江市,大研镇新华街丽江古城-狮子山(狮山路)(东北角),1,4.20,0,generic_unsplash_fallback,https://images.unsplash.com/photo-1469854523086-cc02fe5d8800?auto=format&fit=crop&w=1200&q=80,https://images.unsplash.com/photo-1469854523086-cc02fe5d8800?auto=format&fit=crop&w=1200&q=80,"{风景名胜,丽江市,云南省}"
2790,世界记忆遗产公园,丽江市,和风路157号,1,4.20,0,generic_unsplash_fallback,https://images.unsplash.com/photo-1500530855697-b586d89ba3ee?auto=format&fit=crop&w=1200&q=80,https://images.unsplash.com/photo-1500530855697-b586d89ba3ee?auto=format&fit=crop&w=1200&q=80,"{风景名胜,丽江市,云南省}"
2739,束河古镇,丽江市,束河镇,1,4.20,0,generic_unsplash_fallback,https://images.unsplash.com/photo-1469854523086-cc02fe5d8800?auto=format&fit=crop&w=1200&q=80,https://images.unsplash.com/photo-1469854523086-cc02fe5d8800?auto=format&fit=crop&w=1200&q=80,"{国家级景点,丽江市,云南省}"
2770,双石公园,丽江市,东大街1号丽江古城内(西北角),1,4.20,0,generic_unsplash_fallback,https://images.unsplash.com/photo-1500530855697-b586d89ba3ee?auto=format&fit=crop&w=1200&q=80,https://images.unsplash.com/photo-1500530855697-b586d89ba3ee?auto=format&fit=crop&w=1200&q=80,"{公园,丽江市,云南省}"
2775,思思亭,丽江市,民主路1号黑龙潭公园内,1,4.20,0,generic_unsplash_fallback,https://images.unsplash.com/photo-1469854523086-cc02fe5d8800?auto=format&fit=crop&w=1200&q=80,https://images.unsplash.com/photo-1469854523086-cc02fe5d8800?auto=format&fit=crop&w=1200&q=80,"{旅游景点,丽江市,云南省}"
2728,四方街,丽江市,丽江古城五一路下段,1,4.20,0,generic_unsplash_fallback,https://images.unsplash.com/photo-1519608487953-e999c86e7455?auto=format&fit=crop&w=1200&q=80,https://images.unsplash.com/photo-1519608487953-e999c86e7455?auto=format&fit=crop&w=1200&q=80,"{风景名胜,丽江市,云南省}"
2761,四方听音,丽江市,束河古镇腾云路,1,4.20,0,generic_unsplash_fallback,https://images.unsplash.com/photo-1469854523086-cc02fe5d8800?auto=format&fit=crop&w=1200&q=80,https://images.unsplash.com/photo-1469854523086-cc02fe5d8800?auto=format&fit=crop&w=1200&q=80,"{风景名胜,丽江市,云南省}"
2760,锁翠桥,丽江市,民主路1号黑龙潭(西南角),1,4.20,0,generic_unsplash_fallback,https://images.unsplash.com/photo-1469854523086-cc02fe5d8800?auto=format&fit=crop&w=1200&q=80,https://images.unsplash.com/photo-1469854523086-cc02fe5d8800?auto=format&fit=crop&w=1200&q=80,"{旅游景点,丽江市,云南省}"
2789,文华公园,丽江市,玉兴西路88号,1,4.20,0,generic_unsplash_fallback,https://images.unsplash.com/photo-1500530855697-b586d89ba3ee?auto=format&fit=crop&w=1200&q=80,https://images.unsplash.com/photo-1500530855697-b586d89ba3ee?auto=format&fit=crop&w=1200&q=80,"{公园,丽江市,云南省}"
2771,文化院落·红军长征过丽江指挥部纪念馆,丽江市,新华街黄山上段公房10号,1,4.20,0,generic_unsplash_fallback,https://images.unsplash.com/photo-1469854523086-cc02fe5d8800?auto=format&fit=crop&w=1200&q=80,https://images.unsplash.com/photo-1469854523086-cc02fe5d8800?auto=format&fit=crop&w=1200&q=80,"{红色景区,丽江市,云南省}"
2764,文化院落·接风楼,丽江市,大研街道新华街黄山上段80号,1,4.20,0,generic_unsplash_fallback,https://images.unsplash.com/photo-1469854523086-cc02fe5d8800?auto=format&fit=crop&w=1200&q=80,https://images.unsplash.com/photo-1469854523086-cc02fe5d8800?auto=format&fit=crop&w=1200&q=80,"{旅游景点,丽江市,云南省}"
2755,文化院落·雪山书院,丽江市,七一街崇仁巷32号(二哥土鸡米线对面),1,4.20,0,generic_unsplash_fallback,https://images.unsplash.com/photo-1469854523086-cc02fe5d8800?auto=format&fit=crop&w=1200&q=80,https://images.unsplash.com/photo-1469854523086-cc02fe5d8800?auto=format&fit=crop&w=1200&q=80,"{旅游景点,丽江市,云南省}"
2741,五一街,丽江市,丽江古城(东北角),1,4.20,0,generic_unsplash_fallback,https://images.unsplash.com/photo-1519608487953-e999c86e7455?auto=format&fit=crop&w=1200&q=80,https://images.unsplash.com/photo-1519608487953-e999c86e7455?auto=format&fit=crop&w=1200&q=80,"{旅游景点,丽江市,云南省}"
2759,香格里拉雪域映象,丽江市,康仲路与玉雪大道交叉口西北140米,1,4.20,0,generic_unsplash_fallback,https://images.unsplash.com/photo-1469854523086-cc02fe5d8800?auto=format&fit=crop&w=1200&q=80,https://images.unsplash.com/photo-1469854523086-cc02fe5d8800?auto=format&fit=crop&w=1200&q=80,"{旅游景点,丽江市,云南省}"
2797,雪山峡谷演艺公园,丽江市,白沙镇雪山玉甘路15里处东巴谷景区,1,4.20,0,generic_unsplash_fallback,https://images.unsplash.com/photo-1500530855697-b586d89ba3ee?auto=format&fit=crop&w=1200&q=80,https://images.unsplash.com/photo-1500530855697-b586d89ba3ee?auto=format&fit=crop&w=1200&q=80,"{旅游景点,丽江市,云南省}"
2777,一文亭,丽江市,民主路1号黑龙潭公园内,1,4.20,0,generic_unsplash_fallback,https://images.unsplash.com/photo-1469854523086-cc02fe5d8800?auto=format&fit=crop&w=1200&q=80,https://images.unsplash.com/photo-1469854523086-cc02fe5d8800?auto=format&fit=crop&w=1200&q=80,"{旅游景点,丽江市,云南省}"
2806,玉龙谷,丽江市,东巴谷景区内,1,4.20,0,generic_unsplash_fallback,https://images.unsplash.com/photo-1469854523086-cc02fe5d8800?auto=format&fit=crop&w=1200&q=80,https://images.unsplash.com/photo-1469854523086-cc02fe5d8800?auto=format&fit=crop&w=1200&q=80,"{风景名胜,丽江市,云南省}"
2785,玉龙黎明-老君山国家地质公园,丽江市,黎明傈僳族乡黎明乡黎明景区,1,4.20,0,generic_unsplash_fallback,https://images.unsplash.com/photo-1500530855697-b586d89ba3ee?auto=format&fit=crop&w=1200&q=80,https://images.unsplash.com/photo-1500530855697-b586d89ba3ee?auto=format&fit=crop&w=1200&q=80,"{公园,丽江市,云南省}"
2793,玉泉公园,丽江市,民主路玉泉公园附近,1,4.20,0,generic_unsplash_fallback,https://images.unsplash.com/photo-1500530855697-b586d89ba3ee?auto=format&fit=crop&w=1200&q=80,https://images.unsplash.com/photo-1500530855697-b586d89ba3ee?auto=format&fit=crop&w=1200&q=80,"{公园,丽江市,云南省}"
2746,纸伞巷,丽江市,光义街忠义巷与长水路交叉口北480米,1,4.20,0,generic_unsplash_fallback,https://images.unsplash.com/photo-1469854523086-cc02fe5d8800?auto=format&fit=crop&w=1200&q=80,https://images.unsplash.com/photo-1469854523086-cc02fe5d8800?auto=format&fit=crop&w=1200&q=80,"{旅游景点,丽江市,云南省}"
2795,中和公园,丽江市,中和巷与丽春巷交叉口西北20米,1,4.20,0,generic_unsplash_fallback,https://images.unsplash.com/photo-1500530855697-b586d89ba3ee?auto=format&fit=crop&w=1200&q=80,https://images.unsplash.com/photo-1500530855697-b586d89ba3ee?auto=format&fit=crop&w=1200&q=80,"{公园,丽江市,云南省}"
2751,中济海公园,丽江市,束河街道雪山路180号,1,4.20,0,generic_unsplash_fallback,https://images.unsplash.com/photo-1500530855697-b586d89ba3ee?auto=format&fit=crop&w=1200&q=80,https://images.unsplash.com/photo-1500530855697-b586d89ba3ee?auto=format&fit=crop&w=1200&q=80,"{公园,丽江市,云南省}"
2744,忠义巷三眼井,丽江市,大研古镇忠义巷,1,4.20,0,generic_unsplash_fallback,https://images.unsplash.com/photo-1469854523086-cc02fe5d8800?auto=format&fit=crop&w=1200&q=80,https://images.unsplash.com/photo-1469854523086-cc02fe5d8800?auto=format&fit=crop&w=1200&q=80,"{风景名胜,丽江市,云南省}"
1515,白马寺,洛阳市,白马寺镇洛白路6号,1,4.20,0,generic_unsplash_fallback,https://images.unsplash.com/photo-1513415756790-2ac1db1297d0?auto=format&fit=crop&w=1200&q=80,https://images.unsplash.com/photo-1513415756790-2ac1db1297d0?auto=format&fit=crop&w=1200&q=80,"{寺庙道观,洛阳市,河南省}"
1511,瀍壑朱樱,洛阳市,巡河路与滨河北路交叉口东南40米,1,4.20,0,generic_unsplash_fallback,https://images.unsplash.com/photo-1469854523086-cc02fe5d8800?auto=format&fit=crop&w=1200&q=80,https://images.unsplash.com/photo-1469854523086-cc02fe5d8800?auto=format&fit=crop&w=1200&q=80,"{旅游景点,洛阳市,河南省}"
1479,从政坊游园,洛阳市,永通门里坊展示路,1,4.20,0,generic_unsplash_fallback,https://images.unsplash.com/photo-1500530855697-b586d89ba3ee?auto=format&fit=crop&w=1200&q=80,https://images.unsplash.com/photo-1500530855697-b586d89ba3ee?auto=format&fit=crop&w=1200&q=80,"{公园,洛阳市,河南省}"
1544,黛眉山景区,洛阳市,石井镇东山底村往北3公里,1,4.20,0,generic_unsplash_fallback,https://images.unsplash.com/photo-1469854523086-cc02fe5d8800?auto=format&fit=crop&w=1200&q=80,https://images.unsplash.com/photo-1469854523086-cc02fe5d8800?auto=format&fit=crop&w=1200&q=80,"{风景名胜,洛阳市,河南省}"
1506,定鼎门南广场,洛阳市,龙门大道436号,1,4.20,0,generic_unsplash_fallback,https://images.unsplash.com/photo-1444723121867-7a241cacace9?auto=format&fit=crop&w=1200&q=80,https://images.unsplash.com/photo-1444723121867-7a241cacace9?auto=format&fit=crop&w=1200&q=80,"{风景名胜,洛阳市,河南省}"
1530,二乔亭,洛阳市,滨河南路80号,1,4.20,0,generic_unsplash_fallback,https://images.unsplash.com/photo-1469854523086-cc02fe5d8800?auto=format&fit=crop&w=1200&q=80,https://images.unsplash.com/photo-1469854523086-cc02fe5d8800?auto=format&fit=crop&w=1200&q=80,"{风景名胜,洛阳市,河南省}"
1547,凤翔温泉,洛阳市,王城大道南端张沟南,1,4.20,0,generic_unsplash_fallback,https://images.unsplash.com/photo-1469854523086-cc02fe5d8800?auto=format&fit=crop&w=1200&q=80,https://images.unsplash.com/photo-1469854523086-cc02fe5d8800?auto=format&fit=crop&w=1200&q=80,"{旅游景点,洛阳市,河南省}"
1482,关林景区,洛阳市,关林镇关林南街2号,1,4.20,0,generic_unsplash_fallback,https://images.unsplash.com/photo-1469854523086-cc02fe5d8800?auto=format&fit=crop&w=1200&q=80,https://images.unsplash.com/photo-1469854523086-cc02fe5d8800?auto=format&fit=crop&w=1200&q=80,"{旅游景点,洛阳市,河南省}"
1491,关林庙,洛阳市,关林东路与新九街交叉口西北200米,1,4.20,0,generic_unsplash_fallback,https://images.unsplash.com/photo-1513415756790-2ac1db1297d0?auto=format&fit=crop&w=1200&q=80,https://images.unsplash.com/photo-1513415756790-2ac1db1297d0?auto=format&fit=crop&w=1200&q=80,"{国家级景点,洛阳市,河南省}"
1535,国花园玫瑰园,洛阳市,龙门大道2号中国国花园(东北角),1,4.20,0,generic_unsplash_fallback,https://images.unsplash.com/photo-1469854523086-cc02fe5d8800?auto=format&fit=crop&w=1200&q=80,https://images.unsplash.com/photo-1469854523086-cc02fe5d8800?auto=format&fit=crop&w=1200&q=80,"{旅游景点,洛阳市,河南省}"
1553,河南省双龙山省级森林公园,洛阳市,大口镇双龙山省级森林公园,1,4.20,0,generic_unsplash_fallback,https://images.unsplash.com/photo-1500530855697-b586d89ba3ee?auto=format&fit=crop&w=1200&q=80,https://images.unsplash.com/photo-1500530855697-b586d89ba3ee?auto=format&fit=crop&w=1200&q=80,"{风景名胜,洛阳市,河南省}"
1520,河图洛书剧场,洛阳市,古城路辅路与龙门大道辅路交叉口西北角,1,4.20,0,generic_unsplash_fallback,https://images.unsplash.com/photo-1469854523086-cc02fe5d8800?auto=format&fit=crop&w=1200&q=80,https://images.unsplash.com/photo-1469854523086-cc02fe5d8800?auto=format&fit=crop&w=1200&q=80,"{旅游景点,洛阳市,河南省}"
1489,开元湖健康主题公园,洛阳市,开元大道与长兴街交叉口西南100米,1,4.20,0,generic_unsplash_fallback,https://images.unsplash.com/photo-1500530855697-b586d89ba3ee?auto=format&fit=crop&w=1200&q=80,https://images.unsplash.com/photo-1500530855697-b586d89ba3ee?auto=format&fit=crop&w=1200&q=80,"{公园,洛阳市,河南省}"
1509,开元湖音乐喷泉,洛阳市,开元湖健康主题公园内(西侧),1,4.20,0,generic_unsplash_fallback,https://images.unsplash.com/photo-1469854523086-cc02fe5d8800?auto=format&fit=crop&w=1200&q=80,https://images.unsplash.com/photo-1469854523086-cc02fe5d8800?auto=format&fit=crop&w=1200&q=80,"{城市广场,洛阳市,河南省}"
1531,老君山风景名胜区,洛阳市,七里坪村21组,1,4.20,0,generic_unsplash_fallback,https://images.unsplash.com/photo-1469854523086-cc02fe5d8800?auto=format&fit=crop&w=1200&q=80,https://images.unsplash.com/photo-1469854523086-cc02fe5d8800?auto=format&fit=crop&w=1200&q=80,"{国家级景点,洛阳市,河南省}"
1499,丽景门景区,洛阳市,西门口街与金业路交叉口东,1,4.20,0,generic_unsplash_fallback,https://images.unsplash.com/photo-1469854523086-cc02fe5d8800?auto=format&fit=crop&w=1200&q=80,https://images.unsplash.com/photo-1469854523086-cc02fe5d8800?auto=format&fit=crop&w=1200&q=80,"{风景名胜,洛阳市,河南省}"
1483,龙门石窟,洛阳市,龙门中街13号,1,4.20,0,generic_unsplash_fallback,https://images.unsplash.com/photo-1469854523086-cc02fe5d8800?auto=format&fit=crop&w=1200&q=80,https://images.unsplash.com/photo-1469854523086-cc02fe5d8800?auto=format&fit=crop&w=1200&q=80,"{世界遗产,洛阳市,河南省}"
1485,洛浦公园,洛阳市,豫博路1号,1,4.20,0,generic_unsplash_fallback,https://images.unsplash.com/photo-1500530855697-b586d89ba3ee?auto=format&fit=crop&w=1200&q=80,https://images.unsplash.com/photo-1500530855697-b586d89ba3ee?auto=format&fit=crop&w=1200&q=80,"{公园,洛阳市,河南省}"
1545,洛神公园,洛阳市,滨河北路附近,1,4.20,0,generic_unsplash_fallback,https://images.unsplash.com/photo-1500530855697-b586d89ba3ee?auto=format&fit=crop&w=1200&q=80,https://images.unsplash.com/photo-1500530855697-b586d89ba3ee?auto=format&fit=crop&w=1200&q=80,"{公园,洛阳市,河南省}"
1501,洛阳城市阳台,洛阳市,御博路与滨河北路交叉口东北260米,1,4.20,0,generic_unsplash_fallback,https://images.unsplash.com/photo-1469854523086-cc02fe5d8800?auto=format&fit=crop&w=1200&q=80,https://images.unsplash.com/photo-1469854523086-cc02fe5d8800?auto=format&fit=crop&w=1200&q=80,"{风景名胜,洛阳市,河南省}"
1493,洛阳大河荟,洛阳市,金城寨街与通衢路交叉口东南200米,1,4.20,0,generic_unsplash_fallback,https://images.unsplash.com/photo-1469854523086-cc02fe5d8800?auto=format&fit=crop&w=1200&q=80,https://images.unsplash.com/photo-1469854523086-cc02fe5d8800?auto=format&fit=crop&w=1200&q=80,"{旅游景点,洛阳市,河南省}"
1537,洛阳花果山国家森林公园,洛阳市,花果山乡,1,4.20,0,generic_unsplash_fallback,https://images.unsplash.com/photo-1500530855697-b586d89ba3ee?auto=format&fit=crop&w=1200&q=80,https://images.unsplash.com/photo-1500530855697-b586d89ba3ee?auto=format&fit=crop&w=1200&q=80,"{省级景点,洛阳市,河南省}"
1496,洛阳龙门海洋馆,洛阳市,龙门大道782号,1,4.20,0,generic_unsplash_fallback,https://images.unsplash.com/photo-1469854523086-cc02fe5d8800?auto=format&fit=crop&w=1200&q=80,https://images.unsplash.com/photo-1469854523086-cc02fe5d8800?auto=format&fit=crop&w=1200&q=80,"{水族馆,洛阳市,河南省}"
1519,洛阳龙门站-站前广场,洛阳市,兴洛东街与通衢路交叉口东南150米,1,4.20,0,generic_unsplash_fallback,https://images.unsplash.com/photo-1444723121867-7a241cacace9?auto=format&fit=crop&w=1200&q=80,https://images.unsplash.com/photo-1444723121867-7a241cacace9?auto=format&fit=crop&w=1200&q=80,"{城市广场,洛阳市,河南省}"
1508,洛阳牡丹甲天下,洛阳市,王城大道隋唐城墙遗址内,1,4.20,0,generic_unsplash_fallback,https://images.unsplash.com/photo-1469854523086-cc02fe5d8800?auto=format&fit=crop&w=1200&q=80,https://images.unsplash.com/photo-1469854523086-cc02fe5d8800?auto=format&fit=crop&w=1200&q=80,"{旅游景点,洛阳市,河南省}"
1550,洛阳隋唐大运河国家文化公园-西区,洛阳市,北邻九都东路,1,4.20,0,generic_unsplash_fallback,https://images.unsplash.com/photo-1500530855697-b586d89ba3ee?auto=format&fit=crop&w=1200&q=80,https://images.unsplash.com/photo-1500530855697-b586d89ba3ee?auto=format&fit=crop&w=1200&q=80,"{公园,洛阳市,河南省}"
1484,洛邑古城,洛阳市,九都东路与柳林街交叉口北侧,1,4.20,0,generic_unsplash_fallback,https://images.unsplash.com/photo-1469854523086-cc02fe5d8800?auto=format&fit=crop&w=1200&q=80,https://images.unsplash.com/photo-1469854523086-cc02fe5d8800?auto=format&fit=crop&w=1200&q=80,"{风景名胜,洛阳市,河南省}"
1543,孟津黄河湿地鹤鸣湖恢复区,洛阳市,祥和路(黄河北岸吉利地区),1,4.20,0,generic_unsplash_fallback,https://images.unsplash.com/photo-1500530855697-b586d89ba3ee?auto=format&fit=crop&w=1200&q=80,https://images.unsplash.com/photo-1500530855697-b586d89ba3ee?auto=format&fit=crop&w=1200&q=80,"{公园,洛阳市,河南省}"
1541,孟津黄河湿地中下游恢复区,洛阳市,会盟镇黄河大桥东侧(黄河南岸),1,4.20,0,generic_unsplash_fallback,https://images.unsplash.com/photo-1469854523086-cc02fe5d8800?auto=format&fit=crop&w=1200&q=80,https://images.unsplash.com/photo-1469854523086-cc02fe5d8800?auto=format&fit=crop&w=1200&q=80,"{风景名胜,洛阳市,河南省}"
1503,明堂天堂景区,洛阳市,唐宫路毛线市场对面(应天门地铁站C2口步行200米),1,4.20,0,generic_unsplash_fallback,https://images.unsplash.com/photo-1469854523086-cc02fe5d8800?auto=format&fit=crop&w=1200&q=80,https://images.unsplash.com/photo-1469854523086-cc02fe5d8800?auto=format&fit=crop&w=1200&q=80,"{旅游景点,洛阳市,河南省}"
1512,牡丹博物馆,洛阳市,龙门镇龙缘路与神韵路交叉口,1,4.20,0,generic_unsplash_fallback,https://images.unsplash.com/photo-1566127992631-137a642a90f4?auto=format&fit=crop&w=1200&q=80,https://images.unsplash.com/photo-1566127992631-137a642a90f4?auto=format&fit=crop&w=1200&q=80,"{旅游景点,洛阳市,河南省}"
1529,牡丹宫,洛阳市,北新街与西一街交叉口向西270米路北,1,4.20,0,generic_unsplash_fallback,https://images.unsplash.com/photo-1469854523086-cc02fe5d8800?auto=format&fit=crop&w=1200&q=80,https://images.unsplash.com/photo-1469854523086-cc02fe5d8800?auto=format&fit=crop&w=1200&q=80,"{寺庙道观,洛阳市,河南省}"
1504,南山牡丹文化园,洛阳市,龙缘路与结义路交叉口,1,4.20,0,generic_unsplash_fallback,https://images.unsplash.com/photo-1469854523086-cc02fe5d8800?auto=format&fit=crop&w=1200&q=80,https://images.unsplash.com/photo-1469854523086-cc02fe5d8800?auto=format&fit=crop&w=1200&q=80,"{风景名胜,洛阳市,河南省}"
1521,千姿牡丹园,洛阳市,王城大道281号隋唐城遗址植物园内(西侧),1,4.20,0,generic_unsplash_fallback,https://images.unsplash.com/photo-1469854523086-cc02fe5d8800?auto=format&fit=crop&w=1200&q=80,https://images.unsplash.com/photo-1469854523086-cc02fe5d8800?auto=format&fit=crop&w=1200&q=80,"{旅游景点,洛阳市,河南省}"
1518,泉舜购物北广场,洛阳市,牡丹大道166号(开元湖地铁站D口步行410米),1,4.20,0,generic_unsplash_fallback,https://images.unsplash.com/photo-1500530855697-b586d89ba3ee?auto=format&fit=crop&w=1200&q=80,https://images.unsplash.com/photo-1500530855697-b586d89ba3ee?auto=format&fit=crop&w=1200&q=80,"{公园广场,洛阳市,河南省}"
1554,汝阳恐龙国家地质公园,洛阳市,035乡道与七何路交叉口,1,4.20,0,generic_unsplash_fallback,https://images.unsplash.com/photo-1500530855697-b586d89ba3ee?auto=format&fit=crop&w=1200&q=80,https://images.unsplash.com/photo-1500530855697-b586d89ba3ee?auto=format&fit=crop&w=1200&q=80,"{公园,洛阳市,河南省}"
1497,上阳宫文化园,洛阳市,王城路街道上阳路28号,1,4.20,0,generic_unsplash_fallback,https://images.unsplash.com/photo-1500530855697-b586d89ba3ee?auto=format&fit=crop&w=1200&q=80,https://images.unsplash.com/photo-1500530855697-b586d89ba3ee?auto=format&fit=crop&w=1200&q=80,"{公园,洛阳市,河南省}"
1487,神都十三坊,洛阳市,古城路辅路与龙门大道辅路交叉口东南220米,1,4.20,0,generic_unsplash_fallback,https://images.unsplash.com/photo-1469854523086-cc02fe5d8800?auto=format&fit=crop&w=1200&q=80,https://images.unsplash.com/photo-1469854523086-cc02fe5d8800?auto=format&fit=crop&w=1200&q=80,"{风景名胜,洛阳市,河南省}"
1505,隋唐城牡丹园,洛阳市,王城大道281号隋唐城遗址植物园内(西侧),1,4.20,0,generic_unsplash_fallback,https://images.unsplash.com/photo-1469854523086-cc02fe5d8800?auto=format&fit=crop&w=1200&q=80,https://images.unsplash.com/photo-1469854523086-cc02fe5d8800?auto=format&fit=crop&w=1200&q=80,"{旅游景点,洛阳市,河南省}"
1478,隋唐城遗址植物园,洛阳市,王城大道281号,1,4.20,0,generic_unsplash_fallback,https://images.unsplash.com/photo-1469854523086-cc02fe5d8800?auto=format&fit=crop&w=1200&q=80,https://images.unsplash.com/photo-1469854523086-cc02fe5d8800?auto=format&fit=crop&w=1200&q=80,"{植物园,洛阳市,河南省}"
1549,隋唐大运河国家文化公园,洛阳市,洛河与瀍河交汇处西北角,1,4.20,0,generic_unsplash_fallback,https://images.unsplash.com/photo-1500530855697-b586d89ba3ee?auto=format&fit=crop&w=1200&q=80,https://images.unsplash.com/photo-1500530855697-b586d89ba3ee?auto=format&fit=crop&w=1200&q=80,"{公园,洛阳市,河南省}"
1492,隋唐洛阳城国家遗址公园,洛阳市,定鼎路与中州路交汇处(应天门地铁站C2口步行220米),1,4.20,0,generic_unsplash_fallback,https://images.unsplash.com/photo-1500530855697-b586d89ba3ee?auto=format&fit=crop&w=1200&q=80,https://images.unsplash.com/photo-1500530855697-b586d89ba3ee?auto=format&fit=crop&w=1200&q=80,"{公园,洛阳市,河南省}"
1500,隋唐洛阳城九洲池遗址,洛阳市,唐宫中路与宫隅路交叉口西150米,1,4.20,0,generic_unsplash_fallback,https://images.unsplash.com/photo-1469854523086-cc02fe5d8800?auto=format&fit=crop&w=1200&q=80,https://images.unsplash.com/photo-1469854523086-cc02fe5d8800?auto=format&fit=crop&w=1200&q=80,"{旅游景点,洛阳市,河南省}"
1480,体育公园,洛阳市,开元大道(体育中心地铁站A1口步行260米),1,4.20,0,generic_unsplash_fallback,https://images.unsplash.com/photo-1500530855697-b586d89ba3ee?auto=format&fit=crop&w=1200&q=80,https://images.unsplash.com/photo-1500530855697-b586d89ba3ee?auto=format&fit=crop&w=1200&q=80,"{公园,洛阳市,河南省}"
1536,天池山森林公园,洛阳市,德亭镇天山路,1,4.20,0,generic_unsplash_fallback,https://images.unsplash.com/photo-1500530855697-b586d89ba3ee?auto=format&fit=crop&w=1200&q=80,https://images.unsplash.com/photo-1500530855697-b586d89ba3ee?auto=format&fit=crop&w=1200&q=80,"{国家级景点,洛阳市,河南省}"
1546,天鹅湖伊河游园,洛阳市,古城东路辅路,1,4.20,0,generic_unsplash_fallback,https://images.unsplash.com/photo-1500530855697-b586d89ba3ee?auto=format&fit=crop&w=1200&q=80,https://images.unsplash.com/photo-1500530855697-b586d89ba3ee?auto=format&fit=crop&w=1200&q=80,"{公园,洛阳市,河南省}"
1528,天街公园,洛阳市,永通门里坊展示路与龙门大道辅路交叉口西360米,1,4.20,0,generic_unsplash_fallback,https://images.unsplash.com/photo-1500530855697-b586d89ba3ee?auto=format&fit=crop&w=1200&q=80,https://images.unsplash.com/photo-1500530855697-b586d89ba3ee?auto=format&fit=crop&w=1200&q=80,"{公园,洛阳市,河南省}"
1538,万安山旅游度假区,洛阳市,南山大道与葛潘路交叉口向南6公里,1,4.20,0,generic_unsplash_fallback,https://images.unsplash.com/photo-1500530855697-b586d89ba3ee?auto=format&fit=crop&w=1200&q=80,https://images.unsplash.com/photo-1500530855697-b586d89ba3ee?auto=format&fit=crop&w=1200&q=80,"{公园,洛阳市,河南省}"
1551,万安山旅游度假区山顶公园,洛阳市,郑卢高速樱桃沟,1,4.20,0,generic_unsplash_fallback,https://images.unsplash.com/photo-1500530855697-b586d89ba3ee?auto=format&fit=crop&w=1200&q=80,https://images.unsplash.com/photo-1500530855697-b586d89ba3ee?auto=format&fit=crop&w=1200&q=80,"{公园,洛阳市,河南省}"
1539,万安山旅游度假区万安山南山公园,洛阳市,伊川县吕店镇樱桃沟村北600米(万安山旅游度假区内),1,4.20,0,generic_unsplash_fallback,https://images.unsplash.com/photo-1500530855697-b586d89ba3ee?auto=format&fit=crop&w=1200&q=80,https://images.unsplash.com/photo-1500530855697-b586d89ba3ee?auto=format&fit=crop&w=1200&q=80,"{公园,洛阳市,河南省}"
1488,王城公园,洛阳市,中州中路312号,1,4.20,0,generic_unsplash_fallback,https://images.unsplash.com/photo-1500530855697-b586d89ba3ee?auto=format&fit=crop&w=1200&q=80,https://images.unsplash.com/photo-1500530855697-b586d89ba3ee?auto=format&fit=crop&w=1200&q=80,"{公园,洛阳市,河南省}"
1532,王城公园洛阳牡丹甲天下,洛阳市,中州中路312号王城公园内(东侧),1,4.20,0,generic_unsplash_fallback,https://images.unsplash.com/photo-1500530855697-b586d89ba3ee?auto=format&fit=crop&w=1200&q=80,https://images.unsplash.com/photo-1500530855697-b586d89ba3ee?auto=format&fit=crop&w=1200&q=80,"{旅游景点,洛阳市,河南省}"
1534,王城公园绿牡丹,洛阳市,中州中路312号王城公园(东南角),1,4.20,0,generic_unsplash_fallback,https://images.unsplash.com/photo-1500530855697-b586d89ba3ee?auto=format&fit=crop&w=1200&q=80,https://images.unsplash.com/photo-1500530855697-b586d89ba3ee?auto=format&fit=crop&w=1200&q=80,"{公园,洛阳市,河南省}"
1524,文博广场,洛阳市,文博园地铁站A口步行300米,1,4.20,0,generic_unsplash_fallback,https://images.unsplash.com/photo-1500530855697-b586d89ba3ee?auto=format&fit=crop&w=1200&q=80,https://images.unsplash.com/photo-1500530855697-b586d89ba3ee?auto=format&fit=crop&w=1200&q=80,"{公园广场,洛阳市,河南省}"
1490,文博体育公园,洛阳市,滨河南路(文博园地铁站A口步行310米),1,4.20,0,generic_unsplash_fallback,https://images.unsplash.com/photo-1500530855697-b586d89ba3ee?auto=format&fit=crop&w=1200&q=80,https://images.unsplash.com/photo-1500530855697-b586d89ba3ee?auto=format&fit=crop&w=1200&q=80,"{公园,洛阳市,河南省}"
1510,五月坊,洛阳市,中国国花园内国花西南侧,1,4.20,0,generic_unsplash_fallback,https://images.unsplash.com/photo-1500530855697-b586d89ba3ee?auto=format&fit=crop&w=1200&q=80,https://images.unsplash.com/photo-1500530855697-b586d89ba3ee?auto=format&fit=crop&w=1200&q=80,"{公园,洛阳市,河南省}"
1498,西苑公园,洛阳市,南昌路口北,1,4.20,0,generic_unsplash_fallback,https://images.unsplash.com/photo-1500530855697-b586d89ba3ee?auto=format&fit=crop&w=1200&q=80,https://images.unsplash.com/photo-1500530855697-b586d89ba3ee?auto=format&fit=crop&w=1200&q=80,"{公园,洛阳市,河南省}"
1494,兴洛湖公园,洛阳市,兴洛西街与关林路交叉口东南200米,1,4.20,0,generic_unsplash_fallback,https://images.unsplash.com/photo-1500530855697-b586d89ba3ee?auto=format&fit=crop&w=1200&q=80,https://images.unsplash.com/photo-1500530855697-b586d89ba3ee?auto=format&fit=crop&w=1200&q=80,"{公园,洛阳市,河南省}"
1495,寻迹洛神赋,洛阳市,金城寨街与站前西路东北角3号楼,1,4.20,0,generic_unsplash_fallback,https://images.unsplash.com/photo-1469854523086-cc02fe5d8800?auto=format&fit=crop&w=1200&q=80,https://images.unsplash.com/photo-1469854523086-cc02fe5d8800?auto=format&fit=crop&w=1200&q=80,"{旅游景点,洛阳市,河南省}"
1542,伊滨中央公园,洛阳市,玉溪东街与兰台路交叉口西南420米,1,4.20,0,generic_unsplash_fallback,https://images.unsplash.com/photo-1500530855697-b586d89ba3ee?auto=format&fit=crop&w=1200&q=80,https://images.unsplash.com/photo-1500530855697-b586d89ba3ee?auto=format&fit=crop&w=1200&q=80,"{公园,洛阳市,河南省}"
1556,伊河湿地公园,洛阳市,伊水西路,1,4.20,0,generic_unsplash_fallback,https://images.unsplash.com/photo-1500530855697-b586d89ba3ee?auto=format&fit=crop&w=1200&q=80,https://images.unsplash.com/photo-1500530855697-b586d89ba3ee?auto=format&fit=crop&w=1200&q=80,"{公园,洛阳市,河南省}"
1540,伊水亭,洛阳市,伊水游园(东北角),1,4.20,0,generic_unsplash_fallback,https://images.unsplash.com/photo-1469854523086-cc02fe5d8800?auto=format&fit=crop&w=1200&q=80,https://images.unsplash.com/photo-1469854523086-cc02fe5d8800?auto=format&fit=crop&w=1200&q=80,"{旅游景点,洛阳市,河南省}"
1502,伊水游园,洛阳市,三川大道与伊洛路交叉口东北400米,1,4.20,0,generic_unsplash_fallback,https://images.unsplash.com/photo-1469854523086-cc02fe5d8800?auto=format&fit=crop&w=1200&q=80,https://images.unsplash.com/photo-1469854523086-cc02fe5d8800?auto=format&fit=crop&w=1200&q=80,"{风景名胜,洛阳市,河南省}"
1552,伊水游园求是段,洛阳市,伊水游园·阳光沙滩,1,4.20,0,generic_unsplash_fallback,https://images.unsplash.com/photo-1500530855697-b586d89ba3ee?auto=format&fit=crop&w=1200&q=80,https://images.unsplash.com/photo-1500530855697-b586d89ba3ee?auto=format&fit=crop&w=1200&q=80,"{公园,洛阳市,河南省}"
1548,伊水游园唐韵段,洛阳市,伊河堤顶路,1,4.20,0,generic_unsplash_fallback,https://images.unsplash.com/photo-1500530855697-b586d89ba3ee?auto=format&fit=crop&w=1200&q=80,https://images.unsplash.com/photo-1500530855697-b586d89ba3ee?auto=format&fit=crop&w=1200&q=80,"{公园,洛阳市,河南省}"
1486,应天门,洛阳市,定鼎南路23号,1,4.20,0,generic_unsplash_fallback,https://images.unsplash.com/photo-1469854523086-cc02fe5d8800?auto=format&fit=crop&w=1200&q=80,https://images.unsplash.com/photo-1469854523086-cc02fe5d8800?auto=format&fit=crop&w=1200&q=80,"{风景名胜,洛阳市,河南省}"
1517,应天门南广场,洛阳市,定鼎南路23号隋唐洛阳城应天门遗址博物馆,1,4.20,0,generic_unsplash_fallback,https://images.unsplash.com/photo-1500530855697-b586d89ba3ee?auto=format&fit=crop&w=1200&q=80,https://images.unsplash.com/photo-1500530855697-b586d89ba3ee?auto=format&fit=crop&w=1200&q=80,"{公园广场,洛阳市,河南省}"
1481,中国国花园,洛阳市,龙门大道2号(洛阳桥南),1,4.20,0,generic_unsplash_fallback,https://images.unsplash.com/photo-1500530855697-b586d89ba3ee?auto=format&fit=crop&w=1200&q=80,https://images.unsplash.com/photo-1500530855697-b586d89ba3ee?auto=format&fit=crop&w=1200&q=80,"{公园,洛阳市,河南省}"
1507,中国薰衣草庄园,洛阳市,韩马线北50米,1,4.20,0,generic_unsplash_fallback,https://images.unsplash.com/photo-1469854523086-cc02fe5d8800?auto=format&fit=crop&w=1200&q=80,https://images.unsplash.com/photo-1469854523086-cc02fe5d8800?auto=format&fit=crop&w=1200&q=80,"{旅游景点,洛阳市,河南省}"
1516,周山森林公园,洛阳市,周王陵路,1,4.20,0,generic_unsplash_fallback,https://images.unsplash.com/photo-1500530855697-b586d89ba3ee?auto=format&fit=crop&w=1200&q=80,https://images.unsplash.com/photo-1500530855697-b586d89ba3ee?auto=format&fit=crop&w=1200&q=80,"{风景名胜,洛阳市,河南省}"
1555,朱樱湖湿地公园,洛阳市,G310(连天线),1,4.20,0,generic_unsplash_fallback,https://images.unsplash.com/photo-1500530855697-b586d89ba3ee?auto=format&fit=crop&w=1200&q=80,https://images.unsplash.com/photo-1500530855697-b586d89ba3ee?auto=format&fit=crop&w=1200&q=80,"{公园,洛阳市,河南省}"
1514,朱樱塔,洛阳市,瀍滨西路,1,4.20,0,generic_unsplash_fallback,https://images.unsplash.com/photo-1444723121867-7a241cacace9?auto=format&fit=crop&w=1200&q=80,https://images.unsplash.com/photo-1444723121867-7a241cacace9?auto=format&fit=crop&w=1200&q=80,"{旅游景点,洛阳市,河南省}"
3336,99樟树林文创园,南昌市,佘山路66号(起凤路地铁站4号口步行450米),1,4.20,0,generic_unsplash_fallback,https://images.unsplash.com/photo-1500530855697-b586d89ba3ee?auto=format&fit=crop&w=1200&q=80,https://images.unsplash.com/photo-1500530855697-b586d89ba3ee?auto=format&fit=crop&w=1200&q=80,"{公园广场,南昌市,江西省}"
3353,艾溪湖森林湿地公园,南昌市,"",1,4.20,0,generic_unsplash_fallback,https://images.unsplash.com/photo-1500530855697-b586d89ba3ee?auto=format&fit=crop&w=1200&q=80,https://images.unsplash.com/photo-1500530855697-b586d89ba3ee?auto=format&fit=crop&w=1200&q=80,"{风景名胜,南昌市,江西省}"
3350,八一大桥黑猫观景台,南昌市,沿江北大道168号,1,4.20,0,generic_unsplash_fallback,https://images.unsplash.com/photo-1469854523086-cc02fe5d8800?auto=format&fit=crop&w=1200&q=80,https://images.unsplash.com/photo-1469854523086-cc02fe5d8800?auto=format&fit=crop&w=1200&q=80,"{观景点,南昌市,江西省}"
3318,八一公园,南昌市,百花洲街道民德路106号,1,4.20,0,generic_unsplash_fallback,https://images.unsplash.com/photo-1500530855697-b586d89ba3ee?auto=format&fit=crop&w=1200&q=80,https://images.unsplash.com/photo-1500530855697-b586d89ba3ee?auto=format&fit=crop&w=1200&q=80,"{公共厕所,南昌市,江西省}"
3308,八一广场,南昌市,八一大道317号,1,4.20,0,generic_unsplash_fallback,https://images.unsplash.com/photo-1444723121867-7a241cacace9?auto=format&fit=crop&w=1200&q=80,https://images.unsplash.com/photo-1444723121867-7a241cacace9?auto=format&fit=crop&w=1200&q=80,"{城市广场,南昌市,江西省}"
3328,八一南昌起义纪念塔,南昌市,大院街道大院街道八一大道八一广场内(南侧),1,4.20,0,generic_unsplash_fallback,https://images.unsplash.com/photo-1444723121867-7a241cacace9?auto=format&fit=crop&w=1200&q=80,https://images.unsplash.com/photo-1444723121867-7a241cacace9?auto=format&fit=crop&w=1200&q=80,"{纪念馆,南昌市,江西省}"
3343,百花洲,南昌市,民德路106号八一公园内,1,4.20,0,generic_unsplash_fallback,https://images.unsplash.com/photo-1469854523086-cc02fe5d8800?auto=format&fit=crop&w=1200&q=80,https://images.unsplash.com/photo-1469854523086-cc02fe5d8800?auto=format&fit=crop&w=1200&q=80,"{风景名胜,南昌市,江西省}"
3329,滨江月季园,南昌市,卧龙路与赣江南大道交汇处东,1,4.20,0,generic_unsplash_fallback,https://images.unsplash.com/photo-1500530855697-b586d89ba3ee?auto=format&fit=crop&w=1200&q=80,https://images.unsplash.com/photo-1500530855697-b586d89ba3ee?auto=format&fit=crop&w=1200&q=80,"{公园,南昌市,江西省}"
3377,澄碧湖公园,南昌市,莲塘街道向阳路,1,4.20,0,generic_unsplash_fallback,https://images.unsplash.com/photo-1500530855697-b586d89ba3ee?auto=format&fit=crop&w=1200&q=80,https://images.unsplash.com/photo-1500530855697-b586d89ba3ee?auto=format&fit=crop&w=1200&q=80,"{公园,南昌市,江西省}"
3357,翠园,南昌市,湾里管理局翠园文化广场,1,4.20,0,generic_unsplash_fallback,https://images.unsplash.com/photo-1500530855697-b586d89ba3ee?auto=format&fit=crop&w=1200&q=80,https://images.unsplash.com/photo-1500530855697-b586d89ba3ee?auto=format&fit=crop&w=1200&q=80,"{公园,南昌市,江西省}"
3344,大士院美食街区,南昌市,阳明路414号,1,4.20,0,generic_unsplash_fallback,https://images.unsplash.com/photo-1519608487953-e999c86e7455?auto=format&fit=crop&w=1200&q=80,https://images.unsplash.com/photo-1519608487953-e999c86e7455?auto=format&fit=crop&w=1200&q=80,"{美食街区,美食,夜游,城市漫步,低预算}"
3372,丹霞岛,南昌市,湖滨东路南150米,1,4.20,0,generic_unsplash_fallback,https://images.unsplash.com/photo-1500530855697-b586d89ba3ee?auto=format&fit=crop&w=1200&q=80,https://images.unsplash.com/photo-1500530855697-b586d89ba3ee?auto=format&fit=crop&w=1200&q=80,"{公园,南昌市,江西省}"
3305,赣江市民公园,南昌市,红谷中大道1614号,1,4.20,0,generic_unsplash_fallback,https://images.unsplash.com/photo-1500530855697-b586d89ba3ee?auto=format&fit=crop&w=1200&q=80,https://images.unsplash.com/photo-1500530855697-b586d89ba3ee?auto=format&fit=crop&w=1200&q=80,"{公园,南昌市,江西省}"
3363,怪石岭生态公园,南昌市,溪霞镇(近溪霞水库),1,4.20,0,generic_unsplash_fallback,https://images.unsplash.com/photo-1500530855697-b586d89ba3ee?auto=format&fit=crop&w=1200&q=80,https://images.unsplash.com/photo-1500530855697-b586d89ba3ee?auto=format&fit=crop&w=1200&q=80,"{国家级景点,南昌市,江西省}"
3326,贺龙指挥部旧址,南昌市,子固路165号,1,4.20,0,generic_unsplash_fallback,https://images.unsplash.com/photo-1469854523086-cc02fe5d8800?auto=format&fit=crop&w=1200&q=80,https://images.unsplash.com/photo-1469854523086-cc02fe5d8800?auto=format&fit=crop&w=1200&q=80,"{纪念馆,南昌市,江西省}"
3373,红谷滩湿地公园,南昌市,赣江南大道东,1,4.20,0,generic_unsplash_fallback,https://images.unsplash.com/photo-1500530855697-b586d89ba3ee?auto=format&fit=crop&w=1200&q=80,https://images.unsplash.com/photo-1500530855697-b586d89ba3ee?auto=format&fit=crop&w=1200&q=80,"{公园,南昌市,江西省}"
3378,洪都公园,南昌市,新溪桥路339号,1,4.20,0,generic_unsplash_fallback,https://images.unsplash.com/photo-1500530855697-b586d89ba3ee?auto=format&fit=crop&w=1200&q=80,https://images.unsplash.com/photo-1500530855697-b586d89ba3ee?auto=format&fit=crop&w=1200&q=80,"{公园,南昌市,江西省}"
3332,湖滨公园(南京东路),南昌市,南京东路2号,1,4.20,0,generic_unsplash_fallback,https://images.unsplash.com/photo-1500530855697-b586d89ba3ee?auto=format&fit=crop&w=1200&q=80,https://images.unsplash.com/photo-1500530855697-b586d89ba3ee?auto=format&fit=crop&w=1200&q=80,"{公园,南昌市,江西省}"
3359,江西林湾省级森林公园,南昌市,乌井路,1,4.20,0,generic_unsplash_fallback,https://images.unsplash.com/photo-1500530855697-b586d89ba3ee?auto=format&fit=crop&w=1200&q=80,https://images.unsplash.com/photo-1500530855697-b586d89ba3ee?auto=format&fit=crop&w=1200&q=80,"{风景名胜,南昌市,江西省}"
3361,九龙湖公园,南昌市,九龙湖管理处南龙蟠街与三清山大道交叉口东北侧,1,4.20,0,generic_unsplash_fallback,https://images.unsplash.com/photo-1500530855697-b586d89ba3ee?auto=format&fit=crop&w=1200&q=80,https://images.unsplash.com/photo-1500530855697-b586d89ba3ee?auto=format&fit=crop&w=1200&q=80,"{公园,南昌市,江西省}"
3340,九洲公园,南昌市,丹桂路与九洲大街交叉口东200米,1,4.20,0,generic_unsplash_fallback,https://images.unsplash.com/photo-1500530855697-b586d89ba3ee?auto=format&fit=crop&w=1200&q=80,https://images.unsplash.com/photo-1500530855697-b586d89ba3ee?auto=format&fit=crop&w=1200&q=80,"{公园,南昌市,江西省}"
3322,崛起广场,南昌市,新府路红谷滩行政广场(东侧),1,4.20,0,generic_unsplash_fallback,https://images.unsplash.com/photo-1444723121867-7a241cacace9?auto=format&fit=crop&w=1200&q=80,https://images.unsplash.com/photo-1444723121867-7a241cacace9?auto=format&fit=crop&w=1200&q=80,"{城市广场,南昌市,江西省}"
3324,礼步湖公园,南昌市,长堎镇解放路237号,1,4.20,0,generic_unsplash_fallback,https://images.unsplash.com/photo-1500530855697-b586d89ba3ee?auto=format&fit=crop&w=1200&q=80,https://images.unsplash.com/photo-1500530855697-b586d89ba3ee?auto=format&fit=crop&w=1200&q=80,"{公园,南昌市,江西省}"
3379,龙沙湾花海公园,南昌市,天然泳场西北侧110米,1,4.20,0,generic_unsplash_fallback,https://images.unsplash.com/photo-1500530855697-b586d89ba3ee?auto=format&fit=crop&w=1200&q=80,https://images.unsplash.com/photo-1500530855697-b586d89ba3ee?auto=format&fit=crop&w=1200&q=80,"{公园,南昌市,江西省}"
3312,马兰圩湿地公园,南昌市,礼步湖绿地中央公园以东,1,4.20,0,generic_unsplash_fallback,https://images.unsplash.com/photo-1500530855697-b586d89ba3ee?auto=format&fit=crop&w=1200&q=80,https://images.unsplash.com/photo-1500530855697-b586d89ba3ee?auto=format&fit=crop&w=1200&q=80,"{公园,南昌市,江西省}"
3356,梅岭生态旅游度假区,南昌市,052县道,1,4.20,0,generic_unsplash_fallback,https://images.unsplash.com/photo-1469854523086-cc02fe5d8800?auto=format&fit=crop&w=1200&q=80,https://images.unsplash.com/photo-1469854523086-cc02fe5d8800?auto=format&fit=crop&w=1200&q=80,"{国家级景点,南昌市,江西省}"
3368,磨盘山森林公园,南昌市,八面山路,1,4.20,0,generic_unsplash_fallback,https://images.unsplash.com/photo-1500530855697-b586d89ba3ee?auto=format&fit=crop&w=1200&q=80,https://images.unsplash.com/photo-1500530855697-b586d89ba3ee?auto=format&fit=crop&w=1200&q=80,"{公园,南昌市,江西省}"
3310,南昌八一起义纪念馆,南昌市,中山路380号,1,4.20,0,generic_unsplash_fallback,https://images.unsplash.com/photo-1469854523086-cc02fe5d8800?auto=format&fit=crop&w=1200&q=80,https://images.unsplash.com/photo-1469854523086-cc02fe5d8800?auto=format&fit=crop&w=1200&q=80,"{纪念馆,南昌市,江西省}"
3347,南昌车站,南昌市,赣江北大道与香江路交叉口东60米,1,4.20,0,generic_unsplash_fallback,https://images.unsplash.com/photo-1469854523086-cc02fe5d8800?auto=format&fit=crop&w=1200&q=80,https://images.unsplash.com/photo-1469854523086-cc02fe5d8800?auto=format&fit=crop&w=1200&q=80,"{旅游景点,南昌市,江西省}"
3323,南昌动物园(桃花南路),南昌市,桃花南路1288号,1,4.20,0,generic_unsplash_fallback,https://images.unsplash.com/photo-1469854523086-cc02fe5d8800?auto=format&fit=crop&w=1200&q=80,https://images.unsplash.com/photo-1469854523086-cc02fe5d8800?auto=format&fit=crop&w=1200&q=80,"{动物园,南昌市,江西省}"
3339,南昌故郡,南昌市,人杰路16号(滕王阁地铁站2号口步行70米),1,4.20,0,generic_unsplash_fallback,https://images.unsplash.com/photo-1469854523086-cc02fe5d8800?auto=format&fit=crop&w=1200&q=80,https://images.unsplash.com/photo-1469854523086-cc02fe5d8800?auto=format&fit=crop&w=1200&q=80,"{风景名胜,南昌市,江西省}"
3364,南昌海洋公园,南昌市,北京东路1984号(艾溪湖大桥下),1,4.20,0,generic_unsplash_fallback,https://images.unsplash.com/photo-1500530855697-b586d89ba3ee?auto=format&fit=crop&w=1200&q=80,https://images.unsplash.com/photo-1500530855697-b586d89ba3ee?auto=format&fit=crop&w=1200&q=80,"{水族馆,南昌市,江西省}"
3367,南昌汉代海昏侯国国家考古遗址公园,南昌市,紫金大道1号,1,4.20,0,generic_unsplash_fallback,https://images.unsplash.com/photo-1500530855697-b586d89ba3ee?auto=format&fit=crop&w=1200&q=80,https://images.unsplash.com/photo-1500530855697-b586d89ba3ee?auto=format&fit=crop&w=1200&q=80,"{公园,南昌市,江西省}"
3320,南昌舰主题园,南昌市,赣江大桥上游400米处南昌舰主题园内永久驻泊点,1,4.20,0,generic_unsplash_fallback,https://images.unsplash.com/photo-1469854523086-cc02fe5d8800?auto=format&fit=crop&w=1200&q=80,https://images.unsplash.com/photo-1469854523086-cc02fe5d8800?auto=format&fit=crop&w=1200&q=80,"{风景名胜,南昌市,江西省}"
3362,南昌军事主题公园,南昌市,吉安路666号,1,4.20,0,generic_unsplash_fallback,https://images.unsplash.com/photo-1500530855697-b586d89ba3ee?auto=format&fit=crop&w=1200&q=80,https://images.unsplash.com/photo-1500530855697-b586d89ba3ee?auto=format&fit=crop&w=1200&q=80,"{公园,南昌市,江西省}"
3306,南昌秋水广场音乐喷泉,南昌市,秋水广场(秋水广场地铁站5号口步行360米),1,4.20,0,generic_unsplash_fallback,https://images.unsplash.com/photo-1444723121867-7a241cacace9?auto=format&fit=crop&w=1200&q=80,https://images.unsplash.com/photo-1444723121867-7a241cacace9?auto=format&fit=crop&w=1200&q=80,"{风景名胜,南昌市,江西省}"
3342,南昌市小平小道陈列馆,南昌市,望城镇长征西路与XD52交叉口西南角,1,4.20,0,generic_unsplash_fallback,https://images.unsplash.com/photo-1469854523086-cc02fe5d8800?auto=format&fit=crop&w=1200&q=80,https://images.unsplash.com/photo-1469854523086-cc02fe5d8800?auto=format&fit=crop&w=1200&q=80,"{展览馆,南昌市,江西省}"
3317,南昌新四军军部旧址陈列馆,南昌市,象山南路119号(六眼井地铁站1号口步行360米),1,4.20,0,generic_unsplash_fallback,https://images.unsplash.com/photo-1469854523086-cc02fe5d8800?auto=format&fit=crop&w=1200&q=80,https://images.unsplash.com/photo-1469854523086-cc02fe5d8800?auto=format&fit=crop&w=1200&q=80,"{红色景区,南昌市,江西省}"
3348,南昌浔阳楼,南昌市,八一桥阳明路139车站对面,1,4.20,0,generic_unsplash_fallback,https://images.unsplash.com/photo-1469854523086-cc02fe5d8800?auto=format&fit=crop&w=1200&q=80,https://images.unsplash.com/photo-1469854523086-cc02fe5d8800?auto=format&fit=crop&w=1200&q=80,"{风景名胜,南昌市,江西省}"
3309,南昌之星广场,南昌市,赣江南大道1号,1,4.20,0,generic_unsplash_fallback,https://images.unsplash.com/photo-1444723121867-7a241cacace9?auto=format&fit=crop&w=1200&q=80,https://images.unsplash.com/photo-1444723121867-7a241cacace9?auto=format&fit=crop&w=1200&q=80,"{城市广场,南昌市,江西省}"
3330,南昌之星游乐园,南昌市,赣江南大道1号(近国际展览中心),1,4.20,0,generic_unsplash_fallback,https://images.unsplash.com/photo-1469854523086-cc02fe5d8800?auto=format&fit=crop&w=1200&q=80,https://images.unsplash.com/photo-1469854523086-cc02fe5d8800?auto=format&fit=crop&w=1200&q=80,"{国家级景点,南昌市,江西省}"
3375,前湖公园,南昌市,环湖路与莲花路交叉口西北80米,1,4.20,0,generic_unsplash_fallback,https://images.unsplash.com/photo-1500530855697-b586d89ba3ee?auto=format&fit=crop&w=1200&q=80,https://images.unsplash.com/photo-1500530855697-b586d89ba3ee?auto=format&fit=crop&w=1200&q=80,"{公园,南昌市,江西省}"
3380,青岚湖森林公园,南昌市,滨湖森林公园停车场西北300米处,1,4.20,0,generic_unsplash_fallback,https://images.unsplash.com/photo-1500530855697-b586d89ba3ee?auto=format&fit=crop&w=1200&q=80,https://images.unsplash.com/photo-1500530855697-b586d89ba3ee?auto=format&fit=crop&w=1200&q=80,"{公园,南昌市,江西省}"
3371,青山湖风景区,南昌市,湖滨西路1号,1,4.20,0,generic_unsplash_fallback,https://images.unsplash.com/photo-1469854523086-cc02fe5d8800?auto=format&fit=crop&w=1200&q=80,https://images.unsplash.com/photo-1469854523086-cc02fe5d8800?auto=format&fit=crop&w=1200&q=80,"{风景名胜,南昌市,江西省}"
3346,秋水广场北码头,南昌市,赣江中大道与会展路交叉口东南140米,1,4.20,0,generic_unsplash_fallback,https://images.unsplash.com/photo-1444723121867-7a241cacace9?auto=format&fit=crop&w=1200&q=80,https://images.unsplash.com/photo-1444723121867-7a241cacace9?auto=format&fit=crop&w=1200&q=80,"{风景名胜,南昌市,江西省}"
3345,秋水广场南码头,南昌市,红谷中大道121号,1,4.20,0,generic_unsplash_fallback,https://images.unsplash.com/photo-1444723121867-7a241cacace9?auto=format&fit=crop&w=1200&q=80,https://images.unsplash.com/photo-1444723121867-7a241cacace9?auto=format&fit=crop&w=1200&q=80,"{风景名胜,南昌市,江西省}"
3319,人民公园,南昌市,大院街道福州路96号,1,4.20,0,generic_unsplash_fallback,https://images.unsplash.com/photo-1500530855697-b586d89ba3ee?auto=format&fit=crop&w=1200&q=80,https://images.unsplash.com/photo-1500530855697-b586d89ba3ee?auto=format&fit=crop&w=1200&q=80,"{公园,南昌市,江西省}"
3341,孺子亭公园,南昌市,渊明南路65号(八一馆地铁站8号口步行480米),1,4.20,0,generic_unsplash_fallback,https://images.unsplash.com/photo-1500530855697-b586d89ba3ee?auto=format&fit=crop&w=1200&q=80,https://images.unsplash.com/photo-1500530855697-b586d89ba3ee?auto=format&fit=crop&w=1200&q=80,"{公园,南昌市,江西省}"
3316,绳金塔,南昌市,绳金塔街1号(绳金塔地铁站3号口步行230米),1,4.20,0,generic_unsplash_fallback,https://images.unsplash.com/photo-1444723121867-7a241cacace9?auto=format&fit=crop&w=1200&q=80,https://images.unsplash.com/photo-1444723121867-7a241cacace9?auto=format&fit=crop&w=1200&q=80,"{省级景点,南昌市,江西省}"
3337,水观音亭,南昌市,民德路215号,1,4.20,0,generic_unsplash_fallback,https://images.unsplash.com/photo-1469854523086-cc02fe5d8800?auto=format&fit=crop&w=1200&q=80,https://images.unsplash.com/photo-1469854523086-cc02fe5d8800?auto=format&fit=crop&w=1200&q=80,"{风景名胜,南昌市,江西省}"
3370,苏园见卿,南昌市,百花洲街道民德路106号八一公园内(南侧),1,4.20,0,generic_unsplash_fallback,https://images.unsplash.com/photo-1469854523086-cc02fe5d8800?auto=format&fit=crop&w=1200&q=80,https://images.unsplash.com/photo-1469854523086-cc02fe5d8800?auto=format&fit=crop&w=1200&q=80,"{风景名胜,南昌市,江西省}"
3349,滕阁秋风牌坊,南昌市,榕门路与章江路交叉口北120米,1,4.20,0,generic_unsplash_fallback,https://images.unsplash.com/photo-1469854523086-cc02fe5d8800?auto=format&fit=crop&w=1200&q=80,https://images.unsplash.com/photo-1469854523086-cc02fe5d8800?auto=format&fit=crop&w=1200&q=80,"{旅游景点,南昌市,江西省}"
3304,滕王阁,南昌市,仿古街44号,1,4.20,0,generic_unsplash_fallback,https://images.unsplash.com/photo-1469854523086-cc02fe5d8800?auto=format&fit=crop&w=1200&q=80,https://images.unsplash.com/photo-1469854523086-cc02fe5d8800?auto=format&fit=crop&w=1200&q=80,"{国家级景点,南昌市,江西省}"
3311,滕王阁北园,南昌市,沿江中大道与叠山路交叉口西北60米,1,4.20,0,generic_unsplash_fallback,https://images.unsplash.com/photo-1469854523086-cc02fe5d8800?auto=format&fit=crop&w=1200&q=80,https://images.unsplash.com/photo-1469854523086-cc02fe5d8800?auto=format&fit=crop&w=1200&q=80,"{风景名胜,南昌市,江西省}"
3333,滕王阁阁前广场,南昌市,仿古街44号滕王阁内(南侧),1,4.20,0,generic_unsplash_fallback,https://images.unsplash.com/photo-1444723121867-7a241cacace9?auto=format&fit=crop&w=1200&q=80,https://images.unsplash.com/photo-1444723121867-7a241cacace9?auto=format&fit=crop&w=1200&q=80,"{城市广场,南昌市,江西省}"
3335,滕王阁旅游区,南昌市,沿江中大道与抚河北路交叉口西北40米,1,4.20,0,generic_unsplash_fallback,https://images.unsplash.com/photo-1469854523086-cc02fe5d8800?auto=format&fit=crop&w=1200&q=80,https://images.unsplash.com/photo-1469854523086-cc02fe5d8800?auto=format&fit=crop&w=1200&q=80,"{旅游景点,南昌市,江西省}"
3327,滕王阁游轮,南昌市,滕王阁街道仿古街58号滕王阁(东南角),1,4.20,0,generic_unsplash_fallback,https://images.unsplash.com/photo-1469854523086-cc02fe5d8800?auto=format&fit=crop&w=1200&q=80,https://images.unsplash.com/photo-1469854523086-cc02fe5d8800?auto=format&fit=crop&w=1200&q=80,"{旅游景点,南昌市,江西省}"
3307,万寿宫,南昌市,中山路420号(万寿宫地铁站1号口步行280米),1,4.20,0,generic_unsplash_fallback,https://images.unsplash.com/photo-1469854523086-cc02fe5d8800?auto=format&fit=crop&w=1200&q=80,https://images.unsplash.com/photo-1469854523086-cc02fe5d8800?auto=format&fit=crop&w=1200&q=80,"{风景名胜,南昌市,江西省}"
3351,万寿宫花墙,南昌市,船山路与茅竹架交叉口东100米,1,4.20,0,generic_unsplash_fallback,https://images.unsplash.com/photo-1469854523086-cc02fe5d8800?auto=format&fit=crop&w=1200&q=80,https://images.unsplash.com/photo-1469854523086-cc02fe5d8800?auto=format&fit=crop&w=1200&q=80,"{旅游景点,南昌市,江西省}"
3325,王勃广场,南昌市,沿江中大道12号,1,4.20,0,generic_unsplash_fallback,https://images.unsplash.com/photo-1444723121867-7a241cacace9?auto=format&fit=crop&w=1200&q=80,https://images.unsplash.com/photo-1444723121867-7a241cacace9?auto=format&fit=crop&w=1200&q=80,"{城市广场,南昌市,江西省}"
3331,象湖湿地公园,南昌市,芳湖路,1,4.20,0,generic_unsplash_fallback,https://images.unsplash.com/photo-1500530855697-b586d89ba3ee?auto=format&fit=crop&w=1200&q=80,https://images.unsplash.com/photo-1500530855697-b586d89ba3ee?auto=format&fit=crop&w=1200&q=80,"{公园,南昌市,江西省}"
3376,象山森林公园,南昌市,象山镇,1,4.20,0,generic_unsplash_fallback,https://images.unsplash.com/photo-1500530855697-b586d89ba3ee?auto=format&fit=crop&w=1200&q=80,https://images.unsplash.com/photo-1500530855697-b586d89ba3ee?auto=format&fit=crop&w=1200&q=80,"{风景名胜,南昌市,江西省}"
3313,新洲文化广场,南昌市,沿江中大道18号,1,4.20,0,generic_unsplash_fallback,https://images.unsplash.com/photo-1500530855697-b586d89ba3ee?auto=format&fit=crop&w=1200&q=80,https://images.unsplash.com/photo-1500530855697-b586d89ba3ee?auto=format&fit=crop&w=1200&q=80,"{公园广场,南昌市,江西省}"
3358,星岭山地车公园,南昌市,052县道梅岭生态旅游度假区内(南侧),1,4.20,0,generic_unsplash_fallback,https://images.unsplash.com/photo-1500530855697-b586d89ba3ee?auto=format&fit=crop&w=1200&q=80,https://images.unsplash.com/photo-1500530855697-b586d89ba3ee?auto=format&fit=crop&w=1200&q=80,"{公园,南昌市,江西省}"
3374,燕鸣岛,南昌市,湖景花园小区对面,1,4.20,0,generic_unsplash_fallback,https://images.unsplash.com/photo-1500530855697-b586d89ba3ee?auto=format&fit=crop&w=1200&q=80,https://images.unsplash.com/photo-1500530855697-b586d89ba3ee?auto=format&fit=crop&w=1200&q=80,"{公园,南昌市,江西省}"
3334,阳明公园,南昌市,环湖路193号(阳明公园地铁站1号口步行210米),1,4.20,0,generic_unsplash_fallback,https://images.unsplash.com/photo-1500530855697-b586d89ba3ee?auto=format&fit=crop&w=1200&q=80,https://images.unsplash.com/photo-1500530855697-b586d89ba3ee?auto=format&fit=crop&w=1200&q=80,"{公园,南昌市,江西省}"
3365,瑶湖郊野森林公园,南昌市,紫阳东大道1号,1,4.20,0,generic_unsplash_fallback,https://images.unsplash.com/photo-1500530855697-b586d89ba3ee?auto=format&fit=crop&w=1200&q=80,https://images.unsplash.com/photo-1500530855697-b586d89ba3ee?auto=format&fit=crop&w=1200&q=80,"{风景名胜,南昌市,江西省}"
3314,佑民寺,南昌市,民德路181号(八一公园北面东湖东岸),1,4.20,0,generic_unsplash_fallback,https://images.unsplash.com/photo-1513415756790-2ac1db1297d0?auto=format&fit=crop&w=1200&q=80,https://images.unsplash.com/photo-1513415756790-2ac1db1297d0?auto=format&fit=crop&w=1200&q=80,"{寺庙道观,南昌市,江西省}"
3315,佑民寺文化街区,南昌市,民德路169附近,1,4.20,0,generic_unsplash_fallback,https://images.unsplash.com/photo-1513415756790-2ac1db1297d0?auto=format&fit=crop&w=1200&q=80,https://images.unsplash.com/photo-1513415756790-2ac1db1297d0?auto=format&fit=crop&w=1200&q=80,"{旅游景点,南昌市,江西省}"
3338,鱼目山公园,南昌市,经开大道与投书浦路交叉口西北420米,1,4.20,0,generic_unsplash_fallback,https://images.unsplash.com/photo-1500530855697-b586d89ba3ee?auto=format&fit=crop&w=1200&q=80,https://images.unsplash.com/photo-1500530855697-b586d89ba3ee?auto=format&fit=crop&w=1200&q=80,"{公园,南昌市,江西省}"
3369,鱼尾洲公园,南昌市,艾溪湖北路,1,4.20,0,generic_unsplash_fallback,https://images.unsplash.com/photo-1500530855697-b586d89ba3ee?auto=format&fit=crop&w=1200&q=80,https://images.unsplash.com/photo-1500530855697-b586d89ba3ee?auto=format&fit=crop&w=1200&q=80,"{公园,南昌市,江西省}"
3321,章江晓渡,南昌市,仿古街58号滕王阁景区滕王宴乐内,1,4.20,0,generic_unsplash_fallback,https://images.unsplash.com/photo-1469854523086-cc02fe5d8800?auto=format&fit=crop&w=1200&q=80,https://images.unsplash.com/photo-1469854523086-cc02fe5d8800?auto=format&fit=crop&w=1200&q=80,"{旅游景点,南昌市,江西省}"
495,白鹭洲公园,南京市,夫子庙白鹭村1号,1,4.20,0,generic_unsplash_fallback,https://images.unsplash.com/photo-1500530855697-b586d89ba3ee?auto=format&fit=crop&w=1200&q=80,https://images.unsplash.com/photo-1500530855697-b586d89ba3ee?auto=format&fit=crop&w=1200&q=80,"{公园,南京市,江苏省}"
441,白马公园,南京市,锁金村街道白马山庄1号(近龙蟠路),1,4.20,0,generic_unsplash_fallback,https://images.unsplash.com/photo-1500530855697-b586d89ba3ee?auto=format&fit=crop&w=1200&q=80,https://images.unsplash.com/photo-1500530855697-b586d89ba3ee?auto=format&fit=crop&w=1200&q=80,"{公园,南京市,江苏省}"
504,宝船厂遗址公园,南京市,漓江路57号,1,4.20,0,generic_unsplash_fallback,https://images.unsplash.com/photo-1500530855697-b586d89ba3ee?auto=format&fit=crop&w=1200&q=80,https://images.unsplash.com/photo-1500530855697-b586d89ba3ee?auto=format&fit=crop&w=1200&q=80,"{省级景点,南京市,江苏省}"
474,北极阁公园,南京市,鸡鸣寺路1号钟山风景名胜区玄武湖景区内西南侧,1,4.20,0,generic_unsplash_fallback,https://images.unsplash.com/photo-1500530855697-b586d89ba3ee?auto=format&fit=crop&w=1200&q=80,https://images.unsplash.com/photo-1500530855697-b586d89ba3ee?auto=format&fit=crop&w=1200&q=80,"{公园,南京市,江苏省}"
455,朝天宫,南京市,朝天宫4号(朝天宫地铁站1号口步行210米),1,4.20,0,generic_unsplash_fallback,https://images.unsplash.com/photo-1469854523086-cc02fe5d8800?auto=format&fit=crop&w=1200&q=80,https://images.unsplash.com/photo-1469854523086-cc02fe5d8800?auto=format&fit=crop&w=1200&q=80,"{国家级景点,南京市,江苏省}"
489,方山风景区,南京市,科学园,1,4.20,0,generic_unsplash_fallback,https://images.unsplash.com/photo-1469854523086-cc02fe5d8800?auto=format&fit=crop&w=1200&q=80,https://images.unsplash.com/photo-1469854523086-cc02fe5d8800?auto=format&fit=crop&w=1200&q=80,"{风景名胜,南京市,江苏省}"
481,芳桥,南京市,玄武巷1号玄武湖公园梁洲内,1,4.20,0,generic_unsplash_fallback,https://images.unsplash.com/photo-1469854523086-cc02fe5d8800?auto=format&fit=crop&w=1200&q=80,https://images.unsplash.com/photo-1469854523086-cc02fe5d8800?auto=format&fit=crop&w=1200&q=80,"{旅游景点,南京市,江苏省}"
434,夫子庙秦淮风光带,南京市,平江府路80-1(夫子庙地铁站2号口步行170米),1,4.20,0,generic_unsplash_fallback,https://images.unsplash.com/photo-1513415756790-2ac1db1297d0?auto=format&fit=crop&w=1200&q=80,https://images.unsplash.com/photo-1513415756790-2ac1db1297d0?auto=format&fit=crop&w=1200&q=80,"{国家级景点,南京市,江苏省}"
431,古鸡鸣寺,南京市,鸡鸣寺路1号钟山风景名胜区玄武湖景区内西南侧,1,4.20,0,generic_unsplash_fallback,https://images.unsplash.com/photo-1513415756790-2ac1db1297d0?auto=format&fit=crop&w=1200&q=80,https://images.unsplash.com/photo-1513415756790-2ac1db1297d0?auto=format&fit=crop&w=1200&q=80,"{寺庙道观,南京市,江苏省}"
468,古林公园,南京市,宁海路街道虎踞北路21号,1,4.20,0,generic_unsplash_fallback,https://images.unsplash.com/photo-1500530855697-b586d89ba3ee?auto=format&fit=crop&w=1200&q=80,https://images.unsplash.com/photo-1500530855697-b586d89ba3ee?auto=format&fit=crop&w=1200&q=80,"{公园,南京市,江苏省}"
456,鼓楼公园,南京市,北京西路1-2号(鼓楼地铁站6号口步行130米),1,4.20,0,generic_unsplash_fallback,https://images.unsplash.com/photo-1500530855697-b586d89ba3ee?auto=format&fit=crop&w=1200&q=80,https://images.unsplash.com/photo-1500530855697-b586d89ba3ee?auto=format&fit=crop&w=1200&q=80,"{城市漫步,胡同,摄影,休闲,夜游,美食}"
439,红山森林动物园,南京市,和燕路168号(红山动物园地铁站1号口步行400米),1,4.20,0,generic_unsplash_fallback,https://images.unsplash.com/photo-1469854523086-cc02fe5d8800?auto=format&fit=crop&w=1200&q=80,https://images.unsplash.com/photo-1469854523086-cc02fe5d8800?auto=format&fit=crop&w=1200&q=80,"{动物园,南京市,江苏省}"
490,江北新区佛手湖中央生态公园,南京市,沿山大道,1,4.20,0,generic_unsplash_fallback,https://images.unsplash.com/photo-1500530855697-b586d89ba3ee?auto=format&fit=crop&w=1200&q=80,https://images.unsplash.com/photo-1500530855697-b586d89ba3ee?auto=format&fit=crop&w=1200&q=80,"{公园,南京市,江苏省}"
472,金陵STYLE浪漫中心,南京市,龙蟠路100号玄武湖景区情侣园(东南角),1,4.20,0,generic_unsplash_fallback,https://images.unsplash.com/photo-1469854523086-cc02fe5d8800?auto=format&fit=crop&w=1200&q=80,https://images.unsplash.com/photo-1469854523086-cc02fe5d8800?auto=format&fit=crop&w=1200&q=80,"{风景名胜,南京市,江苏省}"
462,九华山公园,南京市,九华山路21号钟山风景名胜区玄武湖景区内南侧(九华山地铁站1号口步行310米),1,4.20,0,generic_unsplash_fallback,https://images.unsplash.com/photo-1500530855697-b586d89ba3ee?auto=format&fit=crop&w=1200&q=80,https://images.unsplash.com/photo-1500530855697-b586d89ba3ee?auto=format&fit=crop&w=1200&q=80,"{公园,南京市,江苏省}"
506,九龙湖公园,南京市,苏源大道与清水亭西路交叉口东,1,4.20,0,generic_unsplash_fallback,https://images.unsplash.com/photo-1500530855697-b586d89ba3ee?auto=format&fit=crop&w=1200&q=80,https://images.unsplash.com/photo-1500530855697-b586d89ba3ee?auto=format&fit=crop&w=1200&q=80,"{公园,南京市,江苏省}"
453,老门东,南京市,剪子巷与箍桶巷交汇处剪子巷54号,1,4.20,0,generic_unsplash_fallback,https://images.unsplash.com/photo-1469854523086-cc02fe5d8800?auto=format&fit=crop&w=1200&q=80,https://images.unsplash.com/photo-1469854523086-cc02fe5d8800?auto=format&fit=crop&w=1200&q=80,"{风景名胜,南京市,江苏省}"
461,灵谷景区,南京市,孝陵卫街道灵谷寺2号,1,4.20,0,generic_unsplash_fallback,https://images.unsplash.com/photo-1469854523086-cc02fe5d8800?auto=format&fit=crop&w=1200&q=80,https://images.unsplash.com/photo-1469854523086-cc02fe5d8800?auto=format&fit=crop&w=1200&q=80,"{风景名胜,南京市,江苏省}"
510,梅花谷公园,南京市,明陵路与植物园南路交叉口南,1,4.20,0,generic_unsplash_fallback,https://images.unsplash.com/photo-1500530855697-b586d89ba3ee?auto=format&fit=crop&w=1200&q=80,https://images.unsplash.com/photo-1500530855697-b586d89ba3ee?auto=format&fit=crop&w=1200&q=80,"{风景名胜,南京市,江苏省}"
467,美龄宫,南京市,中山陵9号钟山风景名胜区内(南侧),1,4.20,0,generic_unsplash_fallback,https://images.unsplash.com/photo-1469854523086-cc02fe5d8800?auto=format&fit=crop&w=1200&q=80,https://images.unsplash.com/photo-1469854523086-cc02fe5d8800?auto=format&fit=crop&w=1200&q=80,"{纪念馆,南京市,江苏省}"
447,明孝陵景区,南京市,石象路7号,1,4.20,0,generic_unsplash_fallback,https://images.unsplash.com/photo-1469854523086-cc02fe5d8800?auto=format&fit=crop&w=1200&q=80,https://images.unsplash.com/photo-1469854523086-cc02fe5d8800?auto=format&fit=crop&w=1200&q=80,"{世界遗产,南京市,江苏省}"
460,莫愁湖公园,南京市,莫愁湖街道莫愁湖街道水西门大街132号莫愁湖,1,4.20,0,generic_unsplash_fallback,https://images.unsplash.com/photo-1500530855697-b586d89ba3ee?auto=format&fit=crop&w=1200&q=80,https://images.unsplash.com/photo-1500530855697-b586d89ba3ee?auto=format&fit=crop&w=1200&q=80,"{公园,南京市,江苏省}"
494,幕燕滨江·燕子矶公园,南京市,临江街3号,1,4.20,0,generic_unsplash_fallback,https://images.unsplash.com/photo-1500530855697-b586d89ba3ee?auto=format&fit=crop&w=1200&q=80,https://images.unsplash.com/photo-1500530855697-b586d89ba3ee?auto=format&fit=crop&w=1200&q=80,"{公园,南京市,江苏省}"
443,南京1912街区,南京市,长江后街8号,1,4.20,0,generic_unsplash_fallback,https://images.unsplash.com/photo-1519608487953-e999c86e7455?auto=format&fit=crop&w=1200&q=80,https://images.unsplash.com/photo-1519608487953-e999c86e7455?auto=format&fit=crop&w=1200&q=80,"{旅游景点,南京市,江苏省}"
487,南京滨江公园(扬子江大道),南京市,江心洲街道扬子江大道228号,1,4.20,0,generic_unsplash_fallback,https://images.unsplash.com/photo-1500530855697-b586d89ba3ee?auto=format&fit=crop&w=1200&q=80,https://images.unsplash.com/photo-1500530855697-b586d89ba3ee?auto=format&fit=crop&w=1200&q=80,"{公园,南京市,江苏省}"
435,南京城墙景区-玄武门,南京市,玄武门路1号玄武湖公园(玄武门地铁站3号口步行300米),1,4.20,0,generic_unsplash_fallback,https://images.unsplash.com/photo-1469854523086-cc02fe5d8800?auto=format&fit=crop&w=1200&q=80,https://images.unsplash.com/photo-1469854523086-cc02fe5d8800?auto=format&fit=crop&w=1200&q=80,"{风景名胜,南京市,江苏省}"
438,南京城墙景区(神策门至太平门),南京市,解放门8号,1,4.20,0,generic_unsplash_fallback,https://images.unsplash.com/photo-1469854523086-cc02fe5d8800?auto=format&fit=crop&w=1200&q=80,https://images.unsplash.com/photo-1469854523086-cc02fe5d8800?auto=format&fit=crop&w=1200&q=80,"{风景名胜,南京市,江苏省}"
436,南京城墙台城景区,南京市,玄武湖公园,1,4.20,0,generic_unsplash_fallback,https://images.unsplash.com/photo-1469854523086-cc02fe5d8800?auto=format&fit=crop&w=1200&q=80,https://images.unsplash.com/photo-1469854523086-cc02fe5d8800?auto=format&fit=crop&w=1200&q=80,"{风景名胜,南京市,江苏省}"
440,南京夫子庙,南京市,贡院街152号,1,4.20,0,generic_unsplash_fallback,https://images.unsplash.com/photo-1513415756790-2ac1db1297d0?auto=format&fit=crop&w=1200&q=80,https://images.unsplash.com/photo-1513415756790-2ac1db1297d0?auto=format&fit=crop&w=1200&q=80,"{国家级景点,南京市,江苏省}"
500,南京国防园,南京市,虎踞路87号,1,4.20,0,generic_unsplash_fallback,https://images.unsplash.com/photo-1469854523086-cc02fe5d8800?auto=format&fit=crop&w=1200&q=80,https://images.unsplash.com/photo-1469854523086-cc02fe5d8800?auto=format&fit=crop&w=1200&q=80,"{省级景点,南京市,江苏省}"
496,南京金牛湖风景区,南京市,金牛路金牛湖景区,1,4.20,0,generic_unsplash_fallback,https://images.unsplash.com/photo-1469854523086-cc02fe5d8800?auto=format&fit=crop&w=1200&q=80,https://images.unsplash.com/photo-1469854523086-cc02fe5d8800?auto=format&fit=crop&w=1200&q=80,"{风景名胜,南京市,江苏省}"
497,南京聚宝山公园,南京市,玄武大道96号,1,4.20,0,generic_unsplash_fallback,https://images.unsplash.com/photo-1500530855697-b586d89ba3ee?auto=format&fit=crop&w=1200&q=80,https://images.unsplash.com/photo-1500530855697-b586d89ba3ee?auto=format&fit=crop&w=1200&q=80,"{公园,南京市,江苏省}"
483,南京老山国家森林公园,南京市,黄山岭路90号,1,4.20,0,generic_unsplash_fallback,https://images.unsplash.com/photo-1500530855697-b586d89ba3ee?auto=format&fit=crop&w=1200&q=80,https://images.unsplash.com/photo-1500530855697-b586d89ba3ee?auto=format&fit=crop&w=1200&q=80,"{国家级景点,南京市,江苏省}"
464,南京利济巷慰安所旧址陈列馆,南京市,五老村街道五老村街道利济巷2号,1,4.20,0,generic_unsplash_fallback,https://images.unsplash.com/photo-1469854523086-cc02fe5d8800?auto=format&fit=crop&w=1200&q=80,https://images.unsplash.com/photo-1469854523086-cc02fe5d8800?auto=format&fit=crop&w=1200&q=80,"{展览馆,南京市,江苏省}"
459,南京明故宫遗址公园,南京市,中山东路311-3号(明故宫地铁站3号口步行140米),1,4.20,0,generic_unsplash_fallback,https://images.unsplash.com/photo-1508804185872-d7badad00f7d?auto=format&fit=crop&w=1200&q=80,https://images.unsplash.com/photo-1508804185872-d7badad00f7d?auto=format&fit=crop&w=1200&q=80,"{历史古迹,博物馆,世界遗产,历史,摄影,亲子,室内}"
499,南京幕燕滨江风貌区,南京市,永济大道9号,1,4.20,0,generic_unsplash_fallback,https://images.unsplash.com/photo-1469854523086-cc02fe5d8800?auto=format&fit=crop&w=1200&q=80,https://images.unsplash.com/photo-1469854523086-cc02fe5d8800?auto=format&fit=crop&w=1200&q=80,"{风景名胜,南京市,江苏省}"
482,南京牛首山文化旅游区,南京市,宁丹大道18号,1,4.20,0,generic_unsplash_fallback,https://images.unsplash.com/photo-1469854523086-cc02fe5d8800?auto=format&fit=crop&w=1200&q=80,https://images.unsplash.com/photo-1469854523086-cc02fe5d8800?auto=format&fit=crop&w=1200&q=80,"{省级景点,南京市,江苏省}"
509,南京平山森林公园,南京市,马鞍街道马鞍镇平山林场,1,4.20,0,generic_unsplash_fallback,https://images.unsplash.com/photo-1500530855697-b586d89ba3ee?auto=format&fit=crop&w=1200&q=80,https://images.unsplash.com/photo-1500530855697-b586d89ba3ee?auto=format&fit=crop&w=1200&q=80,"{省级景点,南京市,江苏省}"
493,南京青奥体育公园,南京市,河滨路,1,4.20,0,generic_unsplash_fallback,https://images.unsplash.com/photo-1500530855697-b586d89ba3ee?auto=format&fit=crop&w=1200&q=80,https://images.unsplash.com/photo-1500530855697-b586d89ba3ee?auto=format&fit=crop&w=1200&q=80,"{公园,南京市,江苏省}"
501,南京汤山矿坑公园,南京市,美泉路11号,1,4.20,0,generic_unsplash_fallback,https://images.unsplash.com/photo-1500530855697-b586d89ba3ee?auto=format&fit=crop&w=1200&q=80,https://images.unsplash.com/photo-1500530855697-b586d89ba3ee?auto=format&fit=crop&w=1200&q=80,"{公园,南京市,江苏省}"
451,南京梧桐大道(陵园路),南京市,四方城西路与陵园路交叉口西60米,1,4.20,0,generic_unsplash_fallback,https://images.unsplash.com/photo-1469854523086-cc02fe5d8800?auto=format&fit=crop&w=1200&q=80,https://images.unsplash.com/photo-1469854523086-cc02fe5d8800?auto=format&fit=crop&w=1200&q=80,"{风景名胜,南京市,江苏省}"
492,南京游子山休闲旅游区,南京市,东坝街道游子山环山路6号,1,4.20,0,generic_unsplash_fallback,https://images.unsplash.com/photo-1469854523086-cc02fe5d8800?auto=format&fit=crop&w=1200&q=80,https://images.unsplash.com/photo-1469854523086-cc02fe5d8800?auto=format&fit=crop&w=1200&q=80,"{省级景点,南京市,江苏省}"
488,南京鱼嘴湿地公园,南京市,双闸街道扬子江大道460号,1,4.20,0,generic_unsplash_fallback,https://images.unsplash.com/photo-1500530855697-b586d89ba3ee?auto=format&fit=crop&w=1200&q=80,https://images.unsplash.com/photo-1500530855697-b586d89ba3ee?auto=format&fit=crop&w=1200&q=80,"{公园,南京市,江苏省}"
476,南京站北广场,南京市,龙蟠路264号南京站(南京站地铁站8号口旁),1,4.20,0,generic_unsplash_fallback,https://images.unsplash.com/photo-1444723121867-7a241cacace9?auto=format&fit=crop&w=1200&q=80,https://images.unsplash.com/photo-1444723121867-7a241cacace9?auto=format&fit=crop&w=1200&q=80,"{城市广场,南京市,江苏省}"
471,南京站南广场,南京市,龙蟠路111号南京站(南京站地铁站1号口步行110米),1,4.20,0,generic_unsplash_fallback,https://images.unsplash.com/photo-1444723121867-7a241cacace9?auto=format&fit=crop&w=1200&q=80,https://images.unsplash.com/photo-1444723121867-7a241cacace9?auto=format&fit=crop&w=1200&q=80,"{城市广场,南京市,江苏省}"
486,南京中国绿化博览园,南京市,扬子江大道228-1号,1,4.20,0,generic_unsplash_fallback,https://images.unsplash.com/photo-1500530855697-b586d89ba3ee?auto=format&fit=crop&w=1200&q=80,https://images.unsplash.com/photo-1500530855697-b586d89ba3ee?auto=format&fit=crop&w=1200&q=80,"{公园,南京市,江苏省}"
450,南京中山植物园,南京市,前湖后村1号中山陵园风景区,1,4.20,0,generic_unsplash_fallback,https://images.unsplash.com/photo-1469854523086-cc02fe5d8800?auto=format&fit=crop&w=1200&q=80,https://images.unsplash.com/photo-1469854523086-cc02fe5d8800?auto=format&fit=crop&w=1200&q=80,"{植物园,南京市,江苏省}"
449,毗卢寺,南京市,汉府街4号(西安门地铁站2号口步行370米),1,4.20,0,generic_unsplash_fallback,https://images.unsplash.com/photo-1513415756790-2ac1db1297d0?auto=format&fit=crop&w=1200&q=80,https://images.unsplash.com/photo-1513415756790-2ac1db1297d0?auto=format&fit=crop&w=1200&q=80,"{寺庙道观,南京市,江苏省}"
458,侵华日军南京大屠杀遇难同胞纪念馆,南京市,水西门大街418号,1,4.20,0,generic_unsplash_fallback,https://images.unsplash.com/photo-1469854523086-cc02fe5d8800?auto=format&fit=crop&w=1200&q=80,https://images.unsplash.com/photo-1469854523086-cc02fe5d8800?auto=format&fit=crop&w=1200&q=80,"{纪念馆,南京市,江苏省}"
457,清凉山公园,南京市,清凉山路83号(近广州路),1,4.20,0,generic_unsplash_fallback,https://images.unsplash.com/photo-1500530855697-b586d89ba3ee?auto=format&fit=crop&w=1200&q=80,https://images.unsplash.com/photo-1500530855697-b586d89ba3ee?auto=format&fit=crop&w=1200&q=80,"{公园,南京市,江苏省}"
508,求雨山文化公园,南京市,江浦街道江浦街道雨山路18号,1,4.20,0,generic_unsplash_fallback,https://images.unsplash.com/photo-1500530855697-b586d89ba3ee?auto=format&fit=crop&w=1200&q=80,https://images.unsplash.com/photo-1500530855697-b586d89ba3ee?auto=format&fit=crop&w=1200&q=80,"{公园,南京市,江苏省}"
475,台菱桥,南京市,玄武巷1号玄武湖公园菱洲内,1,4.20,0,generic_unsplash_fallback,https://images.unsplash.com/photo-1469854523086-cc02fe5d8800?auto=format&fit=crop&w=1200&q=80,https://images.unsplash.com/photo-1469854523086-cc02fe5d8800?auto=format&fit=crop&w=1200&q=80,"{风景名胜,南京市,江苏省}"
446,太阳宫广场,南京市,湖岗子村阳光路3号(岗子村地铁站3号口步行290米),1,4.20,0,generic_unsplash_fallback,https://images.unsplash.com/photo-1444723121867-7a241cacace9?auto=format&fit=crop&w=1200&q=80,https://images.unsplash.com/photo-1444723121867-7a241cacace9?auto=format&fit=crop&w=1200&q=80,"{风景名胜,南京市,江苏省}"
478,乌龙潭公园,南京市,广州路215号(省人民医院对面),1,4.20,0,generic_unsplash_fallback,https://images.unsplash.com/photo-1500530855697-b586d89ba3ee?auto=format&fit=crop&w=1200&q=80,https://images.unsplash.com/photo-1500530855697-b586d89ba3ee?auto=format&fit=crop&w=1200&q=80,"{省级景点,南京市,江苏省}"
470,梧桐大道九号网红打卡圣地,南京市,陵园路与四方城西路交叉口东60米,1,4.20,0,generic_unsplash_fallback,https://images.unsplash.com/photo-1469854523086-cc02fe5d8800?auto=format&fit=crop&w=1200&q=80,https://images.unsplash.com/photo-1469854523086-cc02fe5d8800?auto=format&fit=crop&w=1200&q=80,"{风景名胜,南京市,江苏省}"
479,午朝门公园,南京市,瑞金路街道御道街27号(明故宫遗址),1,4.20,0,generic_unsplash_fallback,https://images.unsplash.com/photo-1500530855697-b586d89ba3ee?auto=format&fit=crop&w=1200&q=80,https://images.unsplash.com/photo-1500530855697-b586d89ba3ee?auto=format&fit=crop&w=1200&q=80,"{公园,南京市,江苏省}"
452,武庙遗址(不对外开放),南京市,北京东路43号(鸡鸣寺地铁站5号口步行180米),1,4.20,0,generic_unsplash_fallback,https://images.unsplash.com/photo-1513415756790-2ac1db1297d0?auto=format&fit=crop&w=1200&q=80,https://images.unsplash.com/photo-1513415756790-2ac1db1297d0?auto=format&fit=crop&w=1200&q=80,"{寺庙道观,南京市,江苏省}"
484,象山湖公园,南京市,江浦街道象山水库,1,4.20,0,generic_unsplash_fallback,https://images.unsplash.com/photo-1500530855697-b586d89ba3ee?auto=format&fit=crop&w=1200&q=80,https://images.unsplash.com/photo-1500530855697-b586d89ba3ee?auto=format&fit=crop&w=1200&q=80,"{公园,南京市,江苏省}"
502,杏湖公园,南京市,绿联路,1,4.20,0,generic_unsplash_fallback,https://images.unsplash.com/photo-1500530855697-b586d89ba3ee?auto=format&fit=crop&w=1200&q=80,https://images.unsplash.com/photo-1500530855697-b586d89ba3ee?auto=format&fit=crop&w=1200&q=80,"{公园,南京市,江苏省}"
507,绣球公园,南京市,下关街道中山北路406号(近湖南路),1,4.20,0,generic_unsplash_fallback,https://images.unsplash.com/photo-1500530855697-b586d89ba3ee?auto=format&fit=crop&w=1200&q=80,https://images.unsplash.com/photo-1500530855697-b586d89ba3ee?auto=format&fit=crop&w=1200&q=80,"{公园,南京市,江苏省}"
432,玄武湖景区,南京市,玄武门路1号钟山风景名胜区西侧,1,4.20,0,generic_unsplash_fallback,https://images.unsplash.com/photo-1469854523086-cc02fe5d8800?auto=format&fit=crop&w=1200&q=80,https://images.unsplash.com/photo-1469854523086-cc02fe5d8800?auto=format&fit=crop&w=1200&q=80,"{国家级景点,南京市,江苏省}"
437,玄武湖景区情侣园,南京市,龙蟠路100号,1,4.20,0,generic_unsplash_fallback,https://images.unsplash.com/photo-1500530855697-b586d89ba3ee?auto=format&fit=crop&w=1200&q=80,https://images.unsplash.com/photo-1500530855697-b586d89ba3ee?auto=format&fit=crop&w=1200&q=80,"{公园,南京市,江苏省}"
469,玄武湖景区十里长堤,南京市,环湖路与阳光路交叉口北50米,1,4.20,0,generic_unsplash_fallback,https://images.unsplash.com/photo-1469854523086-cc02fe5d8800?auto=format&fit=crop&w=1200&q=80,https://images.unsplash.com/photo-1469854523086-cc02fe5d8800?auto=format&fit=crop&w=1200&q=80,"{旅游景点,南京市,江苏省}"
491,扬子江生态公园,南京市,滨江大道与广西埂大街交叉口南260米,1,4.20,0,generic_unsplash_fallback,https://images.unsplash.com/photo-1500530855697-b586d89ba3ee?auto=format&fit=crop&w=1200&q=80,https://images.unsplash.com/photo-1500530855697-b586d89ba3ee?auto=format&fit=crop&w=1200&q=80,"{公园,南京市,江苏省}"
465,颐和路12号民国建筑,南京市,颐和路12号,1,4.20,0,generic_unsplash_fallback,https://images.unsplash.com/photo-1469854523086-cc02fe5d8800?auto=format&fit=crop&w=1200&q=80,https://images.unsplash.com/photo-1469854523086-cc02fe5d8800?auto=format&fit=crop&w=1200&q=80,"{风景名胜,南京市,江苏省}"
477,颐和路公馆区第十二片区,南京市,江苏路5-1号,1,4.20,0,generic_unsplash_fallback,https://images.unsplash.com/photo-1469854523086-cc02fe5d8800?auto=format&fit=crop&w=1200&q=80,https://images.unsplash.com/photo-1469854523086-cc02fe5d8800?auto=format&fit=crop&w=1200&q=80,"{旅游景点,南京市,江苏省}"
480,颐和路历史文化街区,南京市,马鞍山路与宁夏路交叉口西北220米,1,4.20,0,generic_unsplash_fallback,https://images.unsplash.com/photo-1519608487953-e999c86e7455?auto=format&fit=crop&w=1200&q=80,https://images.unsplash.com/photo-1519608487953-e999c86e7455?auto=format&fit=crop&w=1200&q=80,"{风景名胜,南京市,江苏省}"
466,颐和路歪脖子树,南京市,颐和路与牯岭路交叉口东北80米,1,4.20,0,generic_unsplash_fallback,https://images.unsplash.com/photo-1469854523086-cc02fe5d8800?auto=format&fit=crop&w=1200&q=80,https://images.unsplash.com/photo-1469854523086-cc02fe5d8800?auto=format&fit=crop&w=1200&q=80,"{风景名胜,南京市,江苏省}"
503,雨花石地质公园,南京市,横梁街道米家洼,1,4.20,0,generic_unsplash_fallback,https://images.unsplash.com/photo-1500530855697-b586d89ba3ee?auto=format&fit=crop&w=1200&q=80,https://images.unsplash.com/photo-1500530855697-b586d89ba3ee?auto=format&fit=crop&w=1200&q=80,"{公园广场,南京市,江苏省}"
505,月牙湖公园,南京市,后标营路164号钟山风景名胜区内西南侧,1,4.20,0,generic_unsplash_fallback,https://images.unsplash.com/photo-1500530855697-b586d89ba3ee?auto=format&fit=crop&w=1200&q=80,https://images.unsplash.com/photo-1500530855697-b586d89ba3ee?auto=format&fit=crop&w=1200&q=80,"{公园,南京市,江苏省}"
445,瞻园,南京市,瞻园路128号,1,4.20,0,generic_unsplash_fallback,https://images.unsplash.com/photo-1469854523086-cc02fe5d8800?auto=format&fit=crop&w=1200&q=80,https://images.unsplash.com/photo-1469854523086-cc02fe5d8800?auto=format&fit=crop&w=1200&q=80,"{国家级景点,南京市,江苏省}"
442,中共代表团梅园新村纪念馆,南京市,汉府街18-1,1,4.20,0,generic_unsplash_fallback,https://images.unsplash.com/photo-1469854523086-cc02fe5d8800?auto=format&fit=crop&w=1200&q=80,https://images.unsplash.com/photo-1469854523086-cc02fe5d8800?auto=format&fit=crop&w=1200&q=80,"{纪念馆,南京市,江苏省}"
448,中山陵景区,南京市,石象路7号,1,4.20,0,generic_unsplash_fallback,https://images.unsplash.com/photo-1469854523086-cc02fe5d8800?auto=format&fit=crop&w=1200&q=80,https://images.unsplash.com/photo-1469854523086-cc02fe5d8800?auto=format&fit=crop&w=1200&q=80,"{风景名胜,南京市,江苏省}"
444,钟山风景名胜区,南京市,石象路7号,1,4.20,0,generic_unsplash_fallback,https://images.unsplash.com/photo-1469854523086-cc02fe5d8800?auto=format&fit=crop&w=1200&q=80,https://images.unsplash.com/photo-1469854523086-cc02fe5d8800?auto=format&fit=crop&w=1200&q=80,"{国家级景点,南京市,江苏省}"
498,钟山体育运动公园,南京市,灵谷寺路4号,1,4.20,0,generic_unsplash_fallback,https://images.unsplash.com/photo-1500530855697-b586d89ba3ee?auto=format&fit=crop&w=1200&q=80,https://images.unsplash.com/photo-1500530855697-b586d89ba3ee?auto=format&fit=crop&w=1200&q=80,"{公园,南京市,江苏省}"
433,总统府,南京市,长江路292号,1,4.20,0,generic_unsplash_fallback,https://images.unsplash.com/photo-1469854523086-cc02fe5d8800?auto=format&fit=crop&w=1200&q=80,https://images.unsplash.com/photo-1469854523086-cc02fe5d8800?auto=format&fit=crop&w=1200&q=80,"{国家级景点,南京市,江苏省}"
3050,白凿山登山公园,南宁市,"",1,4.20,0,generic_unsplash_fallback,https://images.unsplash.com/photo-1500530855697-b586d89ba3ee?auto=format&fit=crop&w=1200&q=80,https://images.unsplash.com/photo-1500530855697-b586d89ba3ee?auto=format&fit=crop&w=1200&q=80,"{公园,南宁市,广西壮族自治区}"
3009,百益上河城,南宁市,A16栋106号妙丝妮内衣店,1,4.20,0,generic_unsplash_fallback,https://images.unsplash.com/photo-1469854523086-cc02fe5d8800?auto=format&fit=crop&w=1200&q=80,https://images.unsplash.com/photo-1469854523086-cc02fe5d8800?auto=format&fit=crop&w=1200&q=80,"{服装鞋帽皮具店,南宁市,广西壮族自治区}"
3055,北湖北湿地公园,南宁市,园艺路与卢仙岭路交叉口北160米,1,4.20,0,generic_unsplash_fallback,https://images.unsplash.com/photo-1500530855697-b586d89ba3ee?auto=format&fit=crop&w=1200&q=80,https://images.unsplash.com/photo-1500530855697-b586d89ba3ee?auto=format&fit=crop&w=1200&q=80,"{公园,南宁市,广西壮族自治区}"
3016,滨湖广场,南宁市,民族大道与滨湖路交叉口北150米,1,4.20,0,generic_unsplash_fallback,https://images.unsplash.com/photo-1444723121867-7a241cacace9?auto=format&fit=crop&w=1200&q=80,https://images.unsplash.com/photo-1444723121867-7a241cacace9?auto=format&fit=crop&w=1200&q=80,"{城市广场,南宁市,广西壮族自治区}"
3018,朝阳广场,南宁市,人民东路73号(朝阳广场地铁站D口步行60米),1,4.20,0,generic_unsplash_fallback,https://images.unsplash.com/photo-1444723121867-7a241cacace9?auto=format&fit=crop&w=1200&q=80,https://images.unsplash.com/photo-1444723121867-7a241cacace9?auto=format&fit=crop&w=1200&q=80,"{城市广场,南宁市,广西壮族自治区}"
3007,邓颖超纪念馆,南宁市,三街两巷民族大道37号,1,4.20,0,generic_unsplash_fallback,https://images.unsplash.com/photo-1469854523086-cc02fe5d8800?auto=format&fit=crop&w=1200&q=80,https://images.unsplash.com/photo-1469854523086-cc02fe5d8800?auto=format&fit=crop&w=1200&q=80,"{纪念馆,南宁市,广西壮族自治区}"
3047,第三五象岭,南宁市,五象岭路36号五象岭森林公园(西南角),1,4.20,0,generic_unsplash_fallback,https://images.unsplash.com/photo-1469854523086-cc02fe5d8800?auto=format&fit=crop&w=1200&q=80,https://images.unsplash.com/photo-1469854523086-cc02fe5d8800?auto=format&fit=crop&w=1200&q=80,"{旅游景点,南宁市,广西壮族自治区}"
3033,风铃谷,南宁市,壮锦大道17号江南公园内,1,4.20,0,generic_unsplash_fallback,https://images.unsplash.com/photo-1469854523086-cc02fe5d8800?auto=format&fit=crop&w=1200&q=80,https://images.unsplash.com/photo-1469854523086-cc02fe5d8800?auto=format&fit=crop&w=1200&q=80,"{旅游景点,南宁市,广西壮族自治区}"
3040,广西高峰森林公园,南宁市,邕武路168号,1,4.20,0,generic_unsplash_fallback,https://images.unsplash.com/photo-1500530855697-b586d89ba3ee?auto=format&fit=crop&w=1200&q=80,https://images.unsplash.com/photo-1500530855697-b586d89ba3ee?auto=format&fit=crop&w=1200&q=80,"{公园,南宁市,广西壮族自治区}"
2993,广西壮族自治区烈士陵园,南宁市,长堽路256号,1,4.20,0,generic_unsplash_fallback,https://images.unsplash.com/photo-1469854523086-cc02fe5d8800?auto=format&fit=crop&w=1200&q=80,https://images.unsplash.com/photo-1469854523086-cc02fe5d8800?auto=format&fit=crop&w=1200&q=80,"{旅游景点,南宁市,广西壮族自治区}"
2991,广西壮族自治区药用植物园,南宁市,长堽路189号,1,4.20,0,generic_unsplash_fallback,https://images.unsplash.com/photo-1469854523086-cc02fe5d8800?auto=format&fit=crop&w=1200&q=80,https://images.unsplash.com/photo-1469854523086-cc02fe5d8800?auto=format&fit=crop&w=1200&q=80,"{植物园,南宁市,广西壮族自治区}"
3048,红豆滨江公园,南宁市,江北大道33号,1,4.20,0,generic_unsplash_fallback,https://images.unsplash.com/photo-1500530855697-b586d89ba3ee?auto=format&fit=crop&w=1200&q=80,https://images.unsplash.com/photo-1500530855697-b586d89ba3ee?auto=format&fit=crop&w=1200&q=80,"{公园,南宁市,广西壮族自治区}"
2982,金湖广场,南宁市,民族大道98-3号,1,4.20,0,generic_unsplash_fallback,https://images.unsplash.com/photo-1444723121867-7a241cacace9?auto=format&fit=crop&w=1200&q=80,https://images.unsplash.com/photo-1444723121867-7a241cacace9?auto=format&fit=crop&w=1200&q=80,"{城市广场,南宁市,广西壮族自治区}"
3054,九龙瀑布群国家森林公园,南宁市,镇龙乡大吾林场,1,4.20,0,generic_unsplash_fallback,https://images.unsplash.com/photo-1500530855697-b586d89ba3ee?auto=format&fit=crop&w=1200&q=80,https://images.unsplash.com/photo-1500530855697-b586d89ba3ee?auto=format&fit=crop&w=1200&q=80,"{风景名胜,南宁市,广西壮族自治区}"
2979,李明瑞韦拔群等革命烈士纪念馆,南宁市,双拥路1号南湖公园(西南角),1,4.20,0,generic_unsplash_fallback,https://images.unsplash.com/photo-1469854523086-cc02fe5d8800?auto=format&fit=crop&w=1200&q=80,https://images.unsplash.com/photo-1469854523086-cc02fe5d8800?auto=format&fit=crop&w=1200&q=80,"{纪念馆,南宁市,广西壮族自治区}"
3026,李明瑞韦拔群烈士碑园,南宁市,双拥路132号南湖公园,1,4.20,0,generic_unsplash_fallback,https://images.unsplash.com/photo-1469854523086-cc02fe5d8800?auto=format&fit=crop&w=1200&q=80,https://images.unsplash.com/photo-1469854523086-cc02fe5d8800?auto=format&fit=crop&w=1200&q=80,"{风景名胜,南宁市,广西壮族自治区}"
3031,良凤江国家森林公园,南宁市,友谊路78号,1,4.20,0,generic_unsplash_fallback,https://images.unsplash.com/photo-1500530855697-b586d89ba3ee?auto=format&fit=crop&w=1200&q=80,https://images.unsplash.com/photo-1500530855697-b586d89ba3ee?auto=format&fit=crop&w=1200&q=80,"{国家级景点,南宁市,广西壮族自治区}"
3006,柳沙公园,南宁市,荔滨大道与泰昌路交叉口东南400米,1,4.20,0,generic_unsplash_fallback,https://images.unsplash.com/photo-1500530855697-b586d89ba3ee?auto=format&fit=crop&w=1200&q=80,https://images.unsplash.com/photo-1500530855697-b586d89ba3ee?auto=format&fit=crop&w=1200&q=80,"{风景名胜,南宁市,广西壮族自治区}"
3038,龙虎山,南宁市,316省道,1,4.20,0,generic_unsplash_fallback,https://images.unsplash.com/photo-1469854523086-cc02fe5d8800?auto=format&fit=crop&w=1200&q=80,https://images.unsplash.com/photo-1469854523086-cc02fe5d8800?auto=format&fit=crop&w=1200&q=80,"{国家级景点,南宁市,广西壮族自治区}"
2978,民歌湖国际音乐小镇,南宁市,金浦路23号民歌广场旁,1,4.20,0,generic_unsplash_fallback,https://images.unsplash.com/photo-1469854523086-cc02fe5d8800?auto=format&fit=crop&w=1200&q=80,https://images.unsplash.com/photo-1469854523086-cc02fe5d8800?auto=format&fit=crop&w=1200&q=80,"{旅游景点,南宁市,广西壮族自治区}"
3004,民生广场-畅游阁,南宁市,民族大道与江北大道交叉口西南60米,1,4.20,0,generic_unsplash_fallback,https://images.unsplash.com/photo-1444723121867-7a241cacace9?auto=format&fit=crop&w=1200&q=80,https://images.unsplash.com/photo-1444723121867-7a241cacace9?auto=format&fit=crop&w=1200&q=80,"{风景名胜,南宁市,广西壮族自治区}"
2990,民族广场,南宁市,民族大道49-2号,1,4.20,0,generic_unsplash_fallback,https://images.unsplash.com/photo-1444723121867-7a241cacace9?auto=format&fit=crop&w=1200&q=80,https://images.unsplash.com/photo-1444723121867-7a241cacace9?auto=format&fit=crop&w=1200&q=80,"{城市广场,南宁市,广西壮族自治区}"
3001,民族文物苑,南宁市,古城路21-7号,1,4.20,0,generic_unsplash_fallback,https://images.unsplash.com/photo-1469854523086-cc02fe5d8800?auto=format&fit=crop&w=1200&q=80,https://images.unsplash.com/photo-1469854523086-cc02fe5d8800?auto=format&fit=crop&w=1200&q=80,"{风景名胜,南宁市,广西壮族自治区}"
3013,莫奈花园,南宁市,青秀山风景区内(东侧),1,4.20,0,generic_unsplash_fallback,https://images.unsplash.com/photo-1469854523086-cc02fe5d8800?auto=format&fit=crop&w=1200&q=80,https://images.unsplash.com/photo-1469854523086-cc02fe5d8800?auto=format&fit=crop&w=1200&q=80,"{旅游景点,南宁市,广西壮族自治区}"
3045,那考河湿地公园,南宁市,金川路,1,4.20,0,generic_unsplash_fallback,https://images.unsplash.com/photo-1500530855697-b586d89ba3ee?auto=format&fit=crop&w=1200&q=80,https://images.unsplash.com/photo-1500530855697-b586d89ba3ee?auto=format&fit=crop&w=1200&q=80,"{公园,南宁市,广西壮族自治区}"
2980,南湖公园,南宁市,双拥路1号,1,4.20,0,generic_unsplash_fallback,https://images.unsplash.com/photo-1500530855697-b586d89ba3ee?auto=format&fit=crop&w=1200&q=80,https://images.unsplash.com/photo-1500530855697-b586d89ba3ee?auto=format&fit=crop&w=1200&q=80,"{公园,南宁市,广西壮族自治区}"
3024,南湖公园九孔桥,南宁市,双拥路1号南湖公园内(西侧),1,4.20,0,generic_unsplash_fallback,https://images.unsplash.com/photo-1500530855697-b586d89ba3ee?auto=format&fit=crop&w=1200&q=80,https://images.unsplash.com/photo-1500530855697-b586d89ba3ee?auto=format&fit=crop&w=1200&q=80,"{风景名胜,南宁市,广西壮族自治区}"
2987,南湖公园名树博览园,南宁市,双拥路1号,1,4.20,0,generic_unsplash_fallback,https://images.unsplash.com/photo-1500530855697-b586d89ba3ee?auto=format&fit=crop&w=1200&q=80,https://images.unsplash.com/photo-1500530855697-b586d89ba3ee?auto=format&fit=crop&w=1200&q=80,"{植物园,南宁市,广西壮族自治区}"
2996,南湖公园南湖南广场,南宁市,双拥路1号,1,4.20,0,generic_unsplash_fallback,https://images.unsplash.com/photo-1500530855697-b586d89ba3ee?auto=format&fit=crop&w=1200&q=80,https://images.unsplash.com/photo-1500530855697-b586d89ba3ee?auto=format&fit=crop&w=1200&q=80,"{城市广场,南宁市,广西壮族自治区}"
3022,南宁东站北广场,南宁市,Z501附近,1,4.20,0,generic_unsplash_fallback,https://images.unsplash.com/photo-1444723121867-7a241cacace9?auto=format&fit=crop&w=1200&q=80,https://images.unsplash.com/photo-1444723121867-7a241cacace9?auto=format&fit=crop&w=1200&q=80,"{城市广场,南宁市,广西壮族自治区}"
3021,南宁东站南广场,南宁市,凤岭北路北侧(火车东站地铁站C口步行210米),1,4.20,0,generic_unsplash_fallback,https://images.unsplash.com/photo-1444723121867-7a241cacace9?auto=format&fit=crop&w=1200&q=80,https://images.unsplash.com/photo-1444723121867-7a241cacace9?auto=format&fit=crop&w=1200&q=80,"{城市广场,南宁市,广西壮族自治区}"
3012,南宁动物园,南宁市,大学东路73号,1,4.20,0,generic_unsplash_fallback,https://images.unsplash.com/photo-1469854523086-cc02fe5d8800?auto=format&fit=crop&w=1200&q=80,https://images.unsplash.com/photo-1469854523086-cc02fe5d8800?auto=format&fit=crop&w=1200&q=80,"{动物园,南宁市,广西壮族自治区}"
2997,南宁方特东盟神画,南宁市,青环路66号,1,4.20,0,generic_unsplash_fallback,https://images.unsplash.com/photo-1469854523086-cc02fe5d8800?auto=format&fit=crop&w=1200&q=80,https://images.unsplash.com/photo-1469854523086-cc02fe5d8800?auto=format&fit=crop&w=1200&q=80,"{旅游景点,南宁市,广西壮族自治区}"
3000,南宁孔庙,南宁市,青环路9号,1,4.20,0,generic_unsplash_fallback,https://images.unsplash.com/photo-1513415756790-2ac1db1297d0?auto=format&fit=crop&w=1200&q=80,https://images.unsplash.com/photo-1513415756790-2ac1db1297d0?auto=format&fit=crop&w=1200&q=80,"{寺庙道观,南宁市,广西壮族自治区}"
2995,南宁青秀山兰园,南宁市,青秀山风景区北1门附近,1,4.20,0,generic_unsplash_fallback,https://images.unsplash.com/photo-1469854523086-cc02fe5d8800?auto=format&fit=crop&w=1200&q=80,https://images.unsplash.com/photo-1469854523086-cc02fe5d8800?auto=format&fit=crop&w=1200&q=80,"{旅游景点,南宁市,广西壮族自治区}"
2994,南宁人民公园九曲桥,南宁市,民生街道民生街道人民东路1号南宁市人民公园(西南角),1,4.20,0,generic_unsplash_fallback,https://images.unsplash.com/photo-1500530855697-b586d89ba3ee?auto=format&fit=crop&w=1200&q=80,https://images.unsplash.com/photo-1500530855697-b586d89ba3ee?auto=format&fit=crop&w=1200&q=80,"{风景名胜,南宁市,广西壮族自治区}"
3039,南宁市花卉公园,南宁市,安阳路7号,1,4.20,0,generic_unsplash_fallback,https://images.unsplash.com/photo-1500530855697-b586d89ba3ee?auto=format&fit=crop&w=1200&q=80,https://images.unsplash.com/photo-1500530855697-b586d89ba3ee?auto=format&fit=crop&w=1200&q=80,"{公园,南宁市,广西壮族自治区}"
3032,南宁市江南公园,南宁市,壮锦大道17号,1,4.20,0,generic_unsplash_fallback,https://images.unsplash.com/photo-1500530855697-b586d89ba3ee?auto=format&fit=crop&w=1200&q=80,https://images.unsplash.com/photo-1500530855697-b586d89ba3ee?auto=format&fit=crop&w=1200&q=80,"{公园,南宁市,广西壮族自治区}"
2983,南宁市金花茶公园,南宁市,建政街道葛村路3-5号金花茶大厦,1,4.20,0,generic_unsplash_fallback,https://images.unsplash.com/photo-1500530855697-b586d89ba3ee?auto=format&fit=crop&w=1200&q=80,https://images.unsplash.com/photo-1500530855697-b586d89ba3ee?auto=format&fit=crop&w=1200&q=80,"{公园,南宁市,广西壮族自治区}"
3030,南宁市灵龟山公园落羽杉,南宁市,龙华路81号,1,4.20,0,generic_unsplash_fallback,https://images.unsplash.com/photo-1500530855697-b586d89ba3ee?auto=format&fit=crop&w=1200&q=80,https://images.unsplash.com/photo-1500530855697-b586d89ba3ee?auto=format&fit=crop&w=1200&q=80,"{风景名胜,南宁市,广西壮族自治区}"
3029,南宁市灵龟山景区,南宁市,江湾路,1,4.20,0,generic_unsplash_fallback,https://images.unsplash.com/photo-1469854523086-cc02fe5d8800?auto=format&fit=crop&w=1200&q=80,https://images.unsplash.com/photo-1469854523086-cc02fe5d8800?auto=format&fit=crop&w=1200&q=80,"{风景名胜,南宁市,广西壮族自治区}"
3052,南宁市明月湖相思湖公园,南宁市,相思湖西路7号相思湖公园,1,4.20,0,generic_unsplash_fallback,https://images.unsplash.com/photo-1500530855697-b586d89ba3ee?auto=format&fit=crop&w=1200&q=80,https://images.unsplash.com/photo-1500530855697-b586d89ba3ee?auto=format&fit=crop&w=1200&q=80,"{植物园,南宁市,广西壮族自治区}"
2986,南宁市人民公园,南宁市,民生街道民生街道人民东路1号,1,4.20,0,generic_unsplash_fallback,https://images.unsplash.com/photo-1500530855697-b586d89ba3ee?auto=format&fit=crop&w=1200&q=80,https://images.unsplash.com/photo-1500530855697-b586d89ba3ee?auto=format&fit=crop&w=1200&q=80,"{省级景点,南宁市,广西壮族自治区}"
3027,南宁市人民公园相亲角,南宁市,民生街道民生街道人民东路1号南宁市人民公园(西南角),1,4.20,0,generic_unsplash_fallback,https://images.unsplash.com/photo-1500530855697-b586d89ba3ee?auto=format&fit=crop&w=1200&q=80,https://images.unsplash.com/photo-1500530855697-b586d89ba3ee?auto=format&fit=crop&w=1200&q=80,"{公园,南宁市,广西壮族自治区}"
3035,南宁市五象湖公园-北海园,南宁市,良庆镇玉洞大道五象湖公园北海园,1,4.20,0,generic_unsplash_fallback,https://images.unsplash.com/photo-1500530855697-b586d89ba3ee?auto=format&fit=crop&w=1200&q=80,https://images.unsplash.com/photo-1500530855697-b586d89ba3ee?auto=format&fit=crop&w=1200&q=80,"{植物园,南宁市,广西壮族自治区}"
3053,南宁市邕江一桥江滨休闲公园,南宁市,星光大道1号,1,4.20,0,generic_unsplash_fallback,https://images.unsplash.com/photo-1500530855697-b586d89ba3ee?auto=format&fit=crop&w=1200&q=80,https://images.unsplash.com/photo-1500530855697-b586d89ba3ee?auto=format&fit=crop&w=1200&q=80,"{公园,南宁市,广西壮族自治区}"
3049,南宁伊特诺·艺术花园,南宁市,大鸡村四方岭6队66-6号,1,4.20,0,generic_unsplash_fallback,https://images.unsplash.com/photo-1469854523086-cc02fe5d8800?auto=format&fit=crop&w=1200&q=80,https://images.unsplash.com/photo-1469854523086-cc02fe5d8800?auto=format&fit=crop&w=1200&q=80,"{旅游景点,南宁市,广西壮族自治区}"
3015,南宁植物园,南宁市,凤岭南路6-6号青秀山风景区北门,1,4.20,0,generic_unsplash_fallback,https://images.unsplash.com/photo-1469854523086-cc02fe5d8800?auto=format&fit=crop&w=1200&q=80,https://images.unsplash.com/photo-1469854523086-cc02fe5d8800?auto=format&fit=crop&w=1200&q=80,"{植物园,南宁市,广西壮族自治区}"
3056,南铁记忆铁路主题文化公园,南宁市,心圩江公园,1,4.20,0,generic_unsplash_fallback,https://images.unsplash.com/photo-1500530855697-b586d89ba3ee?auto=format&fit=crop&w=1200&q=80,https://images.unsplash.com/photo-1500530855697-b586d89ba3ee?auto=format&fit=crop&w=1200&q=80,"{公园,南宁市,广西壮族自治区}"
3042,蒲津公园,南宁市,银峰路101号,1,4.20,0,generic_unsplash_fallback,https://images.unsplash.com/photo-1500530855697-b586d89ba3ee?auto=format&fit=crop&w=1200&q=80,https://images.unsplash.com/photo-1500530855697-b586d89ba3ee?auto=format&fit=crop&w=1200&q=80,"{公园,南宁市,广西壮族自治区}"
2981,青秀山风景区,南宁市,凤岭南路6-6号,1,4.20,0,generic_unsplash_fallback,https://images.unsplash.com/photo-1469854523086-cc02fe5d8800?auto=format&fit=crop&w=1200&q=80,https://images.unsplash.com/photo-1469854523086-cc02fe5d8800?auto=format&fit=crop&w=1200&q=80,"{国家级景点,南宁市,广西壮族自治区}"
2998,青秀山风景区东区,南宁市,凤岭南路青秀山风景区内(东北角),1,4.20,0,generic_unsplash_fallback,https://images.unsplash.com/photo-1469854523086-cc02fe5d8800?auto=format&fit=crop&w=1200&q=80,https://images.unsplash.com/photo-1469854523086-cc02fe5d8800?auto=format&fit=crop&w=1200&q=80,"{风景名胜,南宁市,广西壮族自治区}"
2992,青秀山风景区观音禅寺,南宁市,青秀山管理委员会津头街道凤岭南路6号青秀山风景区内,1,4.20,0,generic_unsplash_fallback,https://images.unsplash.com/photo-1513415756790-2ac1db1297d0?auto=format&fit=crop&w=1200&q=80,https://images.unsplash.com/photo-1513415756790-2ac1db1297d0?auto=format&fit=crop&w=1200&q=80,"{寺庙道观,南宁市,广西壮族自治区}"
3014,青秀山风景区千年苏铁园,南宁市,青秀山景区内,1,4.20,0,generic_unsplash_fallback,https://images.unsplash.com/photo-1469854523086-cc02fe5d8800?auto=format&fit=crop&w=1200&q=80,https://images.unsplash.com/photo-1469854523086-cc02fe5d8800?auto=format&fit=crop&w=1200&q=80,"{风景名胜,南宁市,广西壮族自治区}"
3011,青秀山风铃谷,南宁市,青环路21号,1,4.20,0,generic_unsplash_fallback,https://images.unsplash.com/photo-1469854523086-cc02fe5d8800?auto=format&fit=crop&w=1200&q=80,https://images.unsplash.com/photo-1469854523086-cc02fe5d8800?auto=format&fit=crop&w=1200&q=80,"{风景名胜,南宁市,广西壮族自治区}"
3017,青秀山雨林大观,南宁市,风岭南路1号青秀山风景区内,1,4.20,0,generic_unsplash_fallback,https://images.unsplash.com/photo-1469854523086-cc02fe5d8800?auto=format&fit=crop&w=1200&q=80,https://images.unsplash.com/photo-1469854523086-cc02fe5d8800?auto=format&fit=crop&w=1200&q=80,"{风景名胜,南宁市,广西壮族自治区}"
2989,狮山公园,南宁市,朝阳街道邕武路4号,1,4.20,0,generic_unsplash_fallback,https://images.unsplash.com/photo-1500530855697-b586d89ba3ee?auto=format&fit=crop&w=1200&q=80,https://images.unsplash.com/photo-1500530855697-b586d89ba3ee?auto=format&fit=crop&w=1200&q=80,"{公园,南宁市,广西壮族自治区}"
3028,狮山公园红豆谷主题乐园,南宁市,朝阳街道邕武路4-1号狮山公园西侧门,1,4.20,0,generic_unsplash_fallback,https://images.unsplash.com/photo-1500530855697-b586d89ba3ee?auto=format&fit=crop&w=1200&q=80,https://images.unsplash.com/photo-1500530855697-b586d89ba3ee?auto=format&fit=crop&w=1200&q=80,"{公园,南宁市,广西壮族自治区}"
2985,石门公园,南宁市,民族大道118号,1,4.20,0,generic_unsplash_fallback,https://images.unsplash.com/photo-1500530855697-b586d89ba3ee?auto=format&fit=crop&w=1200&q=80,https://images.unsplash.com/photo-1500530855697-b586d89ba3ee?auto=format&fit=crop&w=1200&q=80,"{风景名胜,南宁市,广西壮族自治区}"
3025,四季花园,南宁市,双拥路1号南湖公园内(东侧),1,4.20,0,generic_unsplash_fallback,https://images.unsplash.com/photo-1469854523086-cc02fe5d8800?auto=format&fit=crop&w=1200&q=80,https://images.unsplash.com/photo-1469854523086-cc02fe5d8800?auto=format&fit=crop&w=1200&q=80,"{旅游景点,南宁市,广西壮族自治区}"
3036,祟左园,南宁市,五象湖公园,1,4.20,0,generic_unsplash_fallback,https://images.unsplash.com/photo-1469854523086-cc02fe5d8800?auto=format&fit=crop&w=1200&q=80,https://images.unsplash.com/photo-1469854523086-cc02fe5d8800?auto=format&fit=crop&w=1200&q=80,"{风景名胜,南宁市,广西壮族自治区}"
3005,桃花岛,南宁市,青秀山景区内,1,4.20,0,generic_unsplash_fallback,https://images.unsplash.com/photo-1469854523086-cc02fe5d8800?auto=format&fit=crop&w=1200&q=80,https://images.unsplash.com/photo-1469854523086-cc02fe5d8800?auto=format&fit=crop&w=1200&q=80,"{风景名胜,南宁市,广西壮族自治区}"
3008,旺庆广场,南宁市,金洲路与金洲路南二里交叉口东北60米,1,4.20,0,generic_unsplash_fallback,https://images.unsplash.com/photo-1444723121867-7a241cacace9?auto=format&fit=crop&w=1200&q=80,https://images.unsplash.com/photo-1444723121867-7a241cacace9?auto=format&fit=crop&w=1200&q=80,"{城市广场,南宁市,广西壮族自治区}"
3034,五象湖公园,南宁市,良庆镇玉洞大道与平乐大道交叉口,1,4.20,0,generic_unsplash_fallback,https://images.unsplash.com/photo-1500530855697-b586d89ba3ee?auto=format&fit=crop&w=1200&q=80,https://images.unsplash.com/photo-1500530855697-b586d89ba3ee?auto=format&fit=crop&w=1200&q=80,"{公园,南宁市,广西壮族自治区}"
3046,五象岭森林公园,南宁市,五象岭路36号,1,4.20,0,generic_unsplash_fallback,https://images.unsplash.com/photo-1500530855697-b586d89ba3ee?auto=format&fit=crop&w=1200&q=80,https://images.unsplash.com/photo-1500530855697-b586d89ba3ee?auto=format&fit=crop&w=1200&q=80,"{风景名胜,南宁市,广西壮族自治区}"
3043,西津国家湿地公园,南宁市,沙埠村,1,4.20,0,generic_unsplash_fallback,https://images.unsplash.com/photo-1500530855697-b586d89ba3ee?auto=format&fit=crop&w=1200&q=80,https://images.unsplash.com/photo-1500530855697-b586d89ba3ee?auto=format&fit=crop&w=1200&q=80,"{旅游景点,南宁市,广西壮族自治区}"
3044,西津国家湿地公园逍遥岛,南宁市,西津国家湿地公园,1,4.20,0,generic_unsplash_fallback,https://images.unsplash.com/photo-1500530855697-b586d89ba3ee?auto=format&fit=crop&w=1200&q=80,https://images.unsplash.com/photo-1500530855697-b586d89ba3ee?auto=format&fit=crop&w=1200&q=80,"{风景名胜,南宁市,广西壮族自治区}"
3051,相思湖公园,南宁市,相思湖西路7号,1,4.20,0,generic_unsplash_fallback,https://images.unsplash.com/photo-1500530855697-b586d89ba3ee?auto=format&fit=crop&w=1200&q=80,https://images.unsplash.com/photo-1500530855697-b586d89ba3ee?auto=format&fit=crop&w=1200&q=80,"{公园,南宁市,广西壮族自治区}"
3041,新秀公园,南宁市,明秀西路159号,1,4.20,0,generic_unsplash_fallback,https://images.unsplash.com/photo-1500530855697-b586d89ba3ee?auto=format&fit=crop&w=1200&q=80,https://images.unsplash.com/photo-1500530855697-b586d89ba3ee?auto=format&fit=crop&w=1200&q=80,"{公园,南宁市,广西壮族自治区}"
2988,荫生植物园,南宁市,凤翼路青秀山风景区(西北角),1,4.20,0,generic_unsplash_fallback,https://images.unsplash.com/photo-1469854523086-cc02fe5d8800?auto=format&fit=crop&w=1200&q=80,https://images.unsplash.com/photo-1469854523086-cc02fe5d8800?auto=format&fit=crop&w=1200&q=80,"{植物园,南宁市,广西壮族自治区}"
3057,邕江运动公园,南宁市,江北大道与新村大道交叉口南100米,1,4.20,0,generic_unsplash_fallback,https://images.unsplash.com/photo-1500530855697-b586d89ba3ee?auto=format&fit=crop&w=1200&q=80,https://images.unsplash.com/photo-1500530855697-b586d89ba3ee?auto=format&fit=crop&w=1200&q=80,"{风景名胜,南宁市,广西壮族自治区}"
3002,邕州阁,南宁市,凤岭南路1号(青秀山地铁站B口步行390米),1,4.20,0,generic_unsplash_fallback,https://images.unsplash.com/photo-1469854523086-cc02fe5d8800?auto=format&fit=crop&w=1200&q=80,https://images.unsplash.com/photo-1469854523086-cc02fe5d8800?auto=format&fit=crop&w=1200&q=80,"{旅馆招待所,南宁市,广西壮族自治区}"
3010,邕州古城·三街两巷历史文化街区2期,南宁市,当阳街与新华路交叉口南40米,1,4.20,0,generic_unsplash_fallback,https://images.unsplash.com/photo-1519608487953-e999c86e7455?auto=format&fit=crop&w=1200&q=80,https://images.unsplash.com/photo-1519608487953-e999c86e7455?auto=format&fit=crop&w=1200&q=80,"{风景名胜,南宁市,广西壮族自治区}"
2999,元气集,南宁市,文信路与金湖北路交叉口西100米,1,4.20,0,generic_unsplash_fallback,https://images.unsplash.com/photo-1469854523086-cc02fe5d8800?auto=format&fit=crop&w=1200&q=80,https://images.unsplash.com/photo-1469854523086-cc02fe5d8800?auto=format&fit=crop&w=1200&q=80,"{旅游景点,南宁市,广西壮族自治区}"
2984,云顶观光,南宁市,金湖路59号地王大厦59层,1,4.20,0,generic_unsplash_fallback,https://images.unsplash.com/photo-1469854523086-cc02fe5d8800?auto=format&fit=crop&w=1200&q=80,https://images.unsplash.com/photo-1469854523086-cc02fe5d8800?auto=format&fit=crop&w=1200&q=80,"{风景名胜,南宁市,广西壮族自治区}"
3019,中国-东盟博览会会址,南宁市,民族大道129号,1,4.20,0,generic_unsplash_fallback,https://images.unsplash.com/photo-1469854523086-cc02fe5d8800?auto=format&fit=crop&w=1200&q=80,https://images.unsplash.com/photo-1469854523086-cc02fe5d8800?auto=format&fit=crop&w=1200&q=80,"{风景名胜,南宁市,广西壮族自治区}"
1190,安泰广场,青岛市,连云港路76号(敦化路地铁站D口步行440米),1,4.20,0,generic_unsplash_fallback,https://images.unsplash.com/photo-1444723121867-7a241cacace9?auto=format&fit=crop&w=1200&q=80,https://images.unsplash.com/photo-1444723121867-7a241cacace9?auto=format&fit=crop&w=1200&q=80,"{城市广场,青岛市,山东省}"
1163,奥帆帆码头,青岛市,奥林匹克帆船中心·奥帆海洋文化旅游区(西北角),1,4.20,0,generic_unsplash_fallback,https://images.unsplash.com/photo-1469854523086-cc02fe5d8800?auto=format&fit=crop&w=1200&q=80,https://images.unsplash.com/photo-1469854523086-cc02fe5d8800?auto=format&fit=crop&w=1200&q=80,"{风景名胜,青岛市,山东省}"
1153,奥林匹克帆船中心·奥帆海洋文化旅游区,青岛市,澳门路86号奥帆中心,1,4.20,0,generic_unsplash_fallback,https://images.unsplash.com/photo-1469854523086-cc02fe5d8800?auto=format&fit=crop&w=1200&q=80,https://images.unsplash.com/photo-1469854523086-cc02fe5d8800?auto=format&fit=crop&w=1200&q=80,"{风景名胜,青岛市,山东省}"
1189,八大别墅区-蝴蝶楼,青岛市,山海关路21号,1,4.20,0,generic_unsplash_fallback,https://images.unsplash.com/photo-1469854523086-cc02fe5d8800?auto=format&fit=crop&w=1200&q=80,https://images.unsplash.com/photo-1469854523086-cc02fe5d8800?auto=format&fit=crop&w=1200&q=80,"{风景名胜,青岛市,山东省}"
1156,八大关风景区,青岛市,武胜关支路10号,1,4.20,0,generic_unsplash_fallback,https://images.unsplash.com/photo-1469854523086-cc02fe5d8800?auto=format&fit=crop&w=1200&q=80,https://images.unsplash.com/photo-1469854523086-cc02fe5d8800?auto=format&fit=crop&w=1200&q=80,"{风景名胜,青岛市,山东省}"
1218,白泥地公园,青岛市,环湾路,1,4.20,0,generic_unsplash_fallback,https://images.unsplash.com/photo-1500530855697-b586d89ba3ee?auto=format&fit=crop&w=1200&q=80,https://images.unsplash.com/photo-1500530855697-b586d89ba3ee?auto=format&fit=crop&w=1200&q=80,"{公园,青岛市,山东省}"
1225,百果山森林公园,青岛市,天水路27号,1,4.20,0,generic_unsplash_fallback,https://images.unsplash.com/photo-1500530855697-b586d89ba3ee?auto=format&fit=crop&w=1200&q=80,https://images.unsplash.com/photo-1500530855697-b586d89ba3ee?auto=format&fit=crop&w=1200&q=80,"{国家级景点,青岛市,山东省}"
1194,百花苑,青岛市,八大关街道八大关街道延安一路55号,1,4.20,0,generic_unsplash_fallback,https://images.unsplash.com/photo-1469854523086-cc02fe5d8800?auto=format&fit=crop&w=1200&q=80,https://images.unsplash.com/photo-1469854523086-cc02fe5d8800?auto=format&fit=crop&w=1200&q=80,"{国家级景点,青岛市,山东省}"
1193,比利时领事馆旧址,青岛市,太平角一路21号(太平角公园地铁站B口步行480米),1,4.20,0,generic_unsplash_fallback,https://images.unsplash.com/photo-1469854523086-cc02fe5d8800?auto=format&fit=crop&w=1200&q=80,https://images.unsplash.com/photo-1469854523086-cc02fe5d8800?auto=format&fit=crop&w=1200&q=80,"{旅游景点,青岛市,山东省}"
1210,滨海公园,青岛市,区大学东路东侧(山东大学青岛校区旁边),1,4.20,0,generic_unsplash_fallback,https://images.unsplash.com/photo-1500530855697-b586d89ba3ee?auto=format&fit=crop&w=1200&q=80,https://images.unsplash.com/photo-1500530855697-b586d89ba3ee?auto=format&fit=crop&w=1200&q=80,"{公园,青岛市,山东省}"
1213,东方伊甸园,青岛市,火炬路40号-1,1,4.20,0,generic_unsplash_fallback,https://images.unsplash.com/photo-1500530855697-b586d89ba3ee?auto=format&fit=crop&w=1200&q=80,https://images.unsplash.com/photo-1500530855697-b586d89ba3ee?auto=format&fit=crop&w=1200&q=80,"{公园,青岛市,山东省}"
1221,凤凰山公园,青岛市,薛家岛街道九龙山路与金沙滩路交叉口西南260米,1,4.20,0,generic_unsplash_fallback,https://images.unsplash.com/photo-1500530855697-b586d89ba3ee?auto=format&fit=crop&w=1200&q=80,https://images.unsplash.com/photo-1500530855697-b586d89ba3ee?auto=format&fit=crop&w=1200&q=80,"{公园,青岛市,山东省}"
1176,浮山森林公园,青岛市,银川西路,1,4.20,0,generic_unsplash_fallback,https://images.unsplash.com/photo-1500530855697-b586d89ba3ee?auto=format&fit=crop&w=1200&q=80,https://images.unsplash.com/photo-1500530855697-b586d89ba3ee?auto=format&fit=crop&w=1200&q=80,"{公园广场,青岛市,山东省}"
1192,浮山所,青岛市,南京路与漳浦路交叉口西200米,1,4.20,0,generic_unsplash_fallback,https://images.unsplash.com/photo-1469854523086-cc02fe5d8800?auto=format&fit=crop&w=1200&q=80,https://images.unsplash.com/photo-1469854523086-cc02fe5d8800?auto=format&fit=crop&w=1200&q=80,"{风景名胜,青岛市,山东省}"
1200,浮山阳光大草坪·春蜂来,青岛市,银川西路97号,1,4.20,0,generic_unsplash_fallback,https://images.unsplash.com/photo-1469854523086-cc02fe5d8800?auto=format&fit=crop&w=1200&q=80,https://images.unsplash.com/photo-1469854523086-cc02fe5d8800?auto=format&fit=crop&w=1200&q=80,"{风景名胜,青岛市,山东省}"
1173,宫崎骏漫画街,青岛市,龙江路与黄县路交叉口西南20米,1,4.20,0,generic_unsplash_fallback,https://images.unsplash.com/photo-1519608487953-e999c86e7455?auto=format&fit=crop&w=1200&q=80,https://images.unsplash.com/photo-1519608487953-e999c86e7455?auto=format&fit=crop&w=1200&q=80,"{风景名胜,青岛市,山东省}"
1195,观海木栈道,青岛市,珠海路街道澳门路138号燕儿岛智慧公园(东南角),1,4.20,0,generic_unsplash_fallback,https://images.unsplash.com/photo-1469854523086-cc02fe5d8800?auto=format&fit=crop&w=1200&q=80,https://images.unsplash.com/photo-1469854523086-cc02fe5d8800?auto=format&fit=crop&w=1200&q=80,"{风景名胜,青岛市,山东省}"
1215,国学公园,青岛市,正阳路1号,1,4.20,0,generic_unsplash_fallback,https://images.unsplash.com/photo-1500530855697-b586d89ba3ee?auto=format&fit=crop&w=1200&q=80,https://images.unsplash.com/photo-1500530855697-b586d89ba3ee?auto=format&fit=crop&w=1200&q=80,"{公园,青岛市,山东省}"
1151,海滨风景区,青岛市,东海西路24号(汇泉广场地铁站C口步行320米),1,4.20,0,generic_unsplash_fallback,https://images.unsplash.com/photo-1469854523086-cc02fe5d8800?auto=format&fit=crop&w=1200&q=80,https://images.unsplash.com/photo-1469854523086-cc02fe5d8800?auto=format&fit=crop&w=1200&q=80,"{风景名胜,青岛市,山东省}"
1175,海合安·青岛极地海洋公园,青岛市,东海东路60号,1,4.20,0,generic_unsplash_fallback,https://images.unsplash.com/photo-1500530855697-b586d89ba3ee?auto=format&fit=crop&w=1200&q=80,https://images.unsplash.com/photo-1500530855697-b586d89ba3ee?auto=format&fit=crop&w=1200&q=80,"{水族馆,青岛市,山东省}"
1206,海军公园,青岛市,海崖路与海军路交叉口,1,4.20,0,generic_unsplash_fallback,https://images.unsplash.com/photo-1500530855697-b586d89ba3ee?auto=format&fit=crop&w=1200&q=80,https://images.unsplash.com/photo-1500530855697-b586d89ba3ee?auto=format&fit=crop&w=1200&q=80,"{公园,青岛市,山东省}"
1220,海军公园栈桥,青岛市,滨海街道海军路中科院海洋大科学研究中心对面,1,4.20,0,generic_unsplash_fallback,https://images.unsplash.com/photo-1500530855697-b586d89ba3ee?auto=format&fit=crop&w=1200&q=80,https://images.unsplash.com/photo-1500530855697-b586d89ba3ee?auto=format&fit=crop&w=1200&q=80,"{旅游景点,青岛市,山东省}"
1172,海之恋Park,青岛市,东海东路与海兴路交叉口,1,4.20,0,generic_unsplash_fallback,https://images.unsplash.com/photo-1500530855697-b586d89ba3ee?auto=format&fit=crop&w=1200&q=80,https://images.unsplash.com/photo-1500530855697-b586d89ba3ee?auto=format&fit=crop&w=1200&q=80,"{公园,青岛市,山东省}"
1169,红楼,青岛市,山东路23号B2(五四广场地铁站出入口旁),1,4.20,0,generic_unsplash_fallback,https://images.unsplash.com/photo-1469854523086-cc02fe5d8800?auto=format&fit=crop&w=1200&q=80,https://images.unsplash.com/photo-1469854523086-cc02fe5d8800?auto=format&fit=crop&w=1200&q=80,"{风景名胜,青岛市,山东省}"
1223,湖滨公园-莱西湖生态休闲区,青岛市,湖滨路湖滨公园莱西湖生态休闲区,1,4.20,0,generic_unsplash_fallback,https://images.unsplash.com/photo-1500530855697-b586d89ba3ee?auto=format&fit=crop&w=1200&q=80,https://images.unsplash.com/photo-1500530855697-b586d89ba3ee?auto=format&fit=crop&w=1200&q=80,"{省级景点,青岛市,山东省}"
1202,花海,青岛市,漓江西路674号唐岛湾景区唐岛湾公园内唐岛湾南岸公园,1,4.20,0,generic_unsplash_fallback,https://images.unsplash.com/photo-1469854523086-cc02fe5d8800?auto=format&fit=crop&w=1200&q=80,https://images.unsplash.com/photo-1469854523086-cc02fe5d8800?auto=format&fit=crop&w=1200&q=80,"{旅游景点,青岛市,山东省}"
1180,花石楼,青岛市,黄海路18号,1,4.20,0,generic_unsplash_fallback,https://images.unsplash.com/photo-1469854523086-cc02fe5d8800?auto=format&fit=crop&w=1200&q=80,https://images.unsplash.com/photo-1469854523086-cc02fe5d8800?auto=format&fit=crop&w=1200&q=80,"{风景名胜,青岛市,山东省}"
1185,汇泉广场,青岛市,文登路1号(汇泉广场地铁站B口步行390米),1,4.20,0,generic_unsplash_fallback,https://images.unsplash.com/photo-1500530855697-b586d89ba3ee?auto=format&fit=crop&w=1200&q=80,https://images.unsplash.com/photo-1500530855697-b586d89ba3ee?auto=format&fit=crop&w=1200&q=80,"{公园,青岛市,山东省}"
1222,胶州三里河公园,青岛市,青岛路,1,4.20,0,generic_unsplash_fallback,https://images.unsplash.com/photo-1500530855697-b586d89ba3ee?auto=format&fit=crop&w=1200&q=80,https://images.unsplash.com/photo-1500530855697-b586d89ba3ee?auto=format&fit=crop&w=1200&q=80,"{公园,青岛市,山东省}"
1178,榉林公园,青岛市,龙潭路西100米,1,4.20,0,generic_unsplash_fallback,https://images.unsplash.com/photo-1500530855697-b586d89ba3ee?auto=format&fit=crop&w=1200&q=80,https://images.unsplash.com/photo-1500530855697-b586d89ba3ee?auto=format&fit=crop&w=1200&q=80,"{公园,青岛市,山东省}"
1219,莱西月湖公园,青岛市,文化东路17号,1,4.20,0,generic_unsplash_fallback,https://images.unsplash.com/photo-1500530855697-b586d89ba3ee?auto=format&fit=crop&w=1200&q=80,https://images.unsplash.com/photo-1500530855697-b586d89ba3ee?auto=format&fit=crop&w=1200&q=80,"{公园,青岛市,山东省}"
1217,李沧文化公园,青岛市,夏庄路126号,1,4.20,0,generic_unsplash_fallback,https://images.unsplash.com/photo-1500530855697-b586d89ba3ee?auto=format&fit=crop&w=1200&q=80,https://images.unsplash.com/photo-1500530855697-b586d89ba3ee?auto=format&fit=crop&w=1200&q=80,"{公园,青岛市,山东省}"
1205,马山公园,青岛市,蓝鳌路北,1,4.20,0,generic_unsplash_fallback,https://images.unsplash.com/photo-1500530855697-b586d89ba3ee?auto=format&fit=crop&w=1200&q=80,https://images.unsplash.com/photo-1500530855697-b586d89ba3ee?auto=format&fit=crop&w=1200&q=80,"{风景名胜,青岛市,山东省}"
1226,女姑山公园,青岛市,致远路与求知路交叉口东340米,1,4.20,0,generic_unsplash_fallback,https://images.unsplash.com/photo-1500530855697-b586d89ba3ee?auto=format&fit=crop&w=1200&q=80,https://images.unsplash.com/photo-1500530855697-b586d89ba3ee?auto=format&fit=crop&w=1200&q=80,"{公园,青岛市,山东省}"
1224,平行世界公园,青岛市,科苑经七路与枣山东路交叉口南200米,1,4.20,0,generic_unsplash_fallback,https://images.unsplash.com/photo-1500530855697-b586d89ba3ee?auto=format&fit=crop&w=1200&q=80,https://images.unsplash.com/photo-1500530855697-b586d89ba3ee?auto=format&fit=crop&w=1200&q=80,"{公园,青岛市,山东省}"
1152,青岛奥帆海洋文化旅游区,青岛市,清远路1号,1,4.20,0,generic_unsplash_fallback,https://images.unsplash.com/photo-1469854523086-cc02fe5d8800?auto=format&fit=crop&w=1200&q=80,https://images.unsplash.com/photo-1469854523086-cc02fe5d8800?auto=format&fit=crop&w=1200&q=80,"{国家级景点,青岛市,山东省}"
1208,青岛奥林匹克雕塑文化园,青岛市,兴阳路318号,1,4.20,0,generic_unsplash_fallback,https://images.unsplash.com/photo-1469854523086-cc02fe5d8800?auto=format&fit=crop&w=1200&q=80,https://images.unsplash.com/photo-1469854523086-cc02fe5d8800?auto=format&fit=crop&w=1200&q=80,"{省级景点,青岛市,山东省}"
1212,青岛北岭山森林公园,青岛市,南丰路,1,4.20,0,generic_unsplash_fallback,https://images.unsplash.com/photo-1500530855697-b586d89ba3ee?auto=format&fit=crop&w=1200&q=80,https://images.unsplash.com/photo-1500530855697-b586d89ba3ee?auto=format&fit=crop&w=1200&q=80,"{风景名胜,青岛市,山东省}"
1161,青岛电视塔,青岛市,太平山路1号,1,4.20,0,generic_unsplash_fallback,https://images.unsplash.com/photo-1444723121867-7a241cacace9?auto=format&fit=crop&w=1200&q=80,https://images.unsplash.com/photo-1444723121867-7a241cacace9?auto=format&fit=crop&w=1200&q=80,"{省级景点,青岛市,山东省}"
1162,青岛动物园,青岛市,延安一路102号(近中山公园),1,4.20,0,generic_unsplash_fallback,https://images.unsplash.com/photo-1469854523086-cc02fe5d8800?auto=format&fit=crop&w=1200&q=80,https://images.unsplash.com/photo-1469854523086-cc02fe5d8800?auto=format&fit=crop&w=1200&q=80,"{动物园,青岛市,山东省}"
1197,青岛观音寺,青岛市,辽源路街道福州北路84号,1,4.20,0,generic_unsplash_fallback,https://images.unsplash.com/photo-1513415756790-2ac1db1297d0?auto=format&fit=crop&w=1200&q=80,https://images.unsplash.com/photo-1513415756790-2ac1db1297d0?auto=format&fit=crop&w=1200&q=80,"{寺庙道观,青岛市,山东省}"
1167,青岛海底世界,青岛市,莱阳路2号,1,4.20,0,generic_unsplash_fallback,https://images.unsplash.com/photo-1469854523086-cc02fe5d8800?auto=format&fit=crop&w=1200&q=80,https://images.unsplash.com/photo-1469854523086-cc02fe5d8800?auto=format&fit=crop&w=1200&q=80,"{水族馆,青岛市,山东省}"
1187,青岛山炮台遗址,青岛市,京山路26号,1,4.20,0,generic_unsplash_fallback,https://images.unsplash.com/photo-1469854523086-cc02fe5d8800?auto=format&fit=crop&w=1200&q=80,https://images.unsplash.com/photo-1469854523086-cc02fe5d8800?auto=format&fit=crop&w=1200&q=80,"{省级景点,青岛市,山东省}"
1184,青岛山一战遗址公园,青岛市,八大关街道京山路26号,1,4.20,0,generic_unsplash_fallback,https://images.unsplash.com/photo-1500530855697-b586d89ba3ee?auto=format&fit=crop&w=1200&q=80,https://images.unsplash.com/photo-1500530855697-b586d89ba3ee?auto=format&fit=crop&w=1200&q=80,"{公园,青岛市,山东省}"
1183,青岛市革命烈士纪念馆,青岛市,芝泉路6号,1,4.20,0,generic_unsplash_fallback,https://images.unsplash.com/photo-1469854523086-cc02fe5d8800?auto=format&fit=crop&w=1200&q=80,https://images.unsplash.com/photo-1469854523086-cc02fe5d8800?auto=format&fit=crop&w=1200&q=80,"{纪念馆,青岛市,山东省}"
1164,青岛市音乐广场,青岛市,澳门路12号(近五四广场),1,4.20,0,generic_unsplash_fallback,https://images.unsplash.com/photo-1444723121867-7a241cacace9?auto=format&fit=crop&w=1200&q=80,https://images.unsplash.com/photo-1444723121867-7a241cacace9?auto=format&fit=crop&w=1200&q=80,"{城市广场,青岛市,山东省}"
1166,青岛市植物园,青岛市,郧阳路7号,1,4.20,0,generic_unsplash_fallback,https://images.unsplash.com/photo-1469854523086-cc02fe5d8800?auto=format&fit=crop&w=1200&q=80,https://images.unsplash.com/photo-1469854523086-cc02fe5d8800?auto=format&fit=crop&w=1200&q=80,"{植物园,青岛市,山东省}"
1160,青岛太平角公园,青岛市,湛山路8号,1,4.20,0,generic_unsplash_fallback,https://images.unsplash.com/photo-1500530855697-b586d89ba3ee?auto=format&fit=crop&w=1200&q=80,https://images.unsplash.com/photo-1500530855697-b586d89ba3ee?auto=format&fit=crop&w=1200&q=80,"{公园,青岛市,山东省}"
1177,青岛网红墙,青岛市,大学路与龙口路交叉口(人民会堂地铁站B口步行170米),1,4.20,0,generic_unsplash_fallback,https://images.unsplash.com/photo-1469854523086-cc02fe5d8800?auto=format&fit=crop&w=1200&q=80,https://images.unsplash.com/photo-1469854523086-cc02fe5d8800?auto=format&fit=crop&w=1200&q=80,"{风景名胜,青岛市,山东省}"
1154,青岛湛山寺,青岛市,芝泉路2号,1,4.20,0,generic_unsplash_fallback,https://images.unsplash.com/photo-1513415756790-2ac1db1297d0?auto=format&fit=crop&w=1200&q=80,https://images.unsplash.com/photo-1513415756790-2ac1db1297d0?auto=format&fit=crop&w=1200&q=80,"{寺庙道观,青岛市,山东省}"
1157,青岛中山公园,青岛市,八大关街道文登路26号,1,4.20,0,generic_unsplash_fallback,https://images.unsplash.com/photo-1500530855697-b586d89ba3ee?auto=format&fit=crop&w=1200&q=80,https://images.unsplash.com/photo-1500530855697-b586d89ba3ee?auto=format&fit=crop&w=1200&q=80,"{公园,青岛市,山东省}"
1204,青岛珠山国家森林公园,青岛市,小珠山路2号,1,4.20,0,generic_unsplash_fallback,https://images.unsplash.com/photo-1500530855697-b586d89ba3ee?auto=format&fit=crop&w=1200&q=80,https://images.unsplash.com/photo-1500530855697-b586d89ba3ee?auto=format&fit=crop&w=1200&q=80,"{国家级景点,青岛市,山东省}"
1158,情人坝,青岛市,珠海路街道金湾路7号,1,4.20,0,generic_unsplash_fallback,https://images.unsplash.com/photo-1469854523086-cc02fe5d8800?auto=format&fit=crop&w=1200&q=80,https://images.unsplash.com/photo-1469854523086-cc02fe5d8800?auto=format&fit=crop&w=1200&q=80,"{风景名胜,青岛市,山东省}"
1209,山东少海国家湿地公园,青岛市,香港路1号,1,4.20,0,generic_unsplash_fallback,https://images.unsplash.com/photo-1500530855697-b586d89ba3ee?auto=format&fit=crop&w=1200&q=80,https://images.unsplash.com/photo-1500530855697-b586d89ba3ee?auto=format&fit=crop&w=1200&q=80,"{公园,青岛市,山东省}"
1207,十梅庵公园,青岛市,十梅庵村东南侧,1,4.20,0,generic_unsplash_fallback,https://images.unsplash.com/photo-1500530855697-b586d89ba3ee?auto=format&fit=crop&w=1200&q=80,https://images.unsplash.com/photo-1500530855697-b586d89ba3ee?auto=format&fit=crop&w=1200&q=80,"{旅游景点,青岛市,山东省}"
1155,太平山中央公园,青岛市,太平山景区内,1,4.20,0,generic_unsplash_fallback,https://images.unsplash.com/photo-1500530855697-b586d89ba3ee?auto=format&fit=crop&w=1200&q=80,https://images.unsplash.com/photo-1500530855697-b586d89ba3ee?auto=format&fit=crop&w=1200&q=80,"{公园,青岛市,山东省}"
1203,唐岛湾滨海公园-观鸟栈桥,青岛市,薛家岛街道漓江西路674号唐岛湾景区,1,4.20,0,generic_unsplash_fallback,https://images.unsplash.com/photo-1500530855697-b586d89ba3ee?auto=format&fit=crop&w=1200&q=80,https://images.unsplash.com/photo-1500530855697-b586d89ba3ee?auto=format&fit=crop&w=1200&q=80,"{旅游景点,青岛市,山东省}"
1201,唐岛湾景区,青岛市,薛家岛街道漓江西路674号,1,4.20,0,generic_unsplash_fallback,https://images.unsplash.com/photo-1469854523086-cc02fe5d8800?auto=format&fit=crop&w=1200&q=80,https://images.unsplash.com/photo-1469854523086-cc02fe5d8800?auto=format&fit=crop&w=1200&q=80,"{风景名胜,青岛市,山东省}"
1181,天主教青岛教区圣弥厄尔主教座堂天主堂,青岛市,浙江路15号,1,4.20,0,generic_unsplash_fallback,https://images.unsplash.com/photo-1469854523086-cc02fe5d8800?auto=format&fit=crop&w=1200&q=80,https://images.unsplash.com/photo-1469854523086-cc02fe5d8800?auto=format&fit=crop&w=1200&q=80,"{教堂,青岛市,山东省}"
1150,五四广场,青岛市,东海西路(五四广场地铁站C口步行170米),1,4.20,0,generic_unsplash_fallback,https://images.unsplash.com/photo-1444723121867-7a241cacace9?auto=format&fit=crop&w=1200&q=80,https://images.unsplash.com/photo-1444723121867-7a241cacace9?auto=format&fit=crop&w=1200&q=80,"{城市广场,青岛市,山东省}"
1216,祥茂河湿地公园,青岛市,中欧国际城-滨河公园,1,4.20,0,generic_unsplash_fallback,https://images.unsplash.com/photo-1500530855697-b586d89ba3ee?auto=format&fit=crop&w=1200&q=80,https://images.unsplash.com/photo-1500530855697-b586d89ba3ee?auto=format&fit=crop&w=1200&q=80,"{公园,青岛市,山东省}"
1227,象耳山公园,青岛市,银液泉路与天茶山路交叉口东320米,1,4.20,0,generic_unsplash_fallback,https://images.unsplash.com/photo-1500530855697-b586d89ba3ee?auto=format&fit=crop&w=1200&q=80,https://images.unsplash.com/photo-1500530855697-b586d89ba3ee?auto=format&fit=crop&w=1200&q=80,"{公园,青岛市,山东省}"
1186,小青岛公园,青岛市,琴屿路26号,1,4.20,0,generic_unsplash_fallback,https://images.unsplash.com/photo-1500530855697-b586d89ba3ee?auto=format&fit=crop&w=1200&q=80,https://images.unsplash.com/photo-1500530855697-b586d89ba3ee?auto=format&fit=crop&w=1200&q=80,"{公园,青岛市,山东省}"
1168,小鱼山,青岛市,八大关街道福山支路24号,1,4.20,0,generic_unsplash_fallback,https://images.unsplash.com/photo-1469854523086-cc02fe5d8800?auto=format&fit=crop&w=1200&q=80,https://images.unsplash.com/photo-1469854523086-cc02fe5d8800?auto=format&fit=crop&w=1200&q=80,"{国家级景点,青岛市,山东省}"
1170,信号山公园,青岛市,龙山路16号甲,1,4.20,0,generic_unsplash_fallback,https://images.unsplash.com/photo-1500530855697-b586d89ba3ee?auto=format&fit=crop&w=1200&q=80,https://images.unsplash.com/photo-1500530855697-b586d89ba3ee?auto=format&fit=crop&w=1200&q=80,"{公园,青岛市,山东省}"
1188,燕岛山公园,青岛市,青岛奥帆中心景区东侧,1,4.20,0,generic_unsplash_fallback,https://images.unsplash.com/photo-1500530855697-b586d89ba3ee?auto=format&fit=crop&w=1200&q=80,https://images.unsplash.com/photo-1500530855697-b586d89ba3ee?auto=format&fit=crop&w=1200&q=80,"{公园,青岛市,山东省}"
1159,燕儿岛智慧公园,青岛市,珠海路街道澳门路138号,1,4.20,0,generic_unsplash_fallback,https://images.unsplash.com/photo-1500530855697-b586d89ba3ee?auto=format&fit=crop&w=1200&q=80,https://images.unsplash.com/photo-1500530855697-b586d89ba3ee?auto=format&fit=crop&w=1200&q=80,"{公园,青岛市,山东省}"
1171,银海大世界,青岛市,东海中路30号(近银都花园),1,4.20,0,generic_unsplash_fallback,https://images.unsplash.com/photo-1469854523086-cc02fe5d8800?auto=format&fit=crop&w=1200&q=80,https://images.unsplash.com/photo-1469854523086-cc02fe5d8800?auto=format&fit=crop&w=1200&q=80,"{风景名胜,青岛市,山东省}"
1182,远洋广场,青岛市,香港中路街道香港中路61号,1,4.20,0,generic_unsplash_fallback,https://images.unsplash.com/photo-1444723121867-7a241cacace9?auto=format&fit=crop&w=1200&q=80,https://images.unsplash.com/photo-1444723121867-7a241cacace9?auto=format&fit=crop&w=1200&q=80,"{旅游景点,青岛市,山东省}"
1165,栈桥景区,青岛市,太平路12号(青岛站地铁站G口步行370米),1,4.20,0,generic_unsplash_fallback,https://images.unsplash.com/photo-1500530855697-b586d89ba3ee?auto=format&fit=crop&w=1200&q=80,https://images.unsplash.com/photo-1500530855697-b586d89ba3ee?auto=format&fit=crop&w=1200&q=80,"{公园,青岛市,山东省}"
1211,张村河生态公园,青岛市,合肥路与科苑经五路交叉口路北,1,4.20,0,generic_unsplash_fallback,https://images.unsplash.com/photo-1500530855697-b586d89ba3ee?auto=format&fit=crop&w=1200&q=80,https://images.unsplash.com/photo-1500530855697-b586d89ba3ee?auto=format&fit=crop&w=1200&q=80,"{公园,青岛市,山东省}"
1191,中联(市北)运动广场,青岛市,明霞路37号(上清路口),1,4.20,0,generic_unsplash_fallback,https://images.unsplash.com/photo-1500530855697-b586d89ba3ee?auto=format&fit=crop&w=1200&q=80,https://images.unsplash.com/photo-1500530855697-b586d89ba3ee?auto=format&fit=crop&w=1200&q=80,"{公园,青岛市,山东省}"
1196,中山公园-孙文莲池,青岛市,八大关街道文登路26号青岛中山公园内(西侧),1,4.20,0,generic_unsplash_fallback,https://images.unsplash.com/photo-1500530855697-b586d89ba3ee?auto=format&fit=crop&w=1200&q=80,https://images.unsplash.com/photo-1500530855697-b586d89ba3ee?auto=format&fit=crop&w=1200&q=80,"{旅游景点,青岛市,山东省}"
1198,中山公园-小西湖,青岛市,文登路28号青岛中山公园内(西侧),1,4.20,0,generic_unsplash_fallback,https://images.unsplash.com/photo-1500530855697-b586d89ba3ee?auto=format&fit=crop&w=1200&q=80,https://images.unsplash.com/photo-1500530855697-b586d89ba3ee?auto=format&fit=crop&w=1200&q=80,"{旅游景点,青岛市,山东省}"
1174,中山公园太平山观光索道,青岛市,太平山路1号,1,4.20,0,generic_unsplash_fallback,https://images.unsplash.com/photo-1500530855697-b586d89ba3ee?auto=format&fit=crop&w=1200&q=80,https://images.unsplash.com/photo-1500530855697-b586d89ba3ee?auto=format&fit=crop&w=1200&q=80,"{风景名胜,青岛市,山东省}"
1214,竹子庵公园,青岛市,崂山路青岛崂山国家级风景名胜区夏庄街道,1,4.20,0,generic_unsplash_fallback,https://images.unsplash.com/photo-1500530855697-b586d89ba3ee?auto=format&fit=crop&w=1200&q=80,https://images.unsplash.com/photo-1500530855697-b586d89ba3ee?auto=format&fit=crop&w=1200&q=80,"{公园,青岛市,山东省}"
3122,抱坡溪湿地公园,三亚市,荔枝沟路三亚体育中心旁,1,4.20,0,generic_unsplash_fallback,https://images.unsplash.com/photo-1500530855697-b586d89ba3ee?auto=format&fit=crop&w=1200&q=80,https://images.unsplash.com/photo-1500530855697-b586d89ba3ee?auto=format&fit=crop&w=1200&q=80,"{公园,三亚市,海南省}"
3071,城市乐园,三亚市,三亚河西路,1,4.20,0,generic_unsplash_fallback,https://images.unsplash.com/photo-1500530855697-b586d89ba3ee?auto=format&fit=crop&w=1200&q=80,https://images.unsplash.com/photo-1500530855697-b586d89ba3ee?auto=format&fit=crop&w=1200&q=80,"{公园,三亚市,海南省}"
3069,大东海广场,三亚市,东海路与榆亚路交汇处东南150米,1,4.20,0,generic_unsplash_fallback,https://images.unsplash.com/photo-1500530855697-b586d89ba3ee?auto=format&fit=crop&w=1200&q=80,https://images.unsplash.com/photo-1500530855697-b586d89ba3ee?auto=format&fit=crop&w=1200&q=80,"{公园广场,三亚市,海南省}"
3060,大东海旅游区,三亚市,榆亚大道(明月广场西南400米至大东海广场2.9公里海岸线),1,4.20,0,generic_unsplash_fallback,https://images.unsplash.com/photo-1469854523086-cc02fe5d8800?auto=format&fit=crop&w=1200&q=80,https://images.unsplash.com/photo-1469854523086-cc02fe5d8800?auto=format&fit=crop&w=1200&q=80,"{国家级景点,三亚市,海南省}"
3101,凤凰岛观景平台,三亚市,河西路288号海景大道鹿回头风景区内,1,4.20,0,generic_unsplash_fallback,https://images.unsplash.com/photo-1469854523086-cc02fe5d8800?auto=format&fit=crop&w=1200&q=80,https://images.unsplash.com/photo-1469854523086-cc02fe5d8800?auto=format&fit=crop&w=1200&q=80,"{旅游景点,三亚市,海南省}"
3062,凤凰岛桥头公园,三亚市,三亚湾路与光明街交叉口西60米,1,4.20,0,generic_unsplash_fallback,https://images.unsplash.com/photo-1500530855697-b586d89ba3ee?auto=format&fit=crop&w=1200&q=80,https://images.unsplash.com/photo-1500530855697-b586d89ba3ee?auto=format&fit=crop&w=1200&q=80,"{公园,三亚市,海南省}"
3097,观景台,三亚市,鹿回头公园内,1,4.20,0,generic_unsplash_fallback,https://images.unsplash.com/photo-1469854523086-cc02fe5d8800?auto=format&fit=crop&w=1200&q=80,https://images.unsplash.com/photo-1469854523086-cc02fe5d8800?auto=format&fit=crop&w=1200&q=80,"{旅游景点,三亚市,海南省}"
3125,海港公园,三亚市,疏港大道19号,1,4.20,0,generic_unsplash_fallback,https://images.unsplash.com/photo-1500530855697-b586d89ba3ee?auto=format&fit=crop&w=1200&q=80,https://images.unsplash.com/photo-1500530855697-b586d89ba3ee?auto=format&fit=crop&w=1200&q=80,"{公园,三亚市,海南省}"
3121,海棠河生态公园,三亚市,海棠北路38号,1,4.20,0,generic_unsplash_fallback,https://images.unsplash.com/photo-1500530855697-b586d89ba3ee?auto=format&fit=crop&w=1200&q=80,https://images.unsplash.com/photo-1500530855697-b586d89ba3ee?auto=format&fit=crop&w=1200&q=80,"{公园,三亚市,海南省}"
3127,海棠生态河公园,三亚市,林旺南路16号,1,4.20,0,generic_unsplash_fallback,https://images.unsplash.com/photo-1500530855697-b586d89ba3ee?auto=format&fit=crop&w=1200&q=80,https://images.unsplash.com/photo-1500530855697-b586d89ba3ee?auto=format&fit=crop&w=1200&q=80,"{公园,三亚市,海南省}"
3111,海天仙境热带天堂,三亚市,吉阳镇亚龙湾,1,4.20,0,generic_unsplash_fallback,https://images.unsplash.com/photo-1500530855697-b586d89ba3ee?auto=format&fit=crop&w=1200&q=80,https://images.unsplash.com/photo-1500530855697-b586d89ba3ee?auto=format&fit=crop&w=1200&q=80,"{公园,三亚市,海南省}"
3059,海月广场,三亚市,迎宾路九号,1,4.20,0,generic_unsplash_fallback,https://images.unsplash.com/photo-1444723121867-7a241cacace9?auto=format&fit=crop&w=1200&q=80,https://images.unsplash.com/photo-1444723121867-7a241cacace9?auto=format&fit=crop&w=1200&q=80,"{城市广场,三亚市,海南省}"
3078,红树林生态公园,三亚市,河东区街道,1,4.20,0,generic_unsplash_fallback,https://images.unsplash.com/photo-1500530855697-b586d89ba3ee?auto=format&fit=crop&w=1200&q=80,https://images.unsplash.com/photo-1500530855697-b586d89ba3ee?auto=format&fit=crop&w=1200&q=80,"{旅游景点,三亚市,海南省}"
3104,鸿洲时代广场,三亚市,榆亚大道2号鸿洲时代海岸内,1,4.20,0,generic_unsplash_fallback,https://images.unsplash.com/photo-1444723121867-7a241cacace9?auto=format&fit=crop&w=1200&q=80,https://images.unsplash.com/photo-1444723121867-7a241cacace9?auto=format&fit=crop&w=1200&q=80,"{城市广场,三亚市,海南省}"
3123,吉阳湿地公园,三亚市,干沟路南枫禅墅西北侧约40米,1,4.20,0,generic_unsplash_fallback,https://images.unsplash.com/photo-1500530855697-b586d89ba3ee?auto=format&fit=crop&w=1200&q=80,https://images.unsplash.com/photo-1500530855697-b586d89ba3ee?auto=format&fit=crop&w=1200&q=80,"{公园,三亚市,海南省}"
3135,江林路公园,三亚市,江林路与河滨路交叉口西260米,1,4.20,0,generic_unsplash_fallback,https://images.unsplash.com/photo-1500530855697-b586d89ba3ee?auto=format&fit=crop&w=1200&q=80,https://images.unsplash.com/photo-1500530855697-b586d89ba3ee?auto=format&fit=crop&w=1200&q=80,"{公园,三亚市,海南省}"
3061,解放路步行街,三亚市,"",1,4.20,0,generic_unsplash_fallback,https://images.unsplash.com/photo-1519608487953-e999c86e7455?auto=format&fit=crop&w=1200&q=80,https://images.unsplash.com/photo-1519608487953-e999c86e7455?auto=format&fit=crop&w=1200&q=80,"{旅游景点,三亚市,海南省}"
3133,口袋公园,三亚市,星华游艇码头西门,1,4.20,0,generic_unsplash_fallback,https://images.unsplash.com/photo-1500530855697-b586d89ba3ee?auto=format&fit=crop&w=1200&q=80,https://images.unsplash.com/photo-1500530855697-b586d89ba3ee?auto=format&fit=crop&w=1200&q=80,"{公园,三亚市,海南省}"
3108,蓝洞,三亚市,大东海海上钓鱼台南侧180米,1,4.20,0,generic_unsplash_fallback,https://images.unsplash.com/photo-1469854523086-cc02fe5d8800?auto=format&fit=crop&w=1200&q=80,https://images.unsplash.com/photo-1469854523086-cc02fe5d8800?auto=format&fit=crop&w=1200&q=80,"{风景名胜,三亚市,海南省}"
3106,临春河步行桥,三亚市,河西路与河东路商品街一巷交汇,1,4.20,0,generic_unsplash_fallback,https://images.unsplash.com/photo-1469854523086-cc02fe5d8800?auto=format&fit=crop&w=1200&q=80,https://images.unsplash.com/photo-1469854523086-cc02fe5d8800?auto=format&fit=crop&w=1200&q=80,"{旅游景点,三亚市,海南省}"
3094,临春河公园,三亚市,河西区街道临春河路,1,4.20,0,generic_unsplash_fallback,https://images.unsplash.com/photo-1500530855697-b586d89ba3ee?auto=format&fit=crop&w=1200&q=80,https://images.unsplash.com/photo-1500530855697-b586d89ba3ee?auto=format&fit=crop&w=1200&q=80,"{公园,三亚市,海南省}"
3105,临春岭瞭望塔,三亚市,临春岭森林公园(东南角),1,4.20,0,generic_unsplash_fallback,https://images.unsplash.com/photo-1444723121867-7a241cacace9?auto=format&fit=crop&w=1200&q=80,https://images.unsplash.com/photo-1444723121867-7a241cacace9?auto=format&fit=crop&w=1200&q=80,"{旅游景点,三亚市,海南省}"
3063,临春岭森林公园,三亚市,河东区街道凤凰路临春段(近艺术家新村),1,4.20,0,generic_unsplash_fallback,https://images.unsplash.com/photo-1500530855697-b586d89ba3ee?auto=format&fit=crop&w=1200&q=80,https://images.unsplash.com/photo-1500530855697-b586d89ba3ee?auto=format&fit=crop&w=1200&q=80,"{风景名胜,三亚市,海南省}"
3128,鲁能·三亚湾体育公园,三亚市,凤凰镇三亚湾新城路鲁能度假区,1,4.20,0,generic_unsplash_fallback,https://images.unsplash.com/photo-1500530855697-b586d89ba3ee?auto=format&fit=crop&w=1200&q=80,https://images.unsplash.com/photo-1500530855697-b586d89ba3ee?auto=format&fit=crop&w=1200&q=80,"{公园,三亚市,海南省}"
3080,鹿回头滨河公园,三亚市,河东区街道市民游客中心对面,1,4.20,0,generic_unsplash_fallback,https://images.unsplash.com/photo-1500530855697-b586d89ba3ee?auto=format&fit=crop&w=1200&q=80,https://images.unsplash.com/photo-1500530855697-b586d89ba3ee?auto=format&fit=crop&w=1200&q=80,"{公园,三亚市,海南省}"
3083,鹿回头雕像,三亚市,鹿回头公园内,1,4.20,0,generic_unsplash_fallback,https://images.unsplash.com/photo-1469854523086-cc02fe5d8800?auto=format&fit=crop&w=1200&q=80,https://images.unsplash.com/photo-1469854523086-cc02fe5d8800?auto=format&fit=crop&w=1200&q=80,"{风景名胜,三亚市,海南省}"
3058,鹿回头风景区,三亚市,鹿岭路,1,4.20,0,generic_unsplash_fallback,https://images.unsplash.com/photo-1500530855697-b586d89ba3ee?auto=format&fit=crop&w=1200&q=80,https://images.unsplash.com/photo-1500530855697-b586d89ba3ee?auto=format&fit=crop&w=1200&q=80,"{公园,三亚市,海南省}"
3076,鹿回头广场,三亚市,河东区街道鹿回头滨河公园,1,4.20,0,generic_unsplash_fallback,https://images.unsplash.com/photo-1444723121867-7a241cacace9?auto=format&fit=crop&w=1200&q=80,https://images.unsplash.com/photo-1444723121867-7a241cacace9?auto=format&fit=crop&w=1200&q=80,"{城市广场,三亚市,海南省}"
3109,名花公园,三亚市,美丽之冠·大树公馆东北(凤凰路西),1,4.20,0,generic_unsplash_fallback,https://images.unsplash.com/photo-1500530855697-b586d89ba3ee?auto=format&fit=crop&w=1200&q=80,https://images.unsplash.com/photo-1500530855697-b586d89ba3ee?auto=format&fit=crop&w=1200&q=80,"{公园,三亚市,海南省}"
3102,明月广场,三亚市,大东海旅游区内(西侧),1,4.20,0,generic_unsplash_fallback,https://images.unsplash.com/photo-1444723121867-7a241cacace9?auto=format&fit=crop&w=1200&q=80,https://images.unsplash.com/photo-1444723121867-7a241cacace9?auto=format&fit=crop&w=1200&q=80,"{城市广场,三亚市,海南省}"
3126,南繁中央公园,三亚市,规划路与甘农北路交叉口西南240米,1,4.20,0,generic_unsplash_fallback,https://images.unsplash.com/photo-1500530855697-b586d89ba3ee?auto=format&fit=crop&w=1200&q=80,https://images.unsplash.com/photo-1500530855697-b586d89ba3ee?auto=format&fit=crop&w=1200&q=80,"{公园,三亚市,海南省}"
3091,南海龙王神洲庙,三亚市,南边海路,1,4.20,0,generic_unsplash_fallback,https://images.unsplash.com/photo-1513415756790-2ac1db1297d0?auto=format&fit=crop&w=1200&q=80,https://images.unsplash.com/photo-1513415756790-2ac1db1297d0?auto=format&fit=crop&w=1200&q=80,"{寺庙道观,三亚市,海南省}"
3095,南开清真寺,三亚市,凤凰镇回新村,1,4.20,0,generic_unsplash_fallback,https://images.unsplash.com/photo-1513415756790-2ac1db1297d0?auto=format&fit=crop&w=1200&q=80,https://images.unsplash.com/photo-1513415756790-2ac1db1297d0?auto=format&fit=crop&w=1200&q=80,"{回教寺,三亚市,海南省}"
3112,鸟巢揽胜观景台,三亚市,亚龙湾国家旅游度假区亚龙湾热带天堂森林公园内,1,4.20,0,generic_unsplash_fallback,https://images.unsplash.com/photo-1469854523086-cc02fe5d8800?auto=format&fit=crop&w=1200&q=80,https://images.unsplash.com/photo-1469854523086-cc02fe5d8800?auto=format&fit=crop&w=1200&q=80,"{观景点,三亚市,海南省}"
3070,萍水沙滩,三亚市,三亚湾路189-9号三亚湾(东南角),1,4.20,0,generic_unsplash_fallback,https://images.unsplash.com/photo-1469854523086-cc02fe5d8800?auto=format&fit=crop&w=1200&q=80,https://images.unsplash.com/photo-1469854523086-cc02fe5d8800?auto=format&fit=crop&w=1200&q=80,"{海滩,三亚市,海南省}"
3066,情人桥,三亚市,"",1,4.20,0,generic_unsplash_fallback,https://images.unsplash.com/photo-1469854523086-cc02fe5d8800?auto=format&fit=crop&w=1200&q=80,https://images.unsplash.com/photo-1469854523086-cc02fe5d8800?auto=format&fit=crop&w=1200&q=80,"{旅游景点,三亚市,海南省}"
3079,情人湾,三亚市,鹿回头村一组202号,1,4.20,0,generic_unsplash_fallback,https://images.unsplash.com/photo-1469854523086-cc02fe5d8800?auto=format&fit=crop&w=1200&q=80,https://images.unsplash.com/photo-1469854523086-cc02fe5d8800?auto=format&fit=crop&w=1200&q=80,"{风景名胜,三亚市,海南省}"
3099,三亚大桥,三亚市,榆亚路与三亚河东路交叉口西北20米,1,4.20,0,generic_unsplash_fallback,https://images.unsplash.com/photo-1469854523086-cc02fe5d8800?auto=format&fit=crop&w=1200&q=80,https://images.unsplash.com/photo-1469854523086-cc02fe5d8800?auto=format&fit=crop&w=1200&q=80,"{风景名胜,三亚市,海南省}"
3081,三亚东岸湿地公园,三亚市,凤凰路东,1,4.20,0,generic_unsplash_fallback,https://images.unsplash.com/photo-1500530855697-b586d89ba3ee?auto=format&fit=crop&w=1200&q=80,https://images.unsplash.com/photo-1500530855697-b586d89ba3ee?auto=format&fit=crop&w=1200&q=80,"{公园,三亚市,海南省}"
3068,三亚凤凰岭海誓山盟景区,三亚市,凤凰岭公园狗岭路300号,1,4.20,0,generic_unsplash_fallback,https://images.unsplash.com/photo-1469854523086-cc02fe5d8800?auto=format&fit=crop&w=1200&q=80,https://images.unsplash.com/photo-1469854523086-cc02fe5d8800?auto=format&fit=crop&w=1200&q=80,"{省级景点,三亚市,海南省}"
3100,三亚海上巴士(蓝色干线),三亚市,三亚湾路凤凰岛国际养生度假中心A座6层,1,4.20,0,generic_unsplash_fallback,https://images.unsplash.com/photo-1469854523086-cc02fe5d8800?auto=format&fit=crop&w=1200&q=80,https://images.unsplash.com/photo-1469854523086-cc02fe5d8800?auto=format&fit=crop&w=1200&q=80,"{交通服务相关,三亚市,海南省}"
3130,三亚河国家湿地公园百年红树林观景点,三亚市,春光路15-33号,1,4.20,0,generic_unsplash_fallback,https://images.unsplash.com/photo-1500530855697-b586d89ba3ee?auto=format&fit=crop&w=1200&q=80,https://images.unsplash.com/photo-1500530855697-b586d89ba3ee?auto=format&fit=crop&w=1200&q=80,"{风景名胜,三亚市,海南省}"
3115,三亚红色娘子军景区,三亚市,槟榔河国际乡村文化旅游区B-1-3地块,1,4.20,0,generic_unsplash_fallback,https://images.unsplash.com/photo-1500530855697-b586d89ba3ee?auto=format&fit=crop&w=1200&q=80,https://images.unsplash.com/photo-1500530855697-b586d89ba3ee?auto=format&fit=crop&w=1200&q=80,"{公园,三亚市,海南省}"
3084,三亚红树林公园,三亚市,三亚河西路与文明路交叉口东120米,1,4.20,0,generic_unsplash_fallback,https://images.unsplash.com/photo-1500530855697-b586d89ba3ee?auto=format&fit=crop&w=1200&q=80,https://images.unsplash.com/photo-1500530855697-b586d89ba3ee?auto=format&fit=crop&w=1200&q=80,"{旅游景点,三亚市,海南省}"
3065,三亚千古情景区,三亚市,河东区街道迎宾路333号,1,4.20,0,generic_unsplash_fallback,https://images.unsplash.com/photo-1469854523086-cc02fe5d8800?auto=format&fit=crop&w=1200&q=80,https://images.unsplash.com/photo-1469854523086-cc02fe5d8800?auto=format&fit=crop&w=1200&q=80,"{风景名胜,三亚市,海南省}"
3072,三亚市丰兴隆党群主题公园,三亚市,春光路丰兴隆桥头,1,4.20,0,generic_unsplash_fallback,https://images.unsplash.com/photo-1500530855697-b586d89ba3ee?auto=format&fit=crop&w=1200&q=80,https://images.unsplash.com/photo-1500530855697-b586d89ba3ee?auto=format&fit=crop&w=1200&q=80,"{公园,三亚市,海南省}"
3096,三亚水稻国家公园,三亚市,湾坡村湾坡路与C2路入口处200米右侧,1,4.20,0,generic_unsplash_fallback,https://images.unsplash.com/photo-1500530855697-b586d89ba3ee?auto=format&fit=crop&w=1200&q=80,https://images.unsplash.com/photo-1500530855697-b586d89ba3ee?auto=format&fit=crop&w=1200&q=80,"{风景名胜,三亚市,海南省}"
3073,三亚湾,三亚市,三亚湾路189-9号,1,4.20,0,generic_unsplash_fallback,https://images.unsplash.com/photo-1469854523086-cc02fe5d8800?auto=format&fit=crop&w=1200&q=80,https://images.unsplash.com/photo-1469854523086-cc02fe5d8800?auto=format&fit=crop&w=1200&q=80,"{风景名胜,三亚市,海南省}"
3075,三亚湾椰梦长廊风景区,三亚市,三亚湾路与海声路交叉口东南40米,1,4.20,0,generic_unsplash_fallback,https://images.unsplash.com/photo-1469854523086-cc02fe5d8800?auto=format&fit=crop&w=1200&q=80,https://images.unsplash.com/photo-1469854523086-cc02fe5d8800?auto=format&fit=crop&w=1200&q=80,"{风景名胜,三亚市,海南省}"
3086,三亚西岛海洋文化旅游区,三亚市,三亚湾路肖旗港码头,1,4.20,0,generic_unsplash_fallback,https://images.unsplash.com/photo-1469854523086-cc02fe5d8800?auto=format&fit=crop&w=1200&q=80,https://images.unsplash.com/photo-1469854523086-cc02fe5d8800?auto=format&fit=crop&w=1200&q=80,"{国家级景点,三亚市,海南省}"
3124,三亚崖州湾海洋休闲运动公园,三亚市,新道街与30号路交叉口西280米,1,4.20,0,generic_unsplash_fallback,https://images.unsplash.com/photo-1500530855697-b586d89ba3ee?auto=format&fit=crop&w=1200&q=80,https://images.unsplash.com/photo-1500530855697-b586d89ba3ee?auto=format&fit=crop&w=1200&q=80,"{公园,三亚市,海南省}"
3098,胜利购物广场(三亚铁道大厦西北),三亚市,胜利路(老火车站),1,4.20,0,generic_unsplash_fallback,https://images.unsplash.com/photo-1444723121867-7a241cacace9?auto=format&fit=crop&w=1200&q=80,https://images.unsplash.com/photo-1444723121867-7a241cacace9?auto=format&fit=crop&w=1200&q=80,"{城市广场,三亚市,海南省}"
3093,太阳湾海滩,三亚市,太阳湾柏悦酒店北侧230米,1,4.20,0,generic_unsplash_fallback,https://images.unsplash.com/photo-1469854523086-cc02fe5d8800?auto=format&fit=crop&w=1200&q=80,https://images.unsplash.com/photo-1469854523086-cc02fe5d8800?auto=format&fit=crop&w=1200&q=80,"{风景名胜,三亚市,海南省}"
3134,藤桥西河滨河公园,三亚市,新民路,1,4.20,0,generic_unsplash_fallback,https://images.unsplash.com/photo-1500530855697-b586d89ba3ee?auto=format&fit=crop&w=1200&q=80,https://images.unsplash.com/photo-1500530855697-b586d89ba3ee?auto=format&fit=crop&w=1200&q=80,"{公园,三亚市,海南省}"
3116,天行森林公园,三亚市,天涯镇塔岭那亲村,1,4.20,0,generic_unsplash_fallback,https://images.unsplash.com/photo-1500530855697-b586d89ba3ee?auto=format&fit=crop&w=1200&q=80,https://images.unsplash.com/photo-1500530855697-b586d89ba3ee?auto=format&fit=crop&w=1200&q=80,"{风景名胜,三亚市,海南省}"
3131,天行山森林公园,三亚市,225国道,1,4.20,0,generic_unsplash_fallback,https://images.unsplash.com/photo-1500530855697-b586d89ba3ee?auto=format&fit=crop&w=1200&q=80,https://images.unsplash.com/photo-1500530855697-b586d89ba3ee?auto=format&fit=crop&w=1200&q=80,"{风景名胜,三亚市,海南省}"
3087,天涯海角游览区,三亚市,天涯镇马岭山麓,1,4.20,0,generic_unsplash_fallback,https://images.unsplash.com/photo-1469854523086-cc02fe5d8800?auto=format&fit=crop&w=1200&q=80,https://images.unsplash.com/photo-1469854523086-cc02fe5d8800?auto=format&fit=crop&w=1200&q=80,"{国家级景点,三亚市,海南省}"
3107,西沙海战烈士陵园,三亚市,狗岭路,1,4.20,0,generic_unsplash_fallback,https://images.unsplash.com/photo-1469854523086-cc02fe5d8800?auto=format&fit=crop&w=1200&q=80,https://images.unsplash.com/photo-1469854523086-cc02fe5d8800?auto=format&fit=crop&w=1200&q=80,"{风景名胜,三亚市,海南省}"
3067,小东海,三亚市,小东海旅游度假区,1,4.20,0,generic_unsplash_fallback,https://images.unsplash.com/photo-1469854523086-cc02fe5d8800?auto=format&fit=crop&w=1200&q=80,https://images.unsplash.com/photo-1469854523086-cc02fe5d8800?auto=format&fit=crop&w=1200&q=80,"{风景名胜,三亚市,海南省}"
3074,小东海海滩,三亚市,果岭路5号,1,4.20,0,generic_unsplash_fallback,https://images.unsplash.com/photo-1469854523086-cc02fe5d8800?auto=format&fit=crop&w=1200&q=80,https://images.unsplash.com/photo-1469854523086-cc02fe5d8800?auto=format&fit=crop&w=1200&q=80,"{旅游景点,三亚市,海南省}"
3129,崖州文化公园,三亚市,甘农北路与规划路交叉口东340米,1,4.20,0,generic_unsplash_fallback,https://images.unsplash.com/photo-1500530855697-b586d89ba3ee?auto=format&fit=crop&w=1200&q=80,https://images.unsplash.com/photo-1500530855697-b586d89ba3ee?auto=format&fit=crop&w=1200&q=80,"{公园,三亚市,海南省}"
3088,亚龙湾风景区-天下第一湾,三亚市,亚龙湾旅游开发区,1,4.20,0,generic_unsplash_fallback,https://images.unsplash.com/photo-1469854523086-cc02fe5d8800?auto=format&fit=crop&w=1200&q=80,https://images.unsplash.com/photo-1469854523086-cc02fe5d8800?auto=format&fit=crop&w=1200&q=80,"{风景名胜,三亚市,海南省}"
3085,亚龙湾国家旅游度假区,三亚市,亚龙湾路100号,1,4.20,0,generic_unsplash_fallback,https://images.unsplash.com/photo-1469854523086-cc02fe5d8800?auto=format&fit=crop&w=1200&q=80,https://images.unsplash.com/photo-1469854523086-cc02fe5d8800?auto=format&fit=crop&w=1200&q=80,"{国家级景点,三亚市,海南省}"
3092,亚龙湾海滩,三亚市,吉阳镇天下第一湾景区内,1,4.20,0,generic_unsplash_fallback,https://images.unsplash.com/photo-1469854523086-cc02fe5d8800?auto=format&fit=crop&w=1200&q=80,https://images.unsplash.com/photo-1469854523086-cc02fe5d8800?auto=format&fit=crop&w=1200&q=80,"{海滩,三亚市,海南省}"
3090,亚龙湾热带天堂森林公园,三亚市,吉阳镇亚龙湾,1,4.20,0,generic_unsplash_fallback,https://images.unsplash.com/photo-1500530855697-b586d89ba3ee?auto=format&fit=crop&w=1200&q=80,https://images.unsplash.com/photo-1500530855697-b586d89ba3ee?auto=format&fit=crop&w=1200&q=80,"{国家级景点,三亚市,海南省}"
3103,亚马逊丛林水乐园,三亚市,凤凰路155号红树林度假世界内(中心广场星巴克旁),1,4.20,0,generic_unsplash_fallback,https://images.unsplash.com/photo-1469854523086-cc02fe5d8800?auto=format&fit=crop&w=1200&q=80,https://images.unsplash.com/photo-1469854523086-cc02fe5d8800?auto=format&fit=crop&w=1200&q=80,"{旅游景点,三亚市,海南省}"
3064,椰梦长廊,三亚市,三亚湾路116号,1,4.20,0,generic_unsplash_fallback,https://images.unsplash.com/photo-1469854523086-cc02fe5d8800?auto=format&fit=crop&w=1200&q=80,https://images.unsplash.com/photo-1469854523086-cc02fe5d8800?auto=format&fit=crop&w=1200&q=80,"{风景名胜,三亚市,海南省}"
3082,月川桥,三亚市,解放四路93号,1,4.20,0,generic_unsplash_fallback,https://images.unsplash.com/photo-1469854523086-cc02fe5d8800?auto=format&fit=crop&w=1200&q=80,https://images.unsplash.com/photo-1469854523086-cc02fe5d8800?auto=format&fit=crop&w=1200&q=80,"{旅游景点,三亚市,海南省}"
3132,月川体育公园,三亚市,G223(迎宾路),1,4.20,0,generic_unsplash_fallback,https://images.unsplash.com/photo-1500530855697-b586d89ba3ee?auto=format&fit=crop&w=1200&q=80,https://images.unsplash.com/photo-1500530855697-b586d89ba3ee?auto=format&fit=crop&w=1200&q=80,"{公园,三亚市,海南省}"
3077,振兴广场,三亚市,祥和路与新风街交叉口西北80米,1,4.20,0,generic_unsplash_fallback,https://images.unsplash.com/photo-1444723121867-7a241cacace9?auto=format&fit=crop&w=1200&q=80,https://images.unsplash.com/photo-1444723121867-7a241cacace9?auto=format&fit=crop&w=1200&q=80,"{城市广场,三亚市,海南省}"
3089,中粮·亚龙湾滨海世界,三亚市,亚龙湾国家旅游度假区内,1,4.20,0,generic_unsplash_fallback,https://images.unsplash.com/photo-1469854523086-cc02fe5d8800?auto=format&fit=crop&w=1200&q=80,https://images.unsplash.com/photo-1469854523086-cc02fe5d8800?auto=format&fit=crop&w=1200&q=80,"{旅游景点,三亚市,海南省}"
1019,白城沙滩,厦门市,大学路,1,4.20,0,generic_unsplash_fallback,https://images.unsplash.com/photo-1469854523086-cc02fe5d8800?auto=format&fit=crop&w=1200&q=80,https://images.unsplash.com/photo-1469854523086-cc02fe5d8800?auto=format&fit=crop&w=1200&q=80,"{海滩,厦门市,福建省}"
1050,白鹭洲公园东公园,厦门市,湖滨中路100号之2号,1,4.20,0,generic_unsplash_fallback,https://images.unsplash.com/photo-1500530855697-b586d89ba3ee?auto=format&fit=crop&w=1200&q=80,https://images.unsplash.com/photo-1500530855697-b586d89ba3ee?auto=format&fit=crop&w=1200&q=80,"{公园,厦门市,福建省}"
1074,蔡尖尾山公园,厦门市,马青路地铁站1号口步行390米,1,4.20,0,generic_unsplash_fallback,https://images.unsplash.com/photo-1500530855697-b586d89ba3ee?auto=format&fit=crop&w=1200&q=80,https://images.unsplash.com/photo-1500530855697-b586d89ba3ee?auto=format&fit=crop&w=1200&q=80,"{公园,厦门市,福建省}"
1067,蔡尖尾山天语舟气象公园,厦门市,蔡尖尾山,1,4.20,0,generic_unsplash_fallback,https://images.unsplash.com/photo-1500530855697-b586d89ba3ee?auto=format&fit=crop&w=1200&q=80,https://images.unsplash.com/photo-1500530855697-b586d89ba3ee?auto=format&fit=crop&w=1200&q=80,"{公园,厦门市,福建省}"
1061,荻花洲,厦门市,鸿江道998号厦门奥林匹克体育中心南620米处,1,4.20,0,generic_unsplash_fallback,https://images.unsplash.com/photo-1469854523086-cc02fe5d8800?auto=format&fit=crop&w=1200&q=80,https://images.unsplash.com/photo-1469854523086-cc02fe5d8800?auto=format&fit=crop&w=1200&q=80,"{风景名胜,厦门市,福建省}"
1051,东荣广场,厦门市,海山路74号,1,4.20,0,generic_unsplash_fallback,https://images.unsplash.com/photo-1500530855697-b586d89ba3ee?auto=format&fit=crop&w=1200&q=80,https://images.unsplash.com/photo-1500530855697-b586d89ba3ee?auto=format&fit=crop&w=1200&q=80,"{公园广场,厦门市,福建省}"
1047,福建省厦门市白鹭洲公园-鸽子广场,厦门市,湖滨中路白鹭洲公园中公园鸽子广场,1,4.20,0,generic_unsplash_fallback,https://images.unsplash.com/photo-1500530855697-b586d89ba3ee?auto=format&fit=crop&w=1200&q=80,https://images.unsplash.com/photo-1500530855697-b586d89ba3ee?auto=format&fit=crop&w=1200&q=80,"{城市广场,厦门市,福建省}"
1018,钢琴码头,厦门市,鼓浪屿风景区鹿礁路6号之2号,1,4.20,0,generic_unsplash_fallback,https://images.unsplash.com/photo-1469854523086-cc02fe5d8800?auto=format&fit=crop&w=1200&q=80,https://images.unsplash.com/photo-1469854523086-cc02fe5d8800?auto=format&fit=crop&w=1200&q=80,"{风景名胜,厦门市,福建省}"
1009,鼓浪屿风景名胜区,厦门市,晃岩路35-6号,1,4.20,0,generic_unsplash_fallback,https://images.unsplash.com/photo-1469854523086-cc02fe5d8800?auto=format&fit=crop&w=1200&q=80,https://images.unsplash.com/photo-1469854523086-cc02fe5d8800?auto=format&fit=crop&w=1200&q=80,"{国家级景点,厦门市,福建省}"
1025,鼓浪屿管风琴艺术中心,厦门市,鼓浪屿街道三明路1-4号(和记洋行货栈遗址旁),1,4.20,0,generic_unsplash_fallback,https://images.unsplash.com/photo-1469854523086-cc02fe5d8800?auto=format&fit=crop&w=1200&q=80,https://images.unsplash.com/photo-1469854523086-cc02fe5d8800?auto=format&fit=crop&w=1200&q=80,"{旅游景点,厦门市,福建省}"
1066,灌口镇风景湖公园,厦门市,"",1,4.20,0,generic_unsplash_fallback,https://images.unsplash.com/photo-1500530855697-b586d89ba3ee?auto=format&fit=crop&w=1200&q=80,https://images.unsplash.com/photo-1500530855697-b586d89ba3ee?auto=format&fit=crop&w=1200&q=80,"{公园,厦门市,福建省}"
1032,海滨公园,厦门市,鹭江街道鹭江道,1,4.20,0,generic_unsplash_fallback,https://images.unsplash.com/photo-1500530855697-b586d89ba3ee?auto=format&fit=crop&w=1200&q=80,https://images.unsplash.com/photo-1500530855697-b586d89ba3ee?auto=format&fit=crop&w=1200&q=80,"{公园,厦门市,福建省}"
1005,海湾公园,厦门市,西堤东路49号,1,4.20,0,generic_unsplash_fallback,https://images.unsplash.com/photo-1500530855697-b586d89ba3ee?auto=format&fit=crop&w=1200&q=80,https://images.unsplash.com/photo-1500530855697-b586d89ba3ee?auto=format&fit=crop&w=1200&q=80,"{公园,厦门市,福建省}"
1012,狐尾山公园,厦门市,湖滨中路狐尾山气象主题公园内,1,4.20,0,generic_unsplash_fallback,https://images.unsplash.com/photo-1500530855697-b586d89ba3ee?auto=format&fit=crop&w=1200&q=80,https://images.unsplash.com/photo-1500530855697-b586d89ba3ee?auto=format&fit=crop&w=1200&q=80,"{公园,厦门市,福建省}"
1036,胡里山炮台,厦门市,曾厝垵路2号,1,4.20,0,generic_unsplash_fallback,https://images.unsplash.com/photo-1469854523086-cc02fe5d8800?auto=format&fit=crop&w=1200&q=80,https://images.unsplash.com/photo-1469854523086-cc02fe5d8800?auto=format&fit=crop&w=1200&q=80,"{国家级景点,厦门市,福建省}"
1031,湖里公园,厦门市,湖里工业区牛公岭山麓华泰路32号,1,4.20,0,generic_unsplash_fallback,https://images.unsplash.com/photo-1500530855697-b586d89ba3ee?auto=format&fit=crop&w=1200&q=80,https://images.unsplash.com/photo-1500530855697-b586d89ba3ee?auto=format&fit=crop&w=1200&q=80,"{公园,厦门市,福建省}"
1069,花屿·悦海园(公园),厦门市,环岛干道辅路与环岛干道出口交叉口东北40米,1,4.20,0,generic_unsplash_fallback,https://images.unsplash.com/photo-1500530855697-b586d89ba3ee?auto=format&fit=crop&w=1200&q=80,https://images.unsplash.com/photo-1500530855697-b586d89ba3ee?auto=format&fit=crop&w=1200&q=80,"{风景名胜,厦门市,福建省}"
1077,集美儿童公园,厦门市,苑亭路391号厦门园林博览苑(西北角),1,4.20,0,generic_unsplash_fallback,https://images.unsplash.com/photo-1500530855697-b586d89ba3ee?auto=format&fit=crop&w=1200&q=80,https://images.unsplash.com/photo-1500530855697-b586d89ba3ee?auto=format&fit=crop&w=1200&q=80,"{公园,厦门市,福建省}"
1060,嘉庚公园,厦门市,鳌园路24号,1,4.20,0,generic_unsplash_fallback,https://images.unsplash.com/photo-1500530855697-b586d89ba3ee?auto=format&fit=crop&w=1200&q=80,https://images.unsplash.com/photo-1500530855697-b586d89ba3ee?auto=format&fit=crop&w=1200&q=80,"{公园,厦门市,福建省}"
1026,金榜公园,厦门市,厦禾路与金榜路交叉口西南200米,1,4.20,0,generic_unsplash_fallback,https://images.unsplash.com/photo-1500530855697-b586d89ba3ee?auto=format&fit=crop&w=1200&q=80,https://images.unsplash.com/photo-1500530855697-b586d89ba3ee?auto=format&fit=crop&w=1200&q=80,"{公园,厦门市,福建省}"
1048,联发东南天地,厦门市,华昌路125号,1,4.20,0,generic_unsplash_fallback,https://images.unsplash.com/photo-1469854523086-cc02fe5d8800?auto=format&fit=crop&w=1200&q=80,https://images.unsplash.com/photo-1469854523086-cc02fe5d8800?auto=format&fit=crop&w=1200&q=80,"{旅游景点,厦门市,福建省}"
1044,轮渡广场,厦门市,鹭江街道鹭江道15号,1,4.20,0,generic_unsplash_fallback,https://images.unsplash.com/photo-1444723121867-7a241cacace9?auto=format&fit=crop&w=1200&q=80,https://images.unsplash.com/photo-1444723121867-7a241cacace9?auto=format&fit=crop&w=1200&q=80,"{城市广场,厦门市,福建省}"
1065,马銮湾环湾带状公园,厦门市,新阳街道新阳大道与霞光北路交叉口西北角,1,4.20,0,generic_unsplash_fallback,https://images.unsplash.com/photo-1500530855697-b586d89ba3ee?auto=format&fit=crop&w=1200&q=80,https://images.unsplash.com/photo-1500530855697-b586d89ba3ee?auto=format&fit=crop&w=1200&q=80,"{公园,厦门市,福建省}"
1073,马銮湾生态三岛公园,厦门市,新阳大道与霞光路交叉口东北360米,1,4.20,0,generic_unsplash_fallback,https://images.unsplash.com/photo-1500530855697-b586d89ba3ee?auto=format&fit=crop&w=1200&q=80,https://images.unsplash.com/photo-1500530855697-b586d89ba3ee?auto=format&fit=crop&w=1200&q=80,"{公园,厦门市,福建省}"
1075,马銮湾双溪湿地公园,厦门市,"",1,4.20,0,generic_unsplash_fallback,https://images.unsplash.com/photo-1500530855697-b586d89ba3ee?auto=format&fit=crop&w=1200&q=80,https://images.unsplash.com/photo-1500530855697-b586d89ba3ee?auto=format&fit=crop&w=1200&q=80,"{公园,厦门市,福建省}"
1068,美峰体育公园,厦门市,滨海西大道东200米美峰公园附近,1,4.20,0,generic_unsplash_fallback,https://images.unsplash.com/photo-1500530855697-b586d89ba3ee?auto=format&fit=crop&w=1200&q=80,https://images.unsplash.com/photo-1500530855697-b586d89ba3ee?auto=format&fit=crop&w=1200&q=80,"{风景名胜,厦门市,福建省}"
1059,迷宫,厦门市,汤屿路南100米五缘湾湿地公园内(西南角),1,4.20,0,generic_unsplash_fallback,https://images.unsplash.com/photo-1469854523086-cc02fe5d8800?auto=format&fit=crop&w=1200&q=80,https://images.unsplash.com/photo-1469854523086-cc02fe5d8800?auto=format&fit=crop&w=1200&q=80,"{旅游景点,厦门市,福建省}"
1080,南堤公园,厦门市,集美街道龙船路南堤公园(龙舟池附近),1,4.20,0,generic_unsplash_fallback,https://images.unsplash.com/photo-1500530855697-b586d89ba3ee?auto=format&fit=crop&w=1200&q=80,https://images.unsplash.com/photo-1500530855697-b586d89ba3ee?auto=format&fit=crop&w=1200&q=80,"{公园,厦门市,福建省}"
1016,南湖公园,厦门市,湖光路7-21号,1,4.20,0,generic_unsplash_fallback,https://images.unsplash.com/photo-1500530855697-b586d89ba3ee?auto=format&fit=crop&w=1200&q=80,https://images.unsplash.com/photo-1500530855697-b586d89ba3ee?auto=format&fit=crop&w=1200&q=80,"{公园,厦门市,福建省}"
1013,南普陀寺,厦门市,思明南路515号,1,4.20,0,generic_unsplash_fallback,https://images.unsplash.com/photo-1513415756790-2ac1db1297d0?auto=format&fit=crop&w=1200&q=80,https://images.unsplash.com/photo-1513415756790-2ac1db1297d0?auto=format&fit=crop&w=1200&q=80,"{寺庙道观,厦门市,福建省}"
1034,清水宫,厦门市,殿前街道殿前三路6122-8号,1,4.20,0,generic_unsplash_fallback,https://images.unsplash.com/photo-1469854523086-cc02fe5d8800?auto=format&fit=crop&w=1200&q=80,https://images.unsplash.com/photo-1469854523086-cc02fe5d8800?auto=format&fit=crop&w=1200&q=80,"{寺庙道观,厦门市,福建省}"
1079,日东公园,厦门市,杏林日东二路288号,1,4.20,0,generic_unsplash_fallback,https://images.unsplash.com/photo-1500530855697-b586d89ba3ee?auto=format&fit=crop&w=1200&q=80,https://images.unsplash.com/photo-1500530855697-b586d89ba3ee?auto=format&fit=crop&w=1200&q=80,"{公园,厦门市,福建省}"
1024,日光岩,厦门市,晃岩路66之6-7号,1,4.20,0,generic_unsplash_fallback,https://images.unsplash.com/photo-1469854523086-cc02fe5d8800?auto=format&fit=crop&w=1200&q=80,https://images.unsplash.com/photo-1469854523086-cc02fe5d8800?auto=format&fit=crop&w=1200&q=80,"{旅游景点,厦门市,福建省}"
1023,沙坡尾,厦门市,厦港街道大学路与民族路交叉口东南120米,1,4.20,0,generic_unsplash_fallback,https://images.unsplash.com/photo-1469854523086-cc02fe5d8800?auto=format&fit=crop&w=1200&q=80,https://images.unsplash.com/photo-1469854523086-cc02fe5d8800?auto=format&fit=crop&w=1200&q=80,"{旅游景点,厦门市,福建省}"
1007,厦门白鹭洲公园,厦门市,白鹭洲路,1,4.20,0,generic_unsplash_fallback,https://images.unsplash.com/photo-1500530855697-b586d89ba3ee?auto=format&fit=crop&w=1200&q=80,https://images.unsplash.com/photo-1500530855697-b586d89ba3ee?auto=format&fit=crop&w=1200&q=80,"{公园,厦门市,福建省}"
1035,厦门白鹭洲公园西公园,厦门市,白鹭洲路565号白鹭洲公园内,1,4.20,0,generic_unsplash_fallback,https://images.unsplash.com/photo-1500530855697-b586d89ba3ee?auto=format&fit=crop&w=1200&q=80,https://images.unsplash.com/photo-1500530855697-b586d89ba3ee?auto=format&fit=crop&w=1200&q=80,"{公园,厦门市,福建省}"
1076,厦门儿童公园,厦门市,滨湖北路与东屿北路交汇处,1,4.20,0,generic_unsplash_fallback,https://images.unsplash.com/photo-1500530855697-b586d89ba3ee?auto=format&fit=crop&w=1200&q=80,https://images.unsplash.com/photo-1500530855697-b586d89ba3ee?auto=format&fit=crop&w=1200&q=80,"{公园,厦门市,福建省}"
1072,厦门国家级海洋公园,厦门市,环岛路绿道与半屏山路交叉口东220米,1,4.20,0,generic_unsplash_fallback,https://images.unsplash.com/photo-1500530855697-b586d89ba3ee?auto=format&fit=crop&w=1200&q=80,https://images.unsplash.com/photo-1500530855697-b586d89ba3ee?auto=format&fit=crop&w=1200&q=80,"{水族馆,厦门市,福建省}"
1028,厦门海上明珠塔,厦门市,气象台路85号(近东渡狐尾山顶),1,4.20,0,generic_unsplash_fallback,https://images.unsplash.com/photo-1444723121867-7a241cacace9?auto=format&fit=crop&w=1200&q=80,https://images.unsplash.com/photo-1444723121867-7a241cacace9?auto=format&fit=crop&w=1200&q=80,"{风景名胜,厦门市,福建省}"
1049,厦门经济特区纪念馆,厦门市,兴隆路23号,1,4.20,0,generic_unsplash_fallback,https://images.unsplash.com/photo-1469854523086-cc02fe5d8800?auto=format&fit=crop&w=1200&q=80,https://images.unsplash.com/photo-1469854523086-cc02fe5d8800?auto=format&fit=crop&w=1200&q=80,"{纪念馆,厦门市,福建省}"
1071,厦门莲花国家森林公园,厦门市,小坪村,1,4.20,0,generic_unsplash_fallback,https://images.unsplash.com/photo-1500530855697-b586d89ba3ee?auto=format&fit=crop&w=1200&q=80,https://images.unsplash.com/photo-1500530855697-b586d89ba3ee?auto=format&fit=crop&w=1200&q=80,"{国家级景点,厦门市,福建省}"
1006,厦门山海健康步道,厦门市,邮轮码头(邮轮中心地铁站6号口步行470米),1,4.20,0,generic_unsplash_fallback,https://images.unsplash.com/photo-1469854523086-cc02fe5d8800?auto=format&fit=crop&w=1200&q=80,https://images.unsplash.com/photo-1469854523086-cc02fe5d8800?auto=format&fit=crop&w=1200&q=80,"{旅游景点,厦门市,福建省}"
1020,厦门世茂双子塔,厦门市,演武西路180-188号世茂海峡大厦,1,4.20,0,generic_unsplash_fallback,https://images.unsplash.com/photo-1444723121867-7a241cacace9?auto=format&fit=crop&w=1200&q=80,https://images.unsplash.com/photo-1444723121867-7a241cacace9?auto=format&fit=crop&w=1200&q=80,"{旅游景点,厦门市,福建省}"
1040,厦门市动物园,厦门市,公园东路与白鹤路交叉口西100米,1,4.20,0,generic_unsplash_fallback,https://images.unsplash.com/photo-1469854523086-cc02fe5d8800?auto=format&fit=crop&w=1200&q=80,https://images.unsplash.com/photo-1469854523086-cc02fe5d8800?auto=format&fit=crop&w=1200&q=80,"{动物园,厦门市,福建省}"
1021,厦门市鼓浪屿风景名胜区-皓月园,厦门市,晃岩路35-6号鼓浪屿风景名胜区内(东侧),1,4.20,0,generic_unsplash_fallback,https://images.unsplash.com/photo-1469854523086-cc02fe5d8800?auto=format&fit=crop&w=1200&q=80,https://images.unsplash.com/photo-1469854523086-cc02fe5d8800?auto=format&fit=crop&w=1200&q=80,"{风景名胜,厦门市,福建省}"
1038,厦门五一广场,厦门市,仙岳路396-398号,1,4.20,0,generic_unsplash_fallback,https://images.unsplash.com/photo-1444723121867-7a241cacace9?auto=format&fit=crop&w=1200&q=80,https://images.unsplash.com/photo-1444723121867-7a241cacace9?auto=format&fit=crop&w=1200&q=80,"{城市广场,厦门市,福建省}"
1053,厦门园林博览苑,厦门市,苑亭路391号,1,4.20,0,generic_unsplash_fallback,https://images.unsplash.com/photo-1469854523086-cc02fe5d8800?auto=format&fit=crop&w=1200&q=80,https://images.unsplash.com/photo-1469854523086-cc02fe5d8800?auto=format&fit=crop&w=1200&q=80,"{国家级景点,厦门市,福建省}"
1055,厦门园林博览苑主展岛,厦门市,园博大道附近,1,4.20,0,generic_unsplash_fallback,https://images.unsplash.com/photo-1469854523086-cc02fe5d8800?auto=format&fit=crop&w=1200&q=80,https://images.unsplash.com/photo-1469854523086-cc02fe5d8800?auto=format&fit=crop&w=1200&q=80,"{旅游景点,厦门市,福建省}"
1008,厦门园林植物园,厦门市,虎园路25号,1,4.20,0,generic_unsplash_fallback,https://images.unsplash.com/photo-1469854523086-cc02fe5d8800?auto=format&fit=crop&w=1200&q=80,https://images.unsplash.com/photo-1469854523086-cc02fe5d8800?auto=format&fit=crop&w=1200&q=80,"{植物园,厦门市,福建省}"
1046,厦门站北广场,厦门市,厦禾路900号(厦门火车站地铁站出入口步行200米),1,4.20,0,generic_unsplash_fallback,https://images.unsplash.com/photo-1444723121867-7a241cacace9?auto=format&fit=crop&w=1200&q=80,https://images.unsplash.com/photo-1444723121867-7a241cacace9?auto=format&fit=crop&w=1200&q=80,"{城市广场,厦门市,福建省}"
1045,厦门站南广场,厦门市,站南路6号(厦门火车站地铁站2号口步行450米),1,4.20,0,generic_unsplash_fallback,https://images.unsplash.com/photo-1444723121867-7a241cacace9?auto=format&fit=crop&w=1200&q=80,https://images.unsplash.com/photo-1444723121867-7a241cacace9?auto=format&fit=crop&w=1200&q=80,"{城市广场,厦门市,福建省}"
1033,上李水库公园,厦门市,龙虎山路866-868号,1,4.20,0,generic_unsplash_fallback,https://images.unsplash.com/photo-1500530855697-b586d89ba3ee?auto=format&fit=crop&w=1200&q=80,https://images.unsplash.com/photo-1500530855697-b586d89ba3ee?auto=format&fit=crop&w=1200&q=80,"{旅游景点,厦门市,福建省}"
1027,菽庄花园,厦门市,晃岩路35-6号鼓浪屿风景名胜区(东南角),1,4.20,0,generic_unsplash_fallback,https://images.unsplash.com/photo-1469854523086-cc02fe5d8800?auto=format&fit=crop&w=1200&q=80,https://images.unsplash.com/photo-1469854523086-cc02fe5d8800?auto=format&fit=crop&w=1200&q=80,"{旅游景点,厦门市,福建省}"
1052,松柏公园,厦门市,松柏路(吕厝地铁站1号口步行440米),1,4.20,0,generic_unsplash_fallback,https://images.unsplash.com/photo-1500530855697-b586d89ba3ee?auto=format&fit=crop&w=1200&q=80,https://images.unsplash.com/photo-1500530855697-b586d89ba3ee?auto=format&fit=crop&w=1200&q=80,"{公园,厦门市,福建省}"
1056,天竺山森林公园,厦门市,东孚镇洪塘村天竺山路1号,1,4.20,0,generic_unsplash_fallback,https://images.unsplash.com/photo-1500530855697-b586d89ba3ee?auto=format&fit=crop&w=1200&q=80,https://images.unsplash.com/photo-1500530855697-b586d89ba3ee?auto=format&fit=crop&w=1200&q=80,"{国家级景点,厦门市,福建省}"
1043,天主堂,厦门市,鼓浪屿风景区鹿礁路34号(近老年疗养院),1,4.20,0,generic_unsplash_fallback,https://images.unsplash.com/photo-1469854523086-cc02fe5d8800?auto=format&fit=crop&w=1200&q=80,https://images.unsplash.com/photo-1469854523086-cc02fe5d8800?auto=format&fit=crop&w=1200&q=80,"{教堂,厦门市,福建省}"
1014,万石山国家重点风景名胜区,厦门市,中山公园地铁站4号口步行460米,1,4.20,0,generic_unsplash_fallback,https://images.unsplash.com/photo-1469854523086-cc02fe5d8800?auto=format&fit=crop&w=1200&q=80,https://images.unsplash.com/photo-1469854523086-cc02fe5d8800?auto=format&fit=crop&w=1200&q=80,"{国家级景点,厦门市,福建省}"
1070,五通灯塔公园,厦门市,仙岳路与环岛东路交汇处,1,4.20,0,generic_unsplash_fallback,https://images.unsplash.com/photo-1500530855697-b586d89ba3ee?auto=format&fit=crop&w=1200&q=80,https://images.unsplash.com/photo-1500530855697-b586d89ba3ee?auto=format&fit=crop&w=1200&q=80,"{公园,厦门市,福建省}"
1058,五缘湾湿地公园,厦门市,环岛干道,1,4.20,0,generic_unsplash_fallback,https://images.unsplash.com/photo-1500530855697-b586d89ba3ee?auto=format&fit=crop&w=1200&q=80,https://images.unsplash.com/photo-1500530855697-b586d89ba3ee?auto=format&fit=crop&w=1200&q=80,"{公园,厦门市,福建省}"
1062,下潭尾滨海湿地公园,厦门市,火炬大桥,1,4.20,0,generic_unsplash_fallback,https://images.unsplash.com/photo-1500530855697-b586d89ba3ee?auto=format&fit=crop&w=1200&q=80,https://images.unsplash.com/photo-1500530855697-b586d89ba3ee?auto=format&fit=crop&w=1200&q=80,"{公园,厦门市,福建省}"
1063,下潭尾红树林公园,厦门市,下潭尾滨海湿地公园,1,4.20,0,generic_unsplash_fallback,https://images.unsplash.com/photo-1500530855697-b586d89ba3ee?auto=format&fit=crop&w=1200&q=80,https://images.unsplash.com/photo-1500530855697-b586d89ba3ee?auto=format&fit=crop&w=1200&q=80,"{公园,厦门市,福建省}"
1015,仙岳公园,厦门市,怡鹭大厦对面,1,4.20,0,generic_unsplash_fallback,https://images.unsplash.com/photo-1500530855697-b586d89ba3ee?auto=format&fit=crop&w=1200&q=80,https://images.unsplash.com/photo-1500530855697-b586d89ba3ee?auto=format&fit=crop&w=1200&q=80,"{公园,厦门市,福建省}"
1042,仙岳山,厦门市,仙岳公园,1,4.20,0,generic_unsplash_fallback,https://images.unsplash.com/photo-1469854523086-cc02fe5d8800?auto=format&fit=crop&w=1200&q=80,https://images.unsplash.com/photo-1469854523086-cc02fe5d8800?auto=format&fit=crop&w=1200&q=80,"{风景名胜,厦门市,福建省}"
1057,香山郊野公园,厦门市,香山路,1,4.20,0,generic_unsplash_fallback,https://images.unsplash.com/photo-1500530855697-b586d89ba3ee?auto=format&fit=crop&w=1200&q=80,https://images.unsplash.com/photo-1500530855697-b586d89ba3ee?auto=format&fit=crop&w=1200&q=80,"{风景名胜,厦门市,福建省}"
1054,新加坡园,厦门市,苑亭路391号厦门园林博览苑内(南侧),1,4.20,0,generic_unsplash_fallback,https://images.unsplash.com/photo-1469854523086-cc02fe5d8800?auto=format&fit=crop&w=1200&q=80,https://images.unsplash.com/photo-1469854523086-cc02fe5d8800?auto=format&fit=crop&w=1200&q=80,"{风景名胜,厦门市,福建省}"
1011,屿见闽南·时光幻境主题景区,厦门市,东港北路15、17-19号,1,4.20,0,generic_unsplash_fallback,https://images.unsplash.com/photo-1469854523086-cc02fe5d8800?auto=format&fit=crop&w=1200&q=80,https://images.unsplash.com/photo-1469854523086-cc02fe5d8800?auto=format&fit=crop&w=1200&q=80,"{风景名胜,厦门市,福建省}"
1039,雨林世界,厦门市,虎园路25号厦门园林植物园内(西侧),1,4.20,0,generic_unsplash_fallback,https://images.unsplash.com/photo-1469854523086-cc02fe5d8800?auto=format&fit=crop&w=1200&q=80,https://images.unsplash.com/photo-1469854523086-cc02fe5d8800?auto=format&fit=crop&w=1200&q=80,"{植物园,厦门市,福建省}"
1029,筼筜湖,厦门市,筼筜街道湖滨中路白鹭洲站旁,1,4.20,0,generic_unsplash_fallback,https://images.unsplash.com/photo-1469854523086-cc02fe5d8800?auto=format&fit=crop&w=1200&q=80,https://images.unsplash.com/photo-1469854523086-cc02fe5d8800?auto=format&fit=crop&w=1200&q=80,"{旅游景点,厦门市,福建省}"
1078,长尾礁公园,厦门市,梦幻海岸主题游乐度假区-沙滩休闲娱乐区,1,4.20,0,generic_unsplash_fallback,https://images.unsplash.com/photo-1500530855697-b586d89ba3ee?auto=format&fit=crop&w=1200&q=80,https://images.unsplash.com/photo-1500530855697-b586d89ba3ee?auto=format&fit=crop&w=1200&q=80,"{公园,厦门市,福建省}"
1041,郑成功巨型石雕像,厦门市,鼓浪屿风景名胜区-皓月园,1,4.20,0,generic_unsplash_fallback,https://images.unsplash.com/photo-1469854523086-cc02fe5d8800?auto=format&fit=crop&w=1200&q=80,https://images.unsplash.com/photo-1469854523086-cc02fe5d8800?auto=format&fit=crop&w=1200&q=80,"{风景名胜,厦门市,福建省}"
1010,中山公园,厦门市,公园南路(中山公园地铁站3A口旁),1,4.20,0,generic_unsplash_fallback,https://images.unsplash.com/photo-1500530855697-b586d89ba3ee?auto=format&fit=crop&w=1200&q=80,https://images.unsplash.com/photo-1500530855697-b586d89ba3ee?auto=format&fit=crop&w=1200&q=80,"{公园,厦门市,福建省}"
1064,忠仑公园,厦门市,金尚路77号(蔡塘地铁站2号口步行390米),1,4.20,0,generic_unsplash_fallback,https://images.unsplash.com/photo-1500530855697-b586d89ba3ee?auto=format&fit=crop&w=1200&q=80,https://images.unsplash.com/photo-1500530855697-b586d89ba3ee?auto=format&fit=crop&w=1200&q=80,"{公园,厦门市,福建省}"
1017,钟鼓索道,厦门市,虎园路25-110号,1,4.20,0,generic_unsplash_fallback,https://images.unsplash.com/photo-1469854523086-cc02fe5d8800?auto=format&fit=crop&w=1200&q=80,https://images.unsplash.com/photo-1469854523086-cc02fe5d8800?auto=format&fit=crop&w=1200&q=80,"{风景名胜,厦门市,福建省}"
110,LV巨轮,上海市,石门一路与吴江路交叉口南40米(南京西路地铁站5号口旁),1,4.20,0,generic_unsplash_fallback,https://images.unsplash.com/photo-1469854523086-cc02fe5d8800?auto=format&fit=crop&w=1200&q=80,https://images.unsplash.com/photo-1469854523086-cc02fe5d8800?auto=format&fit=crop&w=1200&q=80,"{风景名胜,上海市,上海市}"
130,白云观,上海市,大境路239号,1,4.20,0,generic_unsplash_fallback,https://images.unsplash.com/photo-1469854523086-cc02fe5d8800?auto=format&fit=crop&w=1200&q=80,https://images.unsplash.com/photo-1469854523086-cc02fe5d8800?auto=format&fit=crop&w=1200&q=80,"{寺庙道观,上海市,上海市}"
120,北外滩滨江绿地,上海市,东大名路558-678,1,4.20,0,generic_unsplash_fallback,https://images.unsplash.com/photo-1500530855697-b586d89ba3ee?auto=format&fit=crop&w=1200&q=80,https://images.unsplash.com/photo-1500530855697-b586d89ba3ee?auto=format&fit=crop&w=1200&q=80,"{公园,上海市,上海市}"
132,北外滩滨江绿地小巨蛋,上海市,东大名路558-678北外滩滨江绿地(西南角),1,4.20,0,generic_unsplash_fallback,https://images.unsplash.com/photo-1469854523086-cc02fe5d8800?auto=format&fit=crop&w=1200&q=80,https://images.unsplash.com/photo-1469854523086-cc02fe5d8800?auto=format&fit=crop&w=1200&q=80,"{风景名胜,上海市,上海市}"
123,北外滩国客中心,上海市,东大名路500号,1,4.20,0,generic_unsplash_fallback,https://images.unsplash.com/photo-1469854523086-cc02fe5d8800?auto=format&fit=crop&w=1200&q=80,https://images.unsplash.com/photo-1469854523086-cc02fe5d8800?auto=format&fit=crop&w=1200&q=80,"{国家级景点,上海市,上海市}"
135,滨江大道,上海市,陆家嘴西路2967号,1,4.20,0,generic_unsplash_fallback,https://images.unsplash.com/photo-1469854523086-cc02fe5d8800?auto=format&fit=crop&w=1200&q=80,https://images.unsplash.com/photo-1469854523086-cc02fe5d8800?auto=format&fit=crop&w=1200&q=80,"{风景名胜,上海市,上海市}"
129,大韩民国临时政府旧址,上海市,马当路306弄4号,1,4.20,0,generic_unsplash_fallback,https://images.unsplash.com/photo-1469854523086-cc02fe5d8800?auto=format&fit=crop&w=1200&q=80,https://images.unsplash.com/photo-1469854523086-cc02fe5d8800?auto=format&fit=crop&w=1200&q=80,"{风景名胜,上海市,上海市}"
105,东方明珠广播电视塔,上海市,世纪大道1号(陆家嘴地铁站1号入口步行220米),1,4.20,0,generic_unsplash_fallback,https://images.unsplash.com/photo-1444723121867-7a241cacace9?auto=format&fit=crop&w=1200&q=80,https://images.unsplash.com/photo-1444723121867-7a241cacace9?auto=format&fit=crop&w=1200&q=80,"{国家级景点,上海市,上海市}"
137,东方明珠旅游码头,上海市,滨江大道2852号,1,4.20,0,generic_unsplash_fallback,https://images.unsplash.com/photo-1469854523086-cc02fe5d8800?auto=format&fit=crop&w=1200&q=80,https://images.unsplash.com/photo-1469854523086-cc02fe5d8800?auto=format&fit=crop&w=1200&q=80,"{风景名胜,上海市,上海市}"
165,东平国家森林公园,上海市,北沿公路2188号,1,4.20,0,generic_unsplash_fallback,https://images.unsplash.com/photo-1500530855697-b586d89ba3ee?auto=format&fit=crop&w=1200&q=80,https://images.unsplash.com/photo-1500530855697-b586d89ba3ee?auto=format&fit=crop&w=1200&q=80,"{国家级景点,上海市,上海市}"
151,粉色沙滩,上海市,前滩休闲公园(西南角),1,4.20,0,generic_unsplash_fallback,https://images.unsplash.com/photo-1469854523086-cc02fe5d8800?auto=format&fit=crop&w=1200&q=80,https://images.unsplash.com/photo-1469854523086-cc02fe5d8800?auto=format&fit=crop&w=1200&q=80,"{风景名胜,上海市,上海市}"
112,福州路文化街,上海市,福州路,1,4.20,0,generic_unsplash_fallback,https://images.unsplash.com/photo-1519608487953-e999c86e7455?auto=format&fit=crop&w=1200&q=80,https://images.unsplash.com/photo-1519608487953-e999c86e7455?auto=format&fit=crop&w=1200&q=80,"{旅游景点,上海市,上海市}"
117,辅德里公园,上海市,大沽路379号(南京西路地铁站8号口步行490米),1,4.20,0,generic_unsplash_fallback,https://images.unsplash.com/photo-1500530855697-b586d89ba3ee?auto=format&fit=crop&w=1200&q=80,https://images.unsplash.com/photo-1500530855697-b586d89ba3ee?auto=format&fit=crop&w=1200&q=80,"{公园,上海市,上海市}"
177,广富林郊野公园,上海市,广富林街道辰塔路3488号,1,4.20,0,generic_unsplash_fallback,https://images.unsplash.com/photo-1500530855697-b586d89ba3ee?auto=format&fit=crop&w=1200&q=80,https://images.unsplash.com/photo-1500530855697-b586d89ba3ee?auto=format&fit=crop&w=1200&q=80,"{公园,上海市,上海市}"
183,黄兴公园,上海市,营口路699号(黄兴公园地铁站2号口步行150米),1,4.20,0,generic_unsplash_fallback,https://images.unsplash.com/photo-1500530855697-b586d89ba3ee?auto=format&fit=crop&w=1200&q=80,https://images.unsplash.com/photo-1500530855697-b586d89ba3ee?auto=format&fit=crop&w=1200&q=80,"{公园,上海市,上海市}"
169,嘉北郊野公园,上海市,沪宜公路5051号,1,4.20,0,generic_unsplash_fallback,https://images.unsplash.com/photo-1500530855697-b586d89ba3ee?auto=format&fit=crop&w=1200&q=80,https://images.unsplash.com/photo-1500530855697-b586d89ba3ee?auto=format&fit=crop&w=1200&q=80,"{公园,上海市,上海市}"
180,嘉定紫藤园,上海市,博乐路45号,1,4.20,0,generic_unsplash_fallback,https://images.unsplash.com/photo-1500530855697-b586d89ba3ee?auto=format&fit=crop&w=1200&q=80,https://images.unsplash.com/photo-1500530855697-b586d89ba3ee?auto=format&fit=crop&w=1200&q=80,"{公园,上海市,上海市}"
138,金茂大厦88层观光厅,上海市,世纪大道88号,1,4.20,0,generic_unsplash_fallback,https://images.unsplash.com/photo-1469854523086-cc02fe5d8800?auto=format&fit=crop&w=1200&q=80,https://images.unsplash.com/photo-1469854523086-cc02fe5d8800?auto=format&fit=crop&w=1200&q=80,"{国家级景点,上海市,上海市}"
108,静安雕塑公园,上海市,石门二路128号(近北京西路)(自然博物馆地铁站1号口旁),1,4.20,0,generic_unsplash_fallback,https://images.unsplash.com/photo-1500530855697-b586d89ba3ee?auto=format&fit=crop&w=1200&q=80,https://images.unsplash.com/photo-1500530855697-b586d89ba3ee?auto=format&fit=crop&w=1200&q=80,"{公园,上海市,上海市}"
111,静安寺,上海市,南京西路1686号(静安寺地铁站1号口步行60米),1,4.20,0,generic_unsplash_fallback,https://images.unsplash.com/photo-1513415756790-2ac1db1297d0?auto=format&fit=crop&w=1200&q=80,https://images.unsplash.com/photo-1513415756790-2ac1db1297d0?auto=format&fit=crop&w=1200&q=80,"{寺庙道观,上海市,上海市}"
181,廊下生态园,上海市,漕廊公路9133号,1,4.20,0,generic_unsplash_fallback,https://images.unsplash.com/photo-1469854523086-cc02fe5d8800?auto=format&fit=crop&w=1200&q=80,https://images.unsplash.com/photo-1469854523086-cc02fe5d8800?auto=format&fit=crop&w=1200&q=80,"{风景名胜,上海市,上海市}"
136,陆家嘴中心绿地,上海市,陆家嘴环路717号,1,4.20,0,generic_unsplash_fallback,https://images.unsplash.com/photo-1500530855697-b586d89ba3ee?auto=format&fit=crop&w=1200&q=80,https://images.unsplash.com/photo-1500530855697-b586d89ba3ee?auto=format&fit=crop&w=1200&q=80,"{公园广场,上海市,上海市}"
124,南京路世纪广场,上海市,南京东路555号(南京东路地铁站4号口步行300米),1,4.20,0,generic_unsplash_fallback,https://images.unsplash.com/photo-1444723121867-7a241cacace9?auto=format&fit=crop&w=1200&q=80,https://images.unsplash.com/photo-1444723121867-7a241cacace9?auto=format&fit=crop&w=1200&q=80,"{城市广场,上海市,上海市}"
175,前滩体育公园,上海市,前滩大道735号,1,4.20,0,generic_unsplash_fallback,https://images.unsplash.com/photo-1500530855697-b586d89ba3ee?auto=format&fit=crop&w=1200&q=80,https://images.unsplash.com/photo-1500530855697-b586d89ba3ee?auto=format&fit=crop&w=1200&q=80,"{公园,上海市,上海市}"
150,前滩休闲公园,上海市,前滩大道北侧滨江,1,4.20,0,generic_unsplash_fallback,https://images.unsplash.com/photo-1500530855697-b586d89ba3ee?auto=format&fit=crop&w=1200&q=80,https://images.unsplash.com/photo-1500530855697-b586d89ba3ee?auto=format&fit=crop&w=1200&q=80,"{公园,上海市,上海市}"
109,人民公园,上海市,南京西路231号,1,4.20,0,generic_unsplash_fallback,https://images.unsplash.com/photo-1500530855697-b586d89ba3ee?auto=format&fit=crop&w=1200&q=80,https://images.unsplash.com/photo-1500530855697-b586d89ba3ee?auto=format&fit=crop&w=1200&q=80,"{公园,上海市,上海市}"
133,日落长廊,上海市,滨江大道与会议中心交叉口西南60米,1,4.20,0,generic_unsplash_fallback,https://images.unsplash.com/photo-1469854523086-cc02fe5d8800?auto=format&fit=crop&w=1200&q=80,https://images.unsplash.com/photo-1469854523086-cc02fe5d8800?auto=format&fit=crop&w=1200&q=80,"{风景名胜,上海市,上海市}"
141,上海M50创意园,上海市,莫干山路50号,1,4.20,0,generic_unsplash_fallback,https://images.unsplash.com/photo-1469854523086-cc02fe5d8800?auto=format&fit=crop&w=1200&q=80,https://images.unsplash.com/photo-1469854523086-cc02fe5d8800?auto=format&fit=crop&w=1200&q=80,"{旅游景点,上海市,上海市}"
155,上海滨江森林公园,上海市,高桥镇凌桥高沙滩3号,1,4.20,0,generic_unsplash_fallback,https://images.unsplash.com/photo-1500530855697-b586d89ba3ee?auto=format&fit=crop&w=1200&q=80,https://images.unsplash.com/photo-1500530855697-b586d89ba3ee?auto=format&fit=crop&w=1200&q=80,"{风景名胜,上海市,上海市}"
106,上海城隍庙,上海市,方浜中路249号,1,4.20,0,generic_unsplash_fallback,https://images.unsplash.com/photo-1513415756790-2ac1db1297d0?auto=format&fit=crop&w=1200&q=80,https://images.unsplash.com/photo-1513415756790-2ac1db1297d0?auto=format&fit=crop&w=1200&q=80,"{寺庙道观,上海市,上海市}"
159,上海大宁公园,上海市,广中西路288号,1,4.20,0,generic_unsplash_fallback,https://images.unsplash.com/photo-1500530855697-b586d89ba3ee?auto=format&fit=crop&w=1200&q=80,https://images.unsplash.com/photo-1500530855697-b586d89ba3ee?auto=format&fit=crop&w=1200&q=80,"{公园,上海市,上海市}"
179,上海东滩湿地公园,上海市,东旺路,1,4.20,0,generic_unsplash_fallback,https://images.unsplash.com/photo-1500530855697-b586d89ba3ee?auto=format&fit=crop&w=1200&q=80,https://images.unsplash.com/photo-1500530855697-b586d89ba3ee?auto=format&fit=crop&w=1200&q=80,"{公园,上海市,上海市}"
153,上海动物园,上海市,虹桥路2381号,1,4.20,0,generic_unsplash_fallback,https://images.unsplash.com/photo-1469854523086-cc02fe5d8800?auto=format&fit=crop&w=1200&q=80,https://images.unsplash.com/photo-1469854523086-cc02fe5d8800?auto=format&fit=crop&w=1200&q=80,"{动物园,上海市,上海市}"
148,上海共青森林公园,上海市,军工路2000号,1,4.20,0,generic_unsplash_fallback,https://images.unsplash.com/photo-1500530855697-b586d89ba3ee?auto=format&fit=crop&w=1200&q=80,https://images.unsplash.com/photo-1500530855697-b586d89ba3ee?auto=format&fit=crop&w=1200&q=80,"{国家级景点,上海市,上海市}"
149,上海顾村公园,上海市,沪太路4788号,1,4.20,0,generic_unsplash_fallback,https://images.unsplash.com/photo-1500530855697-b586d89ba3ee?auto=format&fit=crop&w=1200&q=80,https://images.unsplash.com/photo-1500530855697-b586d89ba3ee?auto=format&fit=crop&w=1200&q=80,"{国家级景点,上海市,上海市}"
160,上海海昌海洋公园,上海市,银飞路166号,1,4.20,0,generic_unsplash_fallback,https://images.unsplash.com/photo-1500530855697-b586d89ba3ee?auto=format&fit=crop&w=1200&q=80,https://images.unsplash.com/photo-1500530855697-b586d89ba3ee?auto=format&fit=crop&w=1200&q=80,"{水族馆,上海市,上海市}"
171,上海海湾国家森林公园,上海市,随塘河路1677号,1,4.20,0,generic_unsplash_fallback,https://images.unsplash.com/photo-1500530855697-b586d89ba3ee?auto=format&fit=crop&w=1200&q=80,https://images.unsplash.com/photo-1500530855697-b586d89ba3ee?auto=format&fit=crop&w=1200&q=80,"{国家级景点,上海市,上海市}"
128,上海海洋水族馆,上海市,陆家嘴环路1388号,1,4.20,0,generic_unsplash_fallback,https://images.unsplash.com/photo-1469854523086-cc02fe5d8800?auto=format&fit=crop&w=1200&q=80,https://images.unsplash.com/photo-1469854523086-cc02fe5d8800?auto=format&fit=crop&w=1200&q=80,"{水族馆,上海市,上海市}"
182,上海和平公园,上海市,天宝路891号(四平路地铁站3号口步行250米),1,4.20,0,generic_unsplash_fallback,https://images.unsplash.com/photo-1500530855697-b586d89ba3ee?auto=format&fit=crop&w=1200&q=80,https://images.unsplash.com/photo-1500530855697-b586d89ba3ee?auto=format&fit=crop&w=1200&q=80,"{公园,上海市,上海市}"
161,上海鲁迅公园,上海市,四川北路2288号(虹口足球场地铁站6号口步行120米),1,4.20,0,generic_unsplash_fallback,https://images.unsplash.com/photo-1500530855697-b586d89ba3ee?auto=format&fit=crop&w=1200&q=80,https://images.unsplash.com/photo-1500530855697-b586d89ba3ee?auto=format&fit=crop&w=1200&q=80,"{公园,上海市,上海市}"
176,上海闵行体育公园,上海市,新镇路456号,1,4.20,0,generic_unsplash_fallback,https://images.unsplash.com/photo-1500530855697-b586d89ba3ee?auto=format&fit=crop&w=1200&q=80,https://images.unsplash.com/photo-1500530855697-b586d89ba3ee?auto=format&fit=crop&w=1200&q=80,"{公园,上海市,上海市}"
164,上海闵行文化公园,上海市,吴中路2019号,1,4.20,0,generic_unsplash_fallback,https://images.unsplash.com/photo-1500530855697-b586d89ba3ee?auto=format&fit=crop&w=1200&q=80,https://images.unsplash.com/photo-1500530855697-b586d89ba3ee?auto=format&fit=crop&w=1200&q=80,"{公园,上海市,上海市}"
162,上海浦江郊野公园,上海市,浦星公路2578弄8号,1,4.20,0,generic_unsplash_fallback,https://images.unsplash.com/photo-1500530855697-b586d89ba3ee?auto=format&fit=crop&w=1200&q=80,https://images.unsplash.com/photo-1500530855697-b586d89ba3ee?auto=format&fit=crop&w=1200&q=80,"{公园,上海市,上海市}"
174,上海汽车博览公园,上海市,博园路7001号,1,4.20,0,generic_unsplash_fallback,https://images.unsplash.com/photo-1500530855697-b586d89ba3ee?auto=format&fit=crop&w=1200&q=80,https://images.unsplash.com/photo-1500530855697-b586d89ba3ee?auto=format&fit=crop&w=1200&q=80,"{公园,上海市,上海市}"
104,上海人民广场,上海市,人民大道185号,1,4.20,0,generic_unsplash_fallback,https://images.unsplash.com/photo-1444723121867-7a241cacace9?auto=format&fit=crop&w=1200&q=80,https://images.unsplash.com/photo-1444723121867-7a241cacace9?auto=format&fit=crop&w=1200&q=80,"{城市广场,上海市,上海市}"
167,上海佘山国家森林公园,上海市,外青松公路9258号,1,4.20,0,generic_unsplash_fallback,https://images.unsplash.com/photo-1500530855697-b586d89ba3ee?auto=format&fit=crop&w=1200&q=80,https://images.unsplash.com/photo-1500530855697-b586d89ba3ee?auto=format&fit=crop&w=1200&q=80,"{国家级景点,上海市,上海市}"
152,上海世纪公园,上海市,锦绣路1001号,1,4.20,0,generic_unsplash_fallback,https://images.unsplash.com/photo-1500530855697-b586d89ba3ee?auto=format&fit=crop&w=1200&q=80,https://images.unsplash.com/photo-1500530855697-b586d89ba3ee?auto=format&fit=crop&w=1200&q=80,"{国家级景点,上海市,上海市}"
107,上海四行仓库抗战纪念馆,上海市,光复路21号(曲阜路地铁站2号口步行300米),1,4.20,0,generic_unsplash_fallback,https://images.unsplash.com/photo-1469854523086-cc02fe5d8800?auto=format&fit=crop&w=1200&q=80,https://images.unsplash.com/photo-1469854523086-cc02fe5d8800?auto=format&fit=crop&w=1200&q=80,"{纪念馆,上海市,上海市}"
121,上海文化广场,上海市,茂名南路178号(陕西南路地铁站6号口步行390米),1,4.20,0,generic_unsplash_fallback,https://images.unsplash.com/photo-1444723121867-7a241cacace9?auto=format&fit=crop&w=1200&q=80,https://images.unsplash.com/photo-1444723121867-7a241cacace9?auto=format&fit=crop&w=1200&q=80,"{城市广场,上海市,上海市}"
166,上海吴淞炮台湾国家湿地公园,上海市,塘后路206号,1,4.20,0,generic_unsplash_fallback,https://images.unsplash.com/photo-1500530855697-b586d89ba3ee?auto=format&fit=crop&w=1200&q=80,https://images.unsplash.com/photo-1500530855697-b586d89ba3ee?auto=format&fit=crop&w=1200&q=80,"{国家级景点,上海市,上海市}"
140,上海音乐谷,上海市,辽宁路46号(海伦路地铁站2号口步行370米),1,4.20,0,generic_unsplash_fallback,https://images.unsplash.com/photo-1469854523086-cc02fe5d8800?auto=format&fit=crop&w=1200&q=80,https://images.unsplash.com/photo-1469854523086-cc02fe5d8800?auto=format&fit=crop&w=1200&q=80,"{公司,上海市,上海市}"
103,上海豫园,上海市,福佑路168号,1,4.20,0,generic_unsplash_fallback,https://images.unsplash.com/photo-1469854523086-cc02fe5d8800?auto=format&fit=crop&w=1200&q=80,https://images.unsplash.com/photo-1469854523086-cc02fe5d8800?auto=format&fit=crop&w=1200&q=80,"{国家级景点,上海市,上海市}"
144,上海站北广场,上海市,中兴路1688号(上海火车站地铁站7号口步行300米),1,4.20,0,generic_unsplash_fallback,https://images.unsplash.com/photo-1444723121867-7a241cacace9?auto=format&fit=crop&w=1200&q=80,https://images.unsplash.com/photo-1444723121867-7a241cacace9?auto=format&fit=crop&w=1200&q=80,"{城市广场,上海市,上海市}"
146,上海站南广场,上海市,秣陵路303号(上海火车站地铁站2号口步行110米),1,4.20,0,generic_unsplash_fallback,https://images.unsplash.com/photo-1444723121867-7a241cacace9?auto=format&fit=crop&w=1200&q=80,https://images.unsplash.com/photo-1444723121867-7a241cacace9?auto=format&fit=crop&w=1200&q=80,"{城市广场,上海市,上海市}"
170,上海长风公园,上海市,大渡河路189号,1,4.20,0,generic_unsplash_fallback,https://images.unsplash.com/photo-1500530855697-b586d89ba3ee?auto=format&fit=crop&w=1200&q=80,https://images.unsplash.com/photo-1500530855697-b586d89ba3ee?auto=format&fit=crop&w=1200&q=80,"{公园,上海市,上海市}"
178,上海长兴岛郊野公园,上海市,秋柑路666号,1,4.20,0,generic_unsplash_fallback,https://images.unsplash.com/photo-1500530855697-b586d89ba3ee?auto=format&fit=crop&w=1200&q=80,https://images.unsplash.com/photo-1500530855697-b586d89ba3ee?auto=format&fit=crop&w=1200&q=80,"{国家级景点,上海市,上海市}"
172,上海之鱼,上海市,年丰路与湖堤路交叉口年丰公园,1,4.20,0,generic_unsplash_fallback,https://images.unsplash.com/photo-1500530855697-b586d89ba3ee?auto=format&fit=crop&w=1200&q=80,https://images.unsplash.com/photo-1500530855697-b586d89ba3ee?auto=format&fit=crop&w=1200&q=80,"{公园,上海市,上海市}"
173,上海之鱼泡泡公园,上海市,上海之鱼内(南侧),1,4.20,0,generic_unsplash_fallback,https://images.unsplash.com/photo-1500530855697-b586d89ba3ee?auto=format&fit=crop&w=1200&q=80,https://images.unsplash.com/photo-1500530855697-b586d89ba3ee?auto=format&fit=crop&w=1200&q=80,"{公园,上海市,上海市}"
184,上海醉白池公园,上海市,人民南路64号(醉白池地铁站3号口步行80米),1,4.20,0,generic_unsplash_fallback,https://images.unsplash.com/photo-1500530855697-b586d89ba3ee?auto=format&fit=crop&w=1200&q=80,https://images.unsplash.com/photo-1500530855697-b586d89ba3ee?auto=format&fit=crop&w=1200&q=80,"{公园,上海市,上海市}"
157,申园,上海市,世博大道世博文化公园内(西侧),1,4.20,0,generic_unsplash_fallback,https://images.unsplash.com/photo-1500530855697-b586d89ba3ee?auto=format&fit=crop&w=1200&q=80,https://images.unsplash.com/photo-1500530855697-b586d89ba3ee?auto=format&fit=crop&w=1200&q=80,"{公园,上海市,上海市}"
156,世博文化公园,上海市,济坤路100号,1,4.20,0,generic_unsplash_fallback,https://images.unsplash.com/photo-1500530855697-b586d89ba3ee?auto=format&fit=crop&w=1200&q=80,https://images.unsplash.com/photo-1500530855697-b586d89ba3ee?auto=format&fit=crop&w=1200&q=80,"{公园,上海市,上海市}"
131,太平湖公园·湖心岛,上海市,太平桥公园内(东侧),1,4.20,0,generic_unsplash_fallback,https://images.unsplash.com/photo-1500530855697-b586d89ba3ee?auto=format&fit=crop&w=1200&q=80,https://images.unsplash.com/photo-1500530855697-b586d89ba3ee?auto=format&fit=crop&w=1200&q=80,"{旅游景点,上海市,上海市}"
115,太平桥公园,上海市,自忠路170号(一大会址·新天地地铁站1号口步行490米),1,4.20,0,generic_unsplash_fallback,https://images.unsplash.com/photo-1500530855697-b586d89ba3ee?auto=format&fit=crop&w=1200&q=80,https://images.unsplash.com/photo-1500530855697-b586d89ba3ee?auto=format&fit=crop&w=1200&q=80,"{公园,上海市,上海市}"
116,外白渡桥,上海市,北苏州路111号,1,4.20,0,generic_unsplash_fallback,https://images.unsplash.com/photo-1469854523086-cc02fe5d8800?auto=format&fit=crop&w=1200&q=80,https://images.unsplash.com/photo-1469854523086-cc02fe5d8800?auto=format&fit=crop&w=1200&q=80,"{桥,上海市,上海市}"
102,外滩,上海市,中山东二路1号,1,4.20,0,generic_unsplash_fallback,https://images.unsplash.com/photo-1469854523086-cc02fe5d8800?auto=format&fit=crop&w=1200&q=80,https://images.unsplash.com/photo-1469854523086-cc02fe5d8800?auto=format&fit=crop&w=1200&q=80,"{风景名胜,上海市,上海市}"
145,外滩·老市府,上海市,江西中路215号(南京东路地铁站3号口步行350米),1,4.20,0,generic_unsplash_fallback,https://images.unsplash.com/photo-1469854523086-cc02fe5d8800?auto=format&fit=crop&w=1200&q=80,https://images.unsplash.com/photo-1469854523086-cc02fe5d8800?auto=format&fit=crop&w=1200&q=80,"{风景名胜,上海市,上海市}"
114,外滩观景台,上海市,外滩(西北角),1,4.20,0,generic_unsplash_fallback,https://images.unsplash.com/photo-1469854523086-cc02fe5d8800?auto=format&fit=crop&w=1200&q=80,https://images.unsplash.com/photo-1469854523086-cc02fe5d8800?auto=format&fit=crop&w=1200&q=80,"{观景点,上海市,上海市}"
143,外滩轮渡口,上海市,上海市外滩街道中山东二路1号,1,4.20,0,generic_unsplash_fallback,https://images.unsplash.com/photo-1469854523086-cc02fe5d8800?auto=format&fit=crop&w=1200&q=80,https://images.unsplash.com/photo-1469854523086-cc02fe5d8800?auto=format&fit=crop&w=1200&q=80,"{风景名胜,上海市,上海市}"
113,万国建筑博览群,上海市,滇池路63号,1,4.20,0,generic_unsplash_fallback,https://images.unsplash.com/photo-1469854523086-cc02fe5d8800?auto=format&fit=crop&w=1200&q=80,https://images.unsplash.com/photo-1469854523086-cc02fe5d8800?auto=format&fit=crop&w=1200&q=80,"{风景名胜,上海市,上海市}"
139,武康路历史文化名街,上海市,上海市湖南路街道武康路与湖南路交叉口,1,4.20,0,generic_unsplash_fallback,https://images.unsplash.com/photo-1519608487953-e999c86e7455?auto=format&fit=crop&w=1200&q=80,https://images.unsplash.com/photo-1519608487953-e999c86e7455?auto=format&fit=crop&w=1200&q=80,"{旅游景点,上海市,上海市}"
154,西沙明珠湖景区-西沙湿地,上海市,堡湖路588号,1,4.20,0,generic_unsplash_fallback,https://images.unsplash.com/photo-1500530855697-b586d89ba3ee?auto=format&fit=crop&w=1200&q=80,https://images.unsplash.com/photo-1500530855697-b586d89ba3ee?auto=format&fit=crop&w=1200&q=80,"{公园广场,上海市,上海市}"
125,玉佛禅寺,上海市,安远路170号,1,4.20,0,generic_unsplash_fallback,https://images.unsplash.com/photo-1513415756790-2ac1db1297d0?auto=format&fit=crop&w=1200&q=80,https://images.unsplash.com/photo-1513415756790-2ac1db1297d0?auto=format&fit=crop&w=1200&q=80,"{寺庙道观,上海市,上海市}"
127,乍浦路桥,上海市,乍浦路与南苏州路交叉口北40米,1,4.20,0,generic_unsplash_fallback,https://images.unsplash.com/photo-1469854523086-cc02fe5d8800?auto=format&fit=crop&w=1200&q=80,https://images.unsplash.com/photo-1469854523086-cc02fe5d8800?auto=format&fit=crop&w=1200&q=80,"{旅游景点,上海市,上海市}"
163,长兴岛,上海市,吴淞口外,1,4.20,0,generic_unsplash_fallback,https://images.unsplash.com/photo-1469854523086-cc02fe5d8800?auto=format&fit=crop&w=1200&q=80,https://images.unsplash.com/photo-1469854523086-cc02fe5d8800?auto=format&fit=crop&w=1200&q=80,"{风景名胜,上海市,上海市}"
119,中共四大纪念馆,上海市,四川北路1468号(四川北路地铁站1号口步行320米),1,4.20,0,generic_unsplash_fallback,https://images.unsplash.com/photo-1469854523086-cc02fe5d8800?auto=format&fit=crop&w=1200&q=80,https://images.unsplash.com/photo-1469854523086-cc02fe5d8800?auto=format&fit=crop&w=1200&q=80,"{红色景区,上海市,上海市}"
122,中共一大纪念馆一大广场,上海市,黄陂南路与湖滨路交叉口,1,4.20,0,generic_unsplash_fallback,https://images.unsplash.com/photo-1444723121867-7a241cacace9?auto=format&fit=crop&w=1200&q=80,https://images.unsplash.com/photo-1444723121867-7a241cacace9?auto=format&fit=crop&w=1200&q=80,"{城市广场,上海市,上海市}"
126,中国共产党第一次全国代表大会会址,上海市,兴业路76号,1,4.20,0,generic_unsplash_fallback,https://images.unsplash.com/photo-1469854523086-cc02fe5d8800?auto=format&fit=crop&w=1200&q=80,https://images.unsplash.com/photo-1469854523086-cc02fe5d8800?auto=format&fit=crop&w=1200&q=80,"{纪念馆,上海市,上海市}"
118,中国共产党第一次全国代表大会宿舍旧址(博文女校),上海市,太仓路127号(一大会址·黄陂南路地铁站2号口步行370米),1,4.20,0,generic_unsplash_fallback,https://images.unsplash.com/photo-1469854523086-cc02fe5d8800?auto=format&fit=crop&w=1200&q=80,https://images.unsplash.com/photo-1469854523086-cc02fe5d8800?auto=format&fit=crop&w=1200&q=80,"{风景名胜,上海市,上海市}"
158,中山公园,上海市,长宁路780号,1,4.20,0,generic_unsplash_fallback,https://images.unsplash.com/photo-1500530855697-b586d89ba3ee?auto=format&fit=crop&w=1200&q=80,https://images.unsplash.com/photo-1500530855697-b586d89ba3ee?auto=format&fit=crop&w=1200&q=80,"{公园,上海市,上海市}"
290,白石龙音乐主题公园,深圳市,新区大道与金龙路交叉口西南200米,1,4.20,0,generic_unsplash_fallback,https://images.unsplash.com/photo-1500530855697-b586d89ba3ee?auto=format&fit=crop&w=1200&q=80,https://images.unsplash.com/photo-1500530855697-b586d89ba3ee?auto=format&fit=crop&w=1200&q=80,"{公园,深圳市,广东省}"
301,般若禅寺,深圳市,南坪快速附近,1,4.20,0,generic_unsplash_fallback,https://images.unsplash.com/photo-1513415756790-2ac1db1297d0?auto=format&fit=crop&w=1200&q=80,https://images.unsplash.com/photo-1513415756790-2ac1db1297d0?auto=format&fit=crop&w=1200&q=80,"{寺庙道观,深圳市,广东省}"
321,宝安西湾红树林公园,深圳市,西乡街道金湾大道与西海堤交汇处,1,4.20,0,generic_unsplash_fallback,https://images.unsplash.com/photo-1500530855697-b586d89ba3ee?auto=format&fit=crop&w=1200&q=80,https://images.unsplash.com/photo-1500530855697-b586d89ba3ee?auto=format&fit=crop&w=1200&q=80,"{公园,深圳市,广东省}"
339,北站中心公园,深圳市,民治致远中路深圳北站西广场西侧,1,4.20,0,generic_unsplash_fallback,https://images.unsplash.com/photo-1500530855697-b586d89ba3ee?auto=format&fit=crop&w=1200&q=80,https://images.unsplash.com/photo-1500530855697-b586d89ba3ee?auto=format&fit=crop&w=1200&q=80,"{公园,深圳市,广东省}"
264,笔架山公园,深圳市,梅岗路,1,4.20,0,generic_unsplash_fallback,https://images.unsplash.com/photo-1500530855697-b586d89ba3ee?auto=format&fit=crop&w=1200&q=80,https://images.unsplash.com/photo-1500530855697-b586d89ba3ee?auto=format&fit=crop&w=1200&q=80,"{公园,深圳市,广东省}"
265,笔架山体育公园,深圳市,笔架山公园内福田河以西,1,4.20,0,generic_unsplash_fallback,https://images.unsplash.com/photo-1500530855697-b586d89ba3ee?auto=format&fit=crop&w=1200&q=80,https://images.unsplash.com/photo-1500530855697-b586d89ba3ee?auto=format&fit=crop&w=1200&q=80,"{公园,深圳市,广东省}"
305,赤尾村牌坊,深圳市,赤尾一街与华强南路交叉口西20米,1,4.20,0,generic_unsplash_fallback,https://images.unsplash.com/photo-1469854523086-cc02fe5d8800?auto=format&fit=crop&w=1200&q=80,https://images.unsplash.com/photo-1469854523086-cc02fe5d8800?auto=format&fit=crop&w=1200&q=80,"{风景名胜,深圳市,广东省}"
302,大潮起珠江展览,深圳市,少年宫地铁站A2口步行80米,1,4.20,0,generic_unsplash_fallback,https://images.unsplash.com/photo-1469854523086-cc02fe5d8800?auto=format&fit=crop&w=1200&q=80,https://images.unsplash.com/photo-1469854523086-cc02fe5d8800?auto=format&fit=crop&w=1200&q=80,"{旅游景点,深圳市,广东省}"
318,大梅沙海滨公园,深圳市,梅沙街道盐梅路105号,1,4.20,0,generic_unsplash_fallback,https://images.unsplash.com/photo-1500530855697-b586d89ba3ee?auto=format&fit=crop&w=1200&q=80,https://images.unsplash.com/photo-1500530855697-b586d89ba3ee?auto=format&fit=crop&w=1200&q=80,"{公园,深圳市,广东省}"
341,大沙河公园,深圳市,北环大道8228号,1,4.20,0,generic_unsplash_fallback,https://images.unsplash.com/photo-1500530855697-b586d89ba3ee?auto=format&fit=crop&w=1200&q=80,https://images.unsplash.com/photo-1500530855697-b586d89ba3ee?auto=format&fit=crop&w=1200&q=80,"{公园,深圳市,广东省}"
330,东部华侨城,深圳市,梅沙街道东海岸社区三洲田,1,4.20,0,generic_unsplash_fallback,https://images.unsplash.com/photo-1469854523086-cc02fe5d8800?auto=format&fit=crop&w=1200&q=80,https://images.unsplash.com/photo-1469854523086-cc02fe5d8800?auto=format&fit=crop&w=1200&q=80,"{国家级景点,深圳市,广东省}"
331,东湖公园,深圳市,黄贝街道水库社区爱国路4006号(地铁莲塘口岸步行50米),1,4.20,0,generic_unsplash_fallback,https://images.unsplash.com/photo-1500530855697-b586d89ba3ee?auto=format&fit=crop&w=1200&q=80,https://images.unsplash.com/photo-1500530855697-b586d89ba3ee?auto=format&fit=crop&w=1200&q=80,"{公园,深圳市,广东省}"
335,恩上湿地公园,深圳市,惠深沿海高速,1,4.20,0,generic_unsplash_fallback,https://images.unsplash.com/photo-1500530855697-b586d89ba3ee?auto=format&fit=crop&w=1200&q=80,https://images.unsplash.com/photo-1500530855697-b586d89ba3ee?auto=format&fit=crop&w=1200&q=80,"{公园,深圳市,广东省}"
323,凤凰山森林公园,深圳市,福永街道凤凰社区凤凰山大道,1,4.20,0,generic_unsplash_fallback,https://images.unsplash.com/photo-1500530855697-b586d89ba3ee?auto=format&fit=crop&w=1200&q=80,https://images.unsplash.com/photo-1500530855697-b586d89ba3ee?auto=format&fit=crop&w=1200&q=80,"{风景名胜,深圳市,广东省}"
272,福田红树林生态公园,深圳市,新洲路与福荣路交叉口,1,4.20,0,generic_unsplash_fallback,https://images.unsplash.com/photo-1500530855697-b586d89ba3ee?auto=format&fit=crop&w=1200&q=80,https://images.unsplash.com/photo-1500530855697-b586d89ba3ee?auto=format&fit=crop&w=1200&q=80,"{公园,深圳市,广东省}"
285,福田红树林自然保护区,深圳市,滨海大道华侨城路段,1,4.20,0,generic_unsplash_fallback,https://images.unsplash.com/photo-1469854523086-cc02fe5d8800?auto=format&fit=crop&w=1200&q=80,https://images.unsplash.com/photo-1469854523086-cc02fe5d8800?auto=format&fit=crop&w=1200&q=80,"{风景名胜,深圳市,广东省}"
293,福田环庆文化广场,深圳市,福华路福祥街,1,4.20,0,generic_unsplash_fallback,https://images.unsplash.com/photo-1444723121867-7a241cacace9?auto=format&fit=crop&w=1200&q=80,https://images.unsplash.com/photo-1444723121867-7a241cacace9?auto=format&fit=crop&w=1200&q=80,"{城市广场,深圳市,广东省}"
306,福田区文化广场,深圳市,景田路8号,1,4.20,0,generic_unsplash_fallback,https://images.unsplash.com/photo-1444723121867-7a241cacace9?auto=format&fit=crop&w=1200&q=80,https://images.unsplash.com/photo-1444723121867-7a241cacace9?auto=format&fit=crop&w=1200&q=80,"{科教文化场所,深圳市,广东省}"
337,红花山公园,深圳市,振明路88号,1,4.20,0,generic_unsplash_fallback,https://images.unsplash.com/photo-1500530855697-b586d89ba3ee?auto=format&fit=crop&w=1200&q=80,https://images.unsplash.com/photo-1500530855697-b586d89ba3ee?auto=format&fit=crop&w=1200&q=80,"{公园,深圳市,广东省}"
282,红树林海滨生态公园,深圳市,滨河大道(深圳湾公园地铁站D2口步行60米),1,4.20,0,generic_unsplash_fallback,https://images.unsplash.com/photo-1500530855697-b586d89ba3ee?auto=format&fit=crop&w=1200&q=80,https://images.unsplash.com/photo-1500530855697-b586d89ba3ee?auto=format&fit=crop&w=1200&q=80,"{公园,深圳市,广东省}"
327,虹桥公园,深圳市,光侨路,1,4.20,0,generic_unsplash_fallback,https://images.unsplash.com/photo-1500530855697-b586d89ba3ee?auto=format&fit=crop&w=1200&q=80,https://images.unsplash.com/photo-1500530855697-b586d89ba3ee?auto=format&fit=crop&w=1200&q=80,"{公园,深圳市,广东省}"
283,洪湖公园,深圳市,文锦北路2023号(洪湖地铁站A口步行330米),1,4.20,0,generic_unsplash_fallback,https://images.unsplash.com/photo-1500530855697-b586d89ba3ee?auto=format&fit=crop&w=1200&q=80,https://images.unsplash.com/photo-1500530855697-b586d89ba3ee?auto=format&fit=crop&w=1200&q=80,"{公园,深圳市,广东省}"
311,华富社区公园,深圳市,梅岗路1南门华富北屋村,1,4.20,0,generic_unsplash_fallback,https://images.unsplash.com/photo-1500530855697-b586d89ba3ee?auto=format&fit=crop&w=1200&q=80,https://images.unsplash.com/photo-1500530855697-b586d89ba3ee?auto=format&fit=crop&w=1200&q=80,"{公园,深圳市,广东省}"
333,华侨城光明欢乐田园,深圳市,新湖街道楼村一号路,1,4.20,0,generic_unsplash_fallback,https://images.unsplash.com/photo-1469854523086-cc02fe5d8800?auto=format&fit=crop&w=1200&q=80,https://images.unsplash.com/photo-1469854523086-cc02fe5d8800?auto=format&fit=crop&w=1200&q=80,"{旅游景点,深圳市,广东省}"
292,华侨城欢乐海岸,深圳市,滨海大道2008号(深圳湾公园地铁E出口),1,4.20,0,generic_unsplash_fallback,https://images.unsplash.com/photo-1469854523086-cc02fe5d8800?auto=format&fit=crop&w=1200&q=80,https://images.unsplash.com/photo-1469854523086-cc02fe5d8800?auto=format&fit=crop&w=1200&q=80,"{旅游景点,深圳市,广东省}"
269,皇岗公园,深圳市,益田路2002号,1,4.20,0,generic_unsplash_fallback,https://images.unsplash.com/photo-1500530855697-b586d89ba3ee?auto=format&fit=crop&w=1200&q=80,https://images.unsplash.com/photo-1500530855697-b586d89ba3ee?auto=format&fit=crop&w=1200&q=80,"{公园,深圳市,广东省}"
303,皇岗牌坊,深圳市,皇岗一街与金田路交叉口西40米,1,4.20,0,generic_unsplash_fallback,https://images.unsplash.com/photo-1469854523086-cc02fe5d8800?auto=format&fit=crop&w=1200&q=80,https://images.unsplash.com/photo-1469854523086-cc02fe5d8800?auto=format&fit=crop&w=1200&q=80,"{风景名胜,深圳市,广东省}"
299,基督教深圳堂,深圳市,梅林路126号,1,4.20,0,generic_unsplash_fallback,https://images.unsplash.com/photo-1469854523086-cc02fe5d8800?auto=format&fit=crop&w=1200&q=80,https://images.unsplash.com/photo-1469854523086-cc02fe5d8800?auto=format&fit=crop&w=1200&q=80,"{教堂,深圳市,广东省}"
280,节日大道节日广场,深圳市,福华路346号(岗厦地铁站B口步行240米),1,4.20,0,generic_unsplash_fallback,https://images.unsplash.com/photo-1444723121867-7a241cacace9?auto=format&fit=crop&w=1200&q=80,https://images.unsplash.com/photo-1444723121867-7a241cacace9?auto=format&fit=crop&w=1200&q=80,"{城市广场,深圳市,广东省}"
295,锦绣中华民俗村,深圳市,深南大道9003号,1,4.20,0,generic_unsplash_fallback,https://images.unsplash.com/photo-1469854523086-cc02fe5d8800?auto=format&fit=crop&w=1200&q=80,https://images.unsplash.com/photo-1469854523086-cc02fe5d8800?auto=format&fit=crop&w=1200&q=80,"{风景名胜,深圳市,广东省}"
309,景蜜公园,深圳市,景田北三街66号(梅景地铁站A2口步行280米),1,4.20,0,generic_unsplash_fallback,https://images.unsplash.com/photo-1500530855697-b586d89ba3ee?auto=format&fit=crop&w=1200&q=80,https://images.unsplash.com/photo-1500530855697-b586d89ba3ee?auto=format&fit=crop&w=1200&q=80,"{公园,深圳市,广东省}"
342,聚龙山公园,深圳市,坑梓街道金沙社区,1,4.20,0,generic_unsplash_fallback,https://images.unsplash.com/photo-1500530855697-b586d89ba3ee?auto=format&fit=crop&w=1200&q=80,https://images.unsplash.com/photo-1500530855697-b586d89ba3ee?auto=format&fit=crop&w=1200&q=80,"{公园,深圳市,广东省}"
338,立新湖公园,深圳市,福海街道桥头社区稔山二路8号,1,4.20,0,generic_unsplash_fallback,https://images.unsplash.com/photo-1500530855697-b586d89ba3ee?auto=format&fit=crop&w=1200&q=80,https://images.unsplash.com/photo-1500530855697-b586d89ba3ee?auto=format&fit=crop&w=1200&q=80,"{公园,深圳市,广东省}"
270,荔枝公园,深圳市,红岭中路1001号,1,4.20,0,generic_unsplash_fallback,https://images.unsplash.com/photo-1500530855697-b586d89ba3ee?auto=format&fit=crop&w=1200&q=80,https://images.unsplash.com/photo-1500530855697-b586d89ba3ee?auto=format&fit=crop&w=1200&q=80,"{公园,深圳市,广东省}"
278,莲花湖,深圳市,红荔路6030号莲花山公园内(儿童医院对面),1,4.20,0,generic_unsplash_fallback,https://images.unsplash.com/photo-1469854523086-cc02fe5d8800?auto=format&fit=crop&w=1200&q=80,https://images.unsplash.com/photo-1469854523086-cc02fe5d8800?auto=format&fit=crop&w=1200&q=80,"{旅游景点,深圳市,广东省}"
262,莲花山公园,深圳市,红荔路6030号,1,4.20,0,generic_unsplash_fallback,https://images.unsplash.com/photo-1500530855697-b586d89ba3ee?auto=format&fit=crop&w=1200&q=80,https://images.unsplash.com/photo-1500530855697-b586d89ba3ee?auto=format&fit=crop&w=1200&q=80,"{公园,深圳市,广东省}"
267,莲花山公园风筝广场,深圳市,红荔路6030号莲花山公园内(南侧),1,4.20,0,generic_unsplash_fallback,https://images.unsplash.com/photo-1500530855697-b586d89ba3ee?auto=format&fit=crop&w=1200&q=80,https://images.unsplash.com/photo-1500530855697-b586d89ba3ee?auto=format&fit=crop&w=1200&q=80,"{城市广场,深圳市,广东省}"
268,莲花山公园山顶广场,深圳市,红荔路6030号,1,4.20,0,generic_unsplash_fallback,https://images.unsplash.com/photo-1500530855697-b586d89ba3ee?auto=format&fit=crop&w=1200&q=80,https://images.unsplash.com/photo-1500530855697-b586d89ba3ee?auto=format&fit=crop&w=1200&q=80,"{公园广场,深圳市,广东省}"
336,龙城公园,深圳市,清林路与爱心路交界处,1,4.20,0,generic_unsplash_fallback,https://images.unsplash.com/photo-1500530855697-b586d89ba3ee?auto=format&fit=crop&w=1200&q=80,https://images.unsplash.com/photo-1500530855697-b586d89ba3ee?auto=format&fit=crop&w=1200&q=80,"{公园,深圳市,广东省}"
340,罗田森林公园,深圳市,S31龙大高速北33号附近,1,4.20,0,generic_unsplash_fallback,https://images.unsplash.com/photo-1500530855697-b586d89ba3ee?auto=format&fit=crop&w=1200&q=80,https://images.unsplash.com/photo-1500530855697-b586d89ba3ee?auto=format&fit=crop&w=1200&q=80,"{风景名胜,深圳市,广东省}"
328,马峦山郊野公园,深圳市,马峦街道坪马线公路,1,4.20,0,generic_unsplash_fallback,https://images.unsplash.com/photo-1500530855697-b586d89ba3ee?auto=format&fit=crop&w=1200&q=80,https://images.unsplash.com/photo-1500530855697-b586d89ba3ee?auto=format&fit=crop&w=1200&q=80,"{风景名胜,深圳市,广东省}"
308,梅林山公园,深圳市,下梅林二街西200米颂德国际旁,1,4.20,0,generic_unsplash_fallback,https://images.unsplash.com/photo-1500530855697-b586d89ba3ee?auto=format&fit=crop&w=1200&q=80,https://images.unsplash.com/photo-1500530855697-b586d89ba3ee?auto=format&fit=crop&w=1200&q=80,"{公园,深圳市,广东省}"
313,梅林水库,深圳市,梅林街道,1,4.20,0,generic_unsplash_fallback,https://images.unsplash.com/photo-1469854523086-cc02fe5d8800?auto=format&fit=crop&w=1200&q=80,https://images.unsplash.com/photo-1469854523086-cc02fe5d8800?auto=format&fit=crop&w=1200&q=80,"{风景名胜,深圳市,广东省}"
332,南山公园,深圳市,蛇口招商街道别墅路8号,1,4.20,0,generic_unsplash_fallback,https://images.unsplash.com/photo-1500530855697-b586d89ba3ee?auto=format&fit=crop&w=1200&q=80,https://images.unsplash.com/photo-1500530855697-b586d89ba3ee?auto=format&fit=crop&w=1200&q=80,"{公园,深圳市,广东省}"
325,前海石公园,深圳市,前海大道与金岸中街交汇处,1,4.20,0,generic_unsplash_fallback,https://images.unsplash.com/photo-1500530855697-b586d89ba3ee?auto=format&fit=crop&w=1200&q=80,https://images.unsplash.com/photo-1500530855697-b586d89ba3ee?auto=format&fit=crop&w=1200&q=80,"{公园,深圳市,广东省}"
279,人民公园,深圳市,人民北路3071号,1,4.20,0,generic_unsplash_fallback,https://images.unsplash.com/photo-1500530855697-b586d89ba3ee?auto=format&fit=crop&w=1200&q=80,https://images.unsplash.com/photo-1500530855697-b586d89ba3ee?auto=format&fit=crop&w=1200&q=80,"{公园,深圳市,广东省}"
275,沙嘴牌坊,深圳市,沙嘴路与福沙路交叉口东北100米,1,4.20,0,generic_unsplash_fallback,https://images.unsplash.com/photo-1469854523086-cc02fe5d8800?auto=format&fit=crop&w=1200&q=80,https://images.unsplash.com/photo-1469854523086-cc02fe5d8800?auto=format&fit=crop&w=1200&q=80,"{风景名胜,深圳市,广东省}"
324,深圳大鹏半岛国家地质公园,深圳市,地质公园路,1,4.20,0,generic_unsplash_fallback,https://images.unsplash.com/photo-1500530855697-b586d89ba3ee?auto=format&fit=crop&w=1200&q=80,https://images.unsplash.com/photo-1500530855697-b586d89ba3ee?auto=format&fit=crop&w=1200&q=80,"{公园,深圳市,广东省}"
271,深圳国际园林花卉博览园,深圳市,深南大道8002号,1,4.20,0,generic_unsplash_fallback,https://images.unsplash.com/photo-1500530855697-b586d89ba3ee?auto=format&fit=crop&w=1200&q=80,https://images.unsplash.com/photo-1500530855697-b586d89ba3ee?auto=format&fit=crop&w=1200&q=80,"{公园,深圳市,广东省}"
273,深圳华侨城旅游度假区,深圳市,杜鹃山(华侨城地铁站A口步行390米),1,4.20,0,generic_unsplash_fallback,https://images.unsplash.com/photo-1469854523086-cc02fe5d8800?auto=format&fit=crop&w=1200&q=80,https://images.unsplash.com/photo-1469854523086-cc02fe5d8800?auto=format&fit=crop&w=1200&q=80,"{国家级景点,深圳市,广东省}"
310,深圳经济特区建立三十周年纪念园,深圳市,红荔路6030号莲花山公园(东南角),1,4.20,0,generic_unsplash_fallback,https://images.unsplash.com/photo-1469854523086-cc02fe5d8800?auto=format&fit=crop&w=1200&q=80,https://images.unsplash.com/photo-1469854523086-cc02fe5d8800?auto=format&fit=crop&w=1200&q=80,"{纪念馆,深圳市,广东省}"
277,深圳平安金融中心云际观光层,深圳市,益田路5033号平安金融中心A座B1层,1,4.20,0,generic_unsplash_fallback,https://images.unsplash.com/photo-1469854523086-cc02fe5d8800?auto=format&fit=crop&w=1200&q=80,https://images.unsplash.com/photo-1469854523086-cc02fe5d8800?auto=format&fit=crop&w=1200&q=80,"{旅游景点,深圳市,广东省}"
296,深圳人才公园,深圳市,粤海街道科苑南路3329号,1,4.20,0,generic_unsplash_fallback,https://images.unsplash.com/photo-1500530855697-b586d89ba3ee?auto=format&fit=crop&w=1200&q=80,https://images.unsplash.com/photo-1500530855697-b586d89ba3ee?auto=format&fit=crop&w=1200&q=80,"{公园,深圳市,广东省}"
319,深圳人才公园人才星光大道,深圳市,粤海街道蔚蓝海岸社区科苑南路3329号深圳人才公园(东南角),1,4.20,0,generic_unsplash_fallback,https://images.unsplash.com/photo-1500530855697-b586d89ba3ee?auto=format&fit=crop&w=1200&q=80,https://images.unsplash.com/photo-1500530855697-b586d89ba3ee?auto=format&fit=crop&w=1200&q=80,"{风景名胜,深圳市,广东省}"
288,深圳世界之窗,深圳市,深南大道9037号(世界之窗地铁站旁),1,4.20,0,generic_unsplash_fallback,https://images.unsplash.com/photo-1469854523086-cc02fe5d8800?auto=format&fit=crop&w=1200&q=80,https://images.unsplash.com/photo-1469854523086-cc02fe5d8800?auto=format&fit=crop&w=1200&q=80,"{国家级景点,深圳市,广东省}"
289,深圳市清真寺,深圳市,梅林路7号,1,4.20,0,generic_unsplash_fallback,https://images.unsplash.com/photo-1513415756790-2ac1db1297d0?auto=format&fit=crop&w=1200&q=80,https://images.unsplash.com/photo-1513415756790-2ac1db1297d0?auto=format&fit=crop&w=1200&q=80,"{回教寺,深圳市,广东省}"
276,深圳湾公园,深圳市,滨海大道,1,4.20,0,generic_unsplash_fallback,https://images.unsplash.com/photo-1500530855697-b586d89ba3ee?auto=format&fit=crop&w=1200&q=80,https://images.unsplash.com/photo-1500530855697-b586d89ba3ee?auto=format&fit=crop&w=1200&q=80,"{公园,深圳市,广东省}"
315,深圳湾公园北湾鹭港,深圳市,滨海大道深圳湾公园内(西侧),1,4.20,0,generic_unsplash_fallback,https://images.unsplash.com/photo-1500530855697-b586d89ba3ee?auto=format&fit=crop&w=1200&q=80,https://images.unsplash.com/photo-1500530855697-b586d89ba3ee?auto=format&fit=crop&w=1200&q=80,"{公园,深圳市,广东省}"
317,深圳湾公园观桥公园,深圳市,望海路附近,1,4.20,0,generic_unsplash_fallback,https://images.unsplash.com/photo-1500530855697-b586d89ba3ee?auto=format&fit=crop&w=1200&q=80,https://images.unsplash.com/photo-1500530855697-b586d89ba3ee?auto=format&fit=crop&w=1200&q=80,"{公园,深圳市,广东省}"
316,深圳湾公园流花山公园,深圳市,东滨沙河西立交桥,1,4.20,0,generic_unsplash_fallback,https://images.unsplash.com/photo-1500530855697-b586d89ba3ee?auto=format&fit=crop&w=1200&q=80,https://images.unsplash.com/photo-1500530855697-b586d89ba3ee?auto=format&fit=crop&w=1200&q=80,"{公园,深圳市,广东省}"
320,深圳仙湖植物园,深圳市,莲塘街道仙湖社区仙湖路160号,1,4.20,0,generic_unsplash_fallback,https://images.unsplash.com/photo-1469854523086-cc02fe5d8800?auto=format&fit=crop&w=1200&q=80,https://images.unsplash.com/photo-1469854523086-cc02fe5d8800?auto=format&fit=crop&w=1200&q=80,"{植物园,深圳市,广东省}"
284,深圳中心公园A区,深圳市,深圳中心公园内(南侧),1,4.20,0,generic_unsplash_fallback,https://images.unsplash.com/photo-1500530855697-b586d89ba3ee?auto=format&fit=crop&w=1200&q=80,https://images.unsplash.com/photo-1500530855697-b586d89ba3ee?auto=format&fit=crop&w=1200&q=80,"{公园,深圳市,广东省}"
298,深圳中心公园D1区,深圳市,华富街道皇岗路深圳中心公园(西北角),1,4.20,0,generic_unsplash_fallback,https://images.unsplash.com/photo-1500530855697-b586d89ba3ee?auto=format&fit=crop&w=1200&q=80,https://images.unsplash.com/photo-1500530855697-b586d89ba3ee?auto=format&fit=crop&w=1200&q=80,"{旅游景点,深圳市,广东省}"
281,市民广场南广场,深圳市,福华一路3号(市民中心地铁站F口步行420米),1,4.20,0,generic_unsplash_fallback,https://images.unsplash.com/photo-1500530855697-b586d89ba3ee?auto=format&fit=crop&w=1200&q=80,https://images.unsplash.com/photo-1500530855697-b586d89ba3ee?auto=format&fit=crop&w=1200&q=80,"{公园广场,深圳市,广东省}"
286,市民中心公园,深圳市,深南大道市民中心广场前(近市民中心),1,4.20,0,generic_unsplash_fallback,https://images.unsplash.com/photo-1500530855697-b586d89ba3ee?auto=format&fit=crop&w=1200&q=80,https://images.unsplash.com/photo-1500530855697-b586d89ba3ee?auto=format&fit=crop&w=1200&q=80,"{公园,深圳市,广东省}"
274,水围文化广场,深圳市,金田路1029号,1,4.20,0,generic_unsplash_fallback,https://images.unsplash.com/photo-1444723121867-7a241cacace9?auto=format&fit=crop&w=1200&q=80,https://images.unsplash.com/photo-1444723121867-7a241cacace9?auto=format&fit=crop&w=1200&q=80,"{城市广场,深圳市,广东省}"
287,塘朗山公园,深圳市,龙珠六路尽头处,1,4.20,0,generic_unsplash_fallback,https://images.unsplash.com/photo-1500530855697-b586d89ba3ee?auto=format&fit=crop&w=1200&q=80,https://images.unsplash.com/photo-1500530855697-b586d89ba3ee?auto=format&fit=crop&w=1200&q=80,"{公园,深圳市,广东省}"
334,五指耙公园,深圳市,松岗街道大田洋六路,1,4.20,0,generic_unsplash_fallback,https://images.unsplash.com/photo-1500530855697-b586d89ba3ee?auto=format&fit=crop&w=1200&q=80,https://images.unsplash.com/photo-1500530855697-b586d89ba3ee?auto=format&fit=crop&w=1200&q=80,"{公园,深圳市,广东省}"
322,西湾红树林公园-观海平台,深圳市,金湾大道旁西湾红树林公园内,1,4.20,0,generic_unsplash_fallback,https://images.unsplash.com/photo-1500530855697-b586d89ba3ee?auto=format&fit=crop&w=1200&q=80,https://images.unsplash.com/photo-1500530855697-b586d89ba3ee?auto=format&fit=crop&w=1200&q=80,"{旅游景点,深圳市,广东省}"
266,香蜜公园,深圳市,香蜜湖街道农园路30号,1,4.20,0,generic_unsplash_fallback,https://images.unsplash.com/photo-1500530855697-b586d89ba3ee?auto=format&fit=crop&w=1200&q=80,https://images.unsplash.com/photo-1500530855697-b586d89ba3ee?auto=format&fit=crop&w=1200&q=80,"{公园,深圳市,广东省}"
297,香蜜湖·四季花谷,深圳市,香蜜湖街道农园路30号香蜜公园(东南角),1,4.20,0,generic_unsplash_fallback,https://images.unsplash.com/photo-1469854523086-cc02fe5d8800?auto=format&fit=crop&w=1200&q=80,https://images.unsplash.com/photo-1469854523086-cc02fe5d8800?auto=format&fit=crop&w=1200&q=80,"{风景名胜,深圳市,广东省}"
294,向日葵公园,深圳市,福华一路3号市民广场南广场(东南角),1,4.20,0,generic_unsplash_fallback,https://images.unsplash.com/photo-1500530855697-b586d89ba3ee?auto=format&fit=crop&w=1200&q=80,https://images.unsplash.com/photo-1500530855697-b586d89ba3ee?auto=format&fit=crop&w=1200&q=80,"{旅游景点,深圳市,广东省}"
307,小平铜像广场,深圳市,红荔路6030号莲花山公园,1,4.20,0,generic_unsplash_fallback,https://images.unsplash.com/photo-1444723121867-7a241cacace9?auto=format&fit=crop&w=1200&q=80,https://images.unsplash.com/photo-1444723121867-7a241cacace9?auto=format&fit=crop&w=1200&q=80,"{城市广场,深圳市,广东省}"
314,新洲文化广场,深圳市,新洲祠堂村64栋(沙尾地铁站C口步行440米),1,4.20,0,generic_unsplash_fallback,https://images.unsplash.com/photo-1444723121867-7a241cacace9?auto=format&fit=crop&w=1200&q=80,https://images.unsplash.com/photo-1444723121867-7a241cacace9?auto=format&fit=crop&w=1200&q=80,"{城市广场,深圳市,广东省}"
326,阳台山森林公园,深圳市,石岩街道龙腾路龙眼山村南,1,4.20,0,generic_unsplash_fallback,https://images.unsplash.com/photo-1500530855697-b586d89ba3ee?auto=format&fit=crop&w=1200&q=80,https://images.unsplash.com/photo-1500530855697-b586d89ba3ee?auto=format&fit=crop&w=1200&q=80,"{公园,深圳市,广东省}"
291,银湖山郊野公园,深圳市,南坪快速,1,4.20,0,generic_unsplash_fallback,https://images.unsplash.com/photo-1500530855697-b586d89ba3ee?auto=format&fit=crop&w=1200&q=80,https://images.unsplash.com/photo-1500530855697-b586d89ba3ee?auto=format&fit=crop&w=1200&q=80,"{公园,深圳市,广东省}"
343,月亮湾公园,深圳市,前海路0333号阳光玫瑰园对面,1,4.20,0,generic_unsplash_fallback,https://images.unsplash.com/photo-1500530855697-b586d89ba3ee?auto=format&fit=crop&w=1200&q=80,https://images.unsplash.com/photo-1500530855697-b586d89ba3ee?auto=format&fit=crop&w=1200&q=80,"{公园,深圳市,广东省}"
329,中山公园,深圳市,南山大道3109号(近汇泉广场),1,4.20,0,generic_unsplash_fallback,https://images.unsplash.com/photo-1500530855697-b586d89ba3ee?auto=format&fit=crop&w=1200&q=80,https://images.unsplash.com/photo-1500530855697-b586d89ba3ee?auto=format&fit=crop&w=1200&q=80,"{公园,深圳市,广东省}"
1834,8号足球公园,沈阳市,南堤西路2号,1,4.20,0,generic_unsplash_fallback,https://images.unsplash.com/photo-1500530855697-b586d89ba3ee?auto=format&fit=crop&w=1200&q=80,https://images.unsplash.com/photo-1500530855697-b586d89ba3ee?auto=format&fit=crop&w=1200&q=80,"{公园,沈阳市,辽宁省}"
1820,奥林匹克生态公园,沈阳市,五三街道南堤中路与天赐街交叉口,1,4.20,0,generic_unsplash_fallback,https://images.unsplash.com/photo-1500530855697-b586d89ba3ee?auto=format&fit=crop&w=1200&q=80,https://images.unsplash.com/photo-1500530855697-b586d89ba3ee?auto=format&fit=crop&w=1200&q=80,"{运动场所,沈阳市,辽宁省}"
1816,八一公园,沈阳市,三纬路18号,1,4.20,0,generic_unsplash_fallback,https://images.unsplash.com/photo-1500530855697-b586d89ba3ee?auto=format&fit=crop&w=1200&q=80,https://images.unsplash.com/photo-1500530855697-b586d89ba3ee?auto=format&fit=crop&w=1200&q=80,"{公园,沈阳市,辽宁省}"
1837,白塔大集,沈阳市,沈营大街100号,1,4.20,0,generic_unsplash_fallback,https://images.unsplash.com/photo-1444723121867-7a241cacace9?auto=format&fit=crop&w=1200&q=80,https://images.unsplash.com/photo-1444723121867-7a241cacace9?auto=format&fit=crop&w=1200&q=80,"{风景名胜,沈阳市,辽宁省}"
1783,白塔公园,沈阳市,浑南新区白塔堡,1,4.20,0,generic_unsplash_fallback,https://images.unsplash.com/photo-1500530855697-b586d89ba3ee?auto=format&fit=crop&w=1200&q=80,https://images.unsplash.com/photo-1500530855697-b586d89ba3ee?auto=format&fit=crop&w=1200&q=80,"{公园,沈阳市,辽宁省}"
1842,白杨岛,沈阳市,智慧二街与创新路交叉口北360米,1,4.20,0,generic_unsplash_fallback,https://images.unsplash.com/photo-1469854523086-cc02fe5d8800?auto=format&fit=crop&w=1200&q=80,https://images.unsplash.com/photo-1469854523086-cc02fe5d8800?auto=format&fit=crop&w=1200&q=80,"{风景名胜,沈阳市,辽宁省}"
1858,百鸟公园,沈阳市,崇山中路66号辽宁大学对面(近宁山路)百鸟园附近,1,4.20,0,generic_unsplash_fallback,https://images.unsplash.com/photo-1500530855697-b586d89ba3ee?auto=format&fit=crop&w=1200&q=80,https://images.unsplash.com/photo-1500530855697-b586d89ba3ee?auto=format&fit=crop&w=1200&q=80,"{公园,沈阳市,辽宁省}"
1796,北陵公园,沈阳市,泰山路12号,1,4.20,0,generic_unsplash_fallback,https://images.unsplash.com/photo-1500530855697-b586d89ba3ee?auto=format&fit=crop&w=1200&q=80,https://images.unsplash.com/photo-1500530855697-b586d89ba3ee?auto=format&fit=crop&w=1200&q=80,"{国家级景点,沈阳市,辽宁省}"
1845,北山圆广场,沈阳市,莫园环路莫子山体育公园,1,4.20,0,generic_unsplash_fallback,https://images.unsplash.com/photo-1444723121867-7a241cacace9?auto=format&fit=crop&w=1200&q=80,https://images.unsplash.com/photo-1444723121867-7a241cacace9?auto=format&fit=crop&w=1200&q=80,"{城市广场,沈阳市,辽宁省}"
1819,北塔,沈阳市,北塔街27号,1,4.20,0,generic_unsplash_fallback,https://images.unsplash.com/photo-1444723121867-7a241cacace9?auto=format&fit=crop&w=1200&q=80,https://images.unsplash.com/photo-1444723121867-7a241cacace9?auto=format&fit=crop&w=1200&q=80,"{风景名胜,沈阳市,辽宁省}"
1813,碧霞宫,沈阳市,白塔街道沈营大街799号,1,4.20,0,generic_unsplash_fallback,https://images.unsplash.com/photo-1469854523086-cc02fe5d8800?auto=format&fit=crop&w=1200&q=80,https://images.unsplash.com/photo-1469854523086-cc02fe5d8800?auto=format&fit=crop&w=1200&q=80,"{寺庙道观,沈阳市,辽宁省}"
1806,慈恩寺,沈阳市,大南街慈恩寺巷12号,1,4.20,0,generic_unsplash_fallback,https://images.unsplash.com/photo-1513415756790-2ac1db1297d0?auto=format&fit=crop&w=1200&q=80,https://images.unsplash.com/photo-1513415756790-2ac1db1297d0?auto=format&fit=crop&w=1200&q=80,"{寺庙道观,沈阳市,辽宁省}"
1801,荷花池,沈阳市,智慧二街276号附近,1,4.20,0,generic_unsplash_fallback,https://images.unsplash.com/photo-1469854523086-cc02fe5d8800?auto=format&fit=crop&w=1200&q=80,https://images.unsplash.com/photo-1469854523086-cc02fe5d8800?auto=format&fit=crop&w=1200&q=80,"{风景名胜,沈阳市,辽宁省}"
1854,虎石台公园,沈阳市,建设路与兴明街交叉口西南240米,1,4.20,0,generic_unsplash_fallback,https://images.unsplash.com/photo-1500530855697-b586d89ba3ee?auto=format&fit=crop&w=1200&q=80,https://images.unsplash.com/photo-1500530855697-b586d89ba3ee?auto=format&fit=crop&w=1200&q=80,"{公园,沈阳市,辽宁省}"
1817,护国法轮寺,沈阳市,北塔街27号,1,4.20,0,generic_unsplash_fallback,https://images.unsplash.com/photo-1513415756790-2ac1db1297d0?auto=format&fit=crop&w=1200&q=80,https://images.unsplash.com/photo-1513415756790-2ac1db1297d0?auto=format&fit=crop&w=1200&q=80,"{寺庙道观,沈阳市,辽宁省}"
1824,华润置地创新公园,沈阳市,创新路与沈本二街交叉口东南80米,1,4.20,0,generic_unsplash_fallback,https://images.unsplash.com/photo-1500530855697-b586d89ba3ee?auto=format&fit=crop&w=1200&q=80,https://images.unsplash.com/photo-1500530855697-b586d89ba3ee?auto=format&fit=crop&w=1200&q=80,"{公园,沈阳市,辽宁省}"
1811,怀远门,沈阳市,沈阳路2号(怀远门地铁站B口步行100米),1,4.20,0,generic_unsplash_fallback,https://images.unsplash.com/photo-1469854523086-cc02fe5d8800?auto=format&fit=crop&w=1200&q=80,https://images.unsplash.com/photo-1469854523086-cc02fe5d8800?auto=format&fit=crop&w=1200&q=80,"{旅游景点,沈阳市,辽宁省}"
1869,槐园,沈阳市,金山路14号(皇姑区政务大厅西50米),1,4.20,0,generic_unsplash_fallback,https://images.unsplash.com/photo-1469854523086-cc02fe5d8800?auto=format&fit=crop&w=1200&q=80,https://images.unsplash.com/photo-1469854523086-cc02fe5d8800?auto=format&fit=crop&w=1200&q=80,"{风景名胜,沈阳市,辽宁省}"
1807,皇姑北塔公园,沈阳市,崇山东路21-20,1,4.20,0,generic_unsplash_fallback,https://images.unsplash.com/photo-1500530855697-b586d89ba3ee?auto=format&fit=crop&w=1200&q=80,https://images.unsplash.com/photo-1500530855697-b586d89ba3ee?auto=format&fit=crop&w=1200&q=80,"{公园,沈阳市,辽宁省}"
1835,浑河堡教堂,沈阳市,金帆西路8号,1,4.20,0,generic_unsplash_fallback,https://images.unsplash.com/photo-1469854523086-cc02fe5d8800?auto=format&fit=crop&w=1200&q=80,https://images.unsplash.com/photo-1469854523086-cc02fe5d8800?auto=format&fit=crop&w=1200&q=80,"{教堂,沈阳市,辽宁省}"
1808,浑河晚渡公园,沈阳市,城东湖街道阳光路20号,1,4.20,0,generic_unsplash_fallback,https://images.unsplash.com/photo-1500530855697-b586d89ba3ee?auto=format&fit=crop&w=1200&q=80,https://images.unsplash.com/photo-1500530855697-b586d89ba3ee?auto=format&fit=crop&w=1200&q=80,"{公园,沈阳市,辽宁省}"
1788,浑南市民公园,沈阳市,南堤西路2号,1,4.20,0,generic_unsplash_fallback,https://images.unsplash.com/photo-1500530855697-b586d89ba3ee?auto=format&fit=crop&w=1200&q=80,https://images.unsplash.com/photo-1500530855697-b586d89ba3ee?auto=format&fit=crop&w=1200&q=80,"{公园,沈阳市,辽宁省}"
1782,浑南新城中央公园,沈阳市,全运四路附近,1,4.20,0,generic_unsplash_fallback,https://images.unsplash.com/photo-1500530855697-b586d89ba3ee?auto=format&fit=crop&w=1200&q=80,https://images.unsplash.com/photo-1500530855697-b586d89ba3ee?auto=format&fit=crop&w=1200&q=80,"{公园,沈阳市,辽宁省}"
1823,九岛湖,沈阳市,创新路与智慧二街交叉口东北160米,1,4.20,0,generic_unsplash_fallback,https://images.unsplash.com/photo-1469854523086-cc02fe5d8800?auto=format&fit=crop&w=1200&q=80,https://images.unsplash.com/photo-1469854523086-cc02fe5d8800?auto=format&fit=crop&w=1200&q=80,"{旅游景点,沈阳市,辽宁省}"
1863,科普公园,沈阳市,五里河街道五爱街52号(近文体东路),1,4.20,0,generic_unsplash_fallback,https://images.unsplash.com/photo-1500530855697-b586d89ba3ee?auto=format&fit=crop&w=1200&q=80,https://images.unsplash.com/photo-1500530855697-b586d89ba3ee?auto=format&fit=crop&w=1200&q=80,"{公园,沈阳市,辽宁省}"
1870,克俭公园,沈阳市,阿里山路8号,1,4.20,0,generic_unsplash_fallback,https://images.unsplash.com/photo-1500530855697-b586d89ba3ee?auto=format&fit=crop&w=1200&q=80,https://images.unsplash.com/photo-1500530855697-b586d89ba3ee?auto=format&fit=crop&w=1200&q=80,"{公园,沈阳市,辽宁省}"
1794,老北市,沈阳市,皇寺路99号,1,4.20,0,generic_unsplash_fallback,https://images.unsplash.com/photo-1519608487953-e999c86e7455?auto=format&fit=crop&w=1200&q=80,https://images.unsplash.com/photo-1519608487953-e999c86e7455?auto=format&fit=crop&w=1200&q=80,"{购物相关场所,沈阳市,辽宁省}"
1805,老北市室内民国老街,沈阳市,北市场街道皇寺路99-1号,1,4.20,0,generic_unsplash_fallback,https://images.unsplash.com/photo-1519608487953-e999c86e7455?auto=format&fit=crop&w=1200&q=80,https://images.unsplash.com/photo-1519608487953-e999c86e7455?auto=format&fit=crop&w=1200&q=80,"{旅游景点,沈阳市,辽宁省}"
1871,鲁迅公园,沈阳市,西滨河路6号,1,4.20,0,generic_unsplash_fallback,https://images.unsplash.com/photo-1500530855697-b586d89ba3ee?auto=format&fit=crop&w=1200&q=80,https://images.unsplash.com/photo-1500530855697-b586d89ba3ee?auto=format&fit=crop&w=1200&q=80,"{公园,沈阳市,辽宁省}"
1831,麦芽岛喝酒公园,沈阳市,智慧四街龙湖云里C1栋C112,1,4.20,0,generic_unsplash_fallback,https://images.unsplash.com/photo-1500530855697-b586d89ba3ee?auto=format&fit=crop&w=1200&q=80,https://images.unsplash.com/photo-1500530855697-b586d89ba3ee?auto=format&fit=crop&w=1200&q=80,"{公园,沈阳市,辽宁省}"
1786,弥陀寺,沈阳市,浑南新区白塔堡白塔公园内(南侧),1,4.20,0,generic_unsplash_fallback,https://images.unsplash.com/photo-1513415756790-2ac1db1297d0?auto=format&fit=crop&w=1200&q=80,https://images.unsplash.com/photo-1513415756790-2ac1db1297d0?auto=format&fit=crop&w=1200&q=80,"{寺庙道观,沈阳市,辽宁省}"
1826,莫子山碉堡,沈阳市,桃仙镇创新路莫子山公园(东侧),1,4.20,0,generic_unsplash_fallback,https://images.unsplash.com/photo-1469854523086-cc02fe5d8800?auto=format&fit=crop&w=1200&q=80,https://images.unsplash.com/photo-1469854523086-cc02fe5d8800?auto=format&fit=crop&w=1200&q=80,"{旅游景点,沈阳市,辽宁省}"
1781,莫子山公园,沈阳市,环山路,1,4.20,0,generic_unsplash_fallback,https://images.unsplash.com/photo-1500530855697-b586d89ba3ee?auto=format&fit=crop&w=1200&q=80,https://images.unsplash.com/photo-1500530855697-b586d89ba3ee?auto=format&fit=crop&w=1200&q=80,"{公园,沈阳市,辽宁省}"
1846,莫子山历史寻迹,沈阳市,桃仙镇创新路莫子山公园,1,4.20,0,generic_unsplash_fallback,https://images.unsplash.com/photo-1469854523086-cc02fe5d8800?auto=format&fit=crop&w=1200&q=80,https://images.unsplash.com/photo-1469854523086-cc02fe5d8800?auto=format&fit=crop&w=1200&q=80,"{旅游景点,沈阳市,辽宁省}"
1791,南湖公园,沈阳市,文化路1号,1,4.20,0,generic_unsplash_fallback,https://images.unsplash.com/photo-1500530855697-b586d89ba3ee?auto=format&fit=crop&w=1200&q=80,https://images.unsplash.com/photo-1500530855697-b586d89ba3ee?auto=format&fit=crop&w=1200&q=80,"{公园,沈阳市,辽宁省}"
1868,南塔公园,沈阳市,文萃路(近文萃苑),1,4.20,0,generic_unsplash_fallback,https://images.unsplash.com/photo-1500530855697-b586d89ba3ee?auto=format&fit=crop&w=1200&q=80,https://images.unsplash.com/photo-1500530855697-b586d89ba3ee?auto=format&fit=crop&w=1200&q=80,"{公园,沈阳市,辽宁省}"
1860,蒲河冬雪湖公园,沈阳市,蒲河大道中国医科大学北侧,1,4.20,0,generic_unsplash_fallback,https://images.unsplash.com/photo-1500530855697-b586d89ba3ee?auto=format&fit=crop&w=1200&q=80,https://images.unsplash.com/photo-1500530855697-b586d89ba3ee?auto=format&fit=crop&w=1200&q=80,"{公园,沈阳市,辽宁省}"
1853,蒲河生态文化走廊(沈北新区),沈阳市,蒲河景观路,1,4.20,0,generic_unsplash_fallback,https://images.unsplash.com/photo-1500530855697-b586d89ba3ee?auto=format&fit=crop&w=1200&q=80,https://images.unsplash.com/photo-1500530855697-b586d89ba3ee?auto=format&fit=crop&w=1200&q=80,"{公园,沈阳市,辽宁省}"
1852,七星国家湿地公园,沈阳市,黄家街道腰长河村,1,4.20,0,generic_unsplash_fallback,https://images.unsplash.com/photo-1500530855697-b586d89ba3ee?auto=format&fit=crop&w=1200&q=80,https://images.unsplash.com/photo-1500530855697-b586d89ba3ee?auto=format&fit=crop&w=1200&q=80,"{公园,沈阳市,辽宁省}"
1795,青年公园,沈阳市,风雨坛街道青年大街111号(近文艺路),1,4.20,0,generic_unsplash_fallback,https://images.unsplash.com/photo-1500530855697-b586d89ba3ee?auto=format&fit=crop&w=1200&q=80,https://images.unsplash.com/photo-1500530855697-b586d89ba3ee?auto=format&fit=crop&w=1200&q=80,"{公园,沈阳市,辽宁省}"
1810,清昭陵,沈阳市,北塔街道泰山路12号北陵公园内,1,4.20,0,generic_unsplash_fallback,https://images.unsplash.com/photo-1469854523086-cc02fe5d8800?auto=format&fit=crop&w=1200&q=80,https://images.unsplash.com/photo-1469854523086-cc02fe5d8800?auto=format&fit=crop&w=1200&q=80,"{世界遗产,沈阳市,辽宁省}"
1844,全运会市民广场,沈阳市,全运四路浑南新城中央公园(南侧),1,4.20,0,generic_unsplash_fallback,https://images.unsplash.com/photo-1444723121867-7a241cacace9?auto=format&fit=crop&w=1200&q=80,https://images.unsplash.com/photo-1444723121867-7a241cacace9?auto=format&fit=crop&w=1200&q=80,"{城市广场,沈阳市,辽宁省}"
1785,沈水湾公园,沈阳市,沈水路589号,1,4.20,0,generic_unsplash_fallback,https://images.unsplash.com/photo-1500530855697-b586d89ba3ee?auto=format&fit=crop&w=1200&q=80,https://images.unsplash.com/photo-1500530855697-b586d89ba3ee?auto=format&fit=crop&w=1200&q=80,"{公园,沈阳市,辽宁省}"
1803,沈水湾公园格桑花海,沈阳市,沈水路589号沈水湾公园(西北角),1,4.20,0,generic_unsplash_fallback,https://images.unsplash.com/photo-1500530855697-b586d89ba3ee?auto=format&fit=crop&w=1200&q=80,https://images.unsplash.com/photo-1500530855697-b586d89ba3ee?auto=format&fit=crop&w=1200&q=80,"{风景名胜,沈阳市,辽宁省}"
1856,沈阳第一峰,沈阳市,近郊马刚乡老寺沟沈阳国家森林公园内,1,4.20,0,generic_unsplash_fallback,https://images.unsplash.com/photo-1469854523086-cc02fe5d8800?auto=format&fit=crop&w=1200&q=80,https://images.unsplash.com/photo-1469854523086-cc02fe5d8800?auto=format&fit=crop&w=1200&q=80,"{旅游景点,沈阳市,辽宁省}"
1787,沈阳故宫博物院,沈阳市,沈阳路171号,1,4.20,0,generic_unsplash_fallback,https://images.unsplash.com/photo-1508804185872-d7badad00f7d?auto=format&fit=crop&w=1200&q=80,https://images.unsplash.com/photo-1508804185872-d7badad00f7d?auto=format&fit=crop&w=1200&q=80,"{历史古迹,博物馆,世界遗产,历史,摄影,亲子,室内}"
1867,沈阳国际泵道公园,沈阳市,中德(沈阳)高端装备制造产业园细河悠谷公园内,1,4.20,0,generic_unsplash_fallback,https://images.unsplash.com/photo-1500530855697-b586d89ba3ee?auto=format&fit=crop&w=1200&q=80,https://images.unsplash.com/photo-1500530855697-b586d89ba3ee?auto=format&fit=crop&w=1200&q=80,"{公园,沈阳市,辽宁省}"
1855,沈阳国家森林公园,沈阳市,马刚乡老寺沟,1,4.20,0,generic_unsplash_fallback,https://images.unsplash.com/photo-1500530855697-b586d89ba3ee?auto=format&fit=crop&w=1200&q=80,https://images.unsplash.com/photo-1500530855697-b586d89ba3ee?auto=format&fit=crop&w=1200&q=80,"{国家级景点,沈阳市,辽宁省}"
1790,沈阳科学宫,沈阳市,青年大街201号,1,4.20,0,generic_unsplash_fallback,https://images.unsplash.com/photo-1469854523086-cc02fe5d8800?auto=format&fit=crop&w=1200&q=80,https://images.unsplash.com/photo-1469854523086-cc02fe5d8800?auto=format&fit=crop&w=1200&q=80,"{国家级景点,沈阳市,辽宁省}"
1849,沈阳郎朗钢琴广场,沈阳市,南堤西路,1,4.20,0,generic_unsplash_fallback,https://images.unsplash.com/photo-1444723121867-7a241cacace9?auto=format&fit=crop&w=1200&q=80,https://images.unsplash.com/photo-1444723121867-7a241cacace9?auto=format&fit=crop&w=1200&q=80,"{旅游景点,沈阳市,辽宁省}"
1821,沈阳南站东广场,沈阳市,新运河路500号沈阳南站,1,4.20,0,generic_unsplash_fallback,https://images.unsplash.com/photo-1444723121867-7a241cacace9?auto=format&fit=crop&w=1200&q=80,https://images.unsplash.com/photo-1444723121867-7a241cacace9?auto=format&fit=crop&w=1200&q=80,"{城市广场,沈阳市,辽宁省}"
1825,沈阳南站西广场,沈阳市,新运河路500号沈阳南站,1,4.20,0,generic_unsplash_fallback,https://images.unsplash.com/photo-1444723121867-7a241cacace9?auto=format&fit=crop&w=1200&q=80,https://images.unsplash.com/photo-1444723121867-7a241cacace9?auto=format&fit=crop&w=1200&q=80,"{城市广场,沈阳市,辽宁省}"
1809,沈阳鸟岛,沈阳市,东陵路195号(近东陵公园),1,4.20,0,generic_unsplash_fallback,https://images.unsplash.com/photo-1469854523086-cc02fe5d8800?auto=format&fit=crop&w=1200&q=80,https://images.unsplash.com/photo-1469854523086-cc02fe5d8800?auto=format&fit=crop&w=1200&q=80,"{省级景点,沈阳市,辽宁省}"
1812,沈阳市东陵公园,沈阳市,古井路与G1501沈阳绕城高速交叉口东陵路210号(东陵路),1,4.20,0,generic_unsplash_fallback,https://images.unsplash.com/photo-1500530855697-b586d89ba3ee?auto=format&fit=crop&w=1200&q=80,https://images.unsplash.com/photo-1500530855697-b586d89ba3ee?auto=format&fit=crop&w=1200&q=80,"{国家级景点,沈阳市,辽宁省}"
1818,沈阳市人民广场,沈阳市,青年大街1号(人民广场地铁站D口步行80米),1,4.20,0,generic_unsplash_fallback,https://images.unsplash.com/photo-1444723121867-7a241cacace9?auto=format&fit=crop&w=1200&q=80,https://images.unsplash.com/photo-1444723121867-7a241cacace9?auto=format&fit=crop&w=1200&q=80,"{城市广场,沈阳市,辽宁省}"
1802,沈阳市铁西区劳动公园,沈阳市,肇工街南12号,1,4.20,0,generic_unsplash_fallback,https://images.unsplash.com/photo-1500530855697-b586d89ba3ee?auto=format&fit=crop&w=1200&q=80,https://images.unsplash.com/photo-1500530855697-b586d89ba3ee?auto=format&fit=crop&w=1200&q=80,"{公园,沈阳市,辽宁省}"
1865,沈阳溪溪湖湿地公园,沈阳市,胡台镇,1,4.20,0,generic_unsplash_fallback,https://images.unsplash.com/photo-1500530855697-b586d89ba3ee?auto=format&fit=crop&w=1200&q=80,https://images.unsplash.com/photo-1500530855697-b586d89ba3ee?auto=format&fit=crop&w=1200&q=80,"{旅游景点,沈阳市,辽宁省}"
1815,瀋阳蓬瀛宫道院,沈阳市,南塔街97号蓬瀛宫,1,4.20,0,generic_unsplash_fallback,https://images.unsplash.com/photo-1469854523086-cc02fe5d8800?auto=format&fit=crop&w=1200&q=80,https://images.unsplash.com/photo-1469854523086-cc02fe5d8800?auto=format&fit=crop&w=1200&q=80,"{寺庙道观,沈阳市,辽宁省}"
1848,圣火广场,沈阳市,五三街道五三街道五三街道五三街道朗云街,1,4.20,0,generic_unsplash_fallback,https://images.unsplash.com/photo-1444723121867-7a241cacace9?auto=format&fit=crop&w=1200&q=80,https://images.unsplash.com/photo-1444723121867-7a241cacace9?auto=format&fit=crop&w=1200&q=80,"{城市广场,沈阳市,辽宁省}"
1832,湿地植物展区,沈阳市,智慧三街浑南新城中央公园(南区)九岛湖,1,4.20,0,generic_unsplash_fallback,https://images.unsplash.com/photo-1469854523086-cc02fe5d8800?auto=format&fit=crop&w=1200&q=80,https://images.unsplash.com/photo-1469854523086-cc02fe5d8800?auto=format&fit=crop&w=1200&q=80,"{旅游景点,沈阳市,辽宁省}"
1859,时代公园,沈阳市,东贸路20号,1,4.20,0,generic_unsplash_fallback,https://images.unsplash.com/photo-1500530855697-b586d89ba3ee?auto=format&fit=crop&w=1200&q=80,https://images.unsplash.com/photo-1500530855697-b586d89ba3ee?auto=format&fit=crop&w=1200&q=80,"{公园,沈阳市,辽宁省}"
1798,氏族聚落,沈阳市,智慧三街157号,1,4.20,0,generic_unsplash_fallback,https://images.unsplash.com/photo-1469854523086-cc02fe5d8800?auto=format&fit=crop&w=1200&q=80,https://images.unsplash.com/photo-1469854523086-cc02fe5d8800?auto=format&fit=crop&w=1200&q=80,"{旅游景点,沈阳市,辽宁省}"
1839,首创滨河公园,沈阳市,沈中大街首创光和城,1,4.20,0,generic_unsplash_fallback,https://images.unsplash.com/photo-1500530855697-b586d89ba3ee?auto=format&fit=crop&w=1200&q=80,https://images.unsplash.com/photo-1500530855697-b586d89ba3ee?auto=format&fit=crop&w=1200&q=80,"{公园,沈阳市,辽宁省}"
1836,水秀湖广场,沈阳市,智慧二街莫子山路中央公园,1,4.20,0,generic_unsplash_fallback,https://images.unsplash.com/photo-1444723121867-7a241cacace9?auto=format&fit=crop&w=1200&q=80,https://images.unsplash.com/photo-1444723121867-7a241cacace9?auto=format&fit=crop&w=1200&q=80,"{城市广场,沈阳市,辽宁省}"
1830,塔北城市公园,沈阳市,沈营大街71-1号,1,4.20,0,generic_unsplash_fallback,https://images.unsplash.com/photo-1500530855697-b586d89ba3ee?auto=format&fit=crop&w=1200&q=80,https://images.unsplash.com/photo-1500530855697-b586d89ba3ee?auto=format&fit=crop&w=1200&q=80,"{公园,沈阳市,辽宁省}"
1799,太清宫,沈阳市,西顺城街16号,1,4.20,0,generic_unsplash_fallback,https://images.unsplash.com/photo-1469854523086-cc02fe5d8800?auto=format&fit=crop&w=1200&q=80,https://images.unsplash.com/photo-1469854523086-cc02fe5d8800?auto=format&fit=crop&w=1200&q=80,"{风景名胜,沈阳市,辽宁省}"
1793,桃仙网红墙,沈阳市,辽宁百汇租车(沈阳机场店)东侧100米,1,4.20,0,generic_unsplash_fallback,https://images.unsplash.com/photo-1469854523086-cc02fe5d8800?auto=format&fit=crop&w=1200&q=80,https://images.unsplash.com/photo-1469854523086-cc02fe5d8800?auto=format&fit=crop&w=1200&q=80,"{风景名胜,沈阳市,辽宁省}"
1841,天人合一,沈阳市,桃仙镇创新路莫子山公园(东北角),1,4.20,0,generic_unsplash_fallback,https://images.unsplash.com/photo-1469854523086-cc02fe5d8800?auto=format&fit=crop&w=1200&q=80,https://images.unsplash.com/photo-1469854523086-cc02fe5d8800?auto=format&fit=crop&w=1200&q=80,"{旅游景点,沈阳市,辽宁省}"
1797,铁西广场,沈阳市,兴华南街与建设东路交汇处,1,4.20,0,generic_unsplash_fallback,https://images.unsplash.com/photo-1500530855697-b586d89ba3ee?auto=format&fit=crop&w=1200&q=80,https://images.unsplash.com/photo-1500530855697-b586d89ba3ee?auto=format&fit=crop&w=1200&q=80,"{公园广场,沈阳市,辽宁省}"
1862,铁西森林公园,沈阳市,建设西路附近,1,4.20,0,generic_unsplash_fallback,https://images.unsplash.com/photo-1500530855697-b586d89ba3ee?auto=format&fit=crop&w=1200&q=80,https://images.unsplash.com/photo-1500530855697-b586d89ba3ee?auto=format&fit=crop&w=1200&q=80,"{公园,沈阳市,辽宁省}"
1829,万科·浑南新都心公园,沈阳市,桑林街与明德路交叉口西160米,1,4.20,0,generic_unsplash_fallback,https://images.unsplash.com/photo-1500530855697-b586d89ba3ee?auto=format&fit=crop&w=1200&q=80,https://images.unsplash.com/photo-1500530855697-b586d89ba3ee?auto=format&fit=crop&w=1200&q=80,"{公园,沈阳市,辽宁省}"
1814,万柳塘公园,沈阳市,先农坛路17巷,1,4.20,0,generic_unsplash_fallback,https://images.unsplash.com/photo-1500530855697-b586d89ba3ee?auto=format&fit=crop&w=1200&q=80,https://images.unsplash.com/photo-1500530855697-b586d89ba3ee?auto=format&fit=crop&w=1200&q=80,"{公园,沈阳市,辽宁省}"
1804,万泉公园,沈阳市,万泉街1号,1,4.20,0,generic_unsplash_fallback,https://images.unsplash.com/photo-1500530855697-b586d89ba3ee?auto=format&fit=crop&w=1200&q=80,https://images.unsplash.com/photo-1500530855697-b586d89ba3ee?auto=format&fit=crop&w=1200&q=80,"{公园,沈阳市,辽宁省}"
1833,望鸢台,沈阳市,苏赵线南侧,1,4.20,0,generic_unsplash_fallback,https://images.unsplash.com/photo-1469854523086-cc02fe5d8800?auto=format&fit=crop&w=1200&q=80,https://images.unsplash.com/photo-1469854523086-cc02fe5d8800?auto=format&fit=crop&w=1200&q=80,"{风景名胜,沈阳市,辽宁省}"
1866,喜园婚礼文化主题公园,沈阳市,观泉路112-1w号,1,4.20,0,generic_unsplash_fallback,https://images.unsplash.com/photo-1500530855697-b586d89ba3ee?auto=format&fit=crop&w=1200&q=80,https://images.unsplash.com/photo-1500530855697-b586d89ba3ee?auto=format&fit=crop&w=1200&q=80,"{生活服务场所,沈阳市,辽宁省}"
1861,细河U谷,沈阳市,细河悠谷与四环路辅路交叉口东140米,1,4.20,0,generic_unsplash_fallback,https://images.unsplash.com/photo-1469854523086-cc02fe5d8800?auto=format&fit=crop&w=1200&q=80,https://images.unsplash.com/photo-1469854523086-cc02fe5d8800?auto=format&fit=crop&w=1200&q=80,"{风景名胜,沈阳市,辽宁省}"
1864,兴华公园,沈阳市,兴华南街(兴华公园地铁站D1口步行330米),1,4.20,0,generic_unsplash_fallback,https://images.unsplash.com/photo-1500530855697-b586d89ba3ee?auto=format&fit=crop&w=1200&q=80,https://images.unsplash.com/photo-1500530855697-b586d89ba3ee?auto=format&fit=crop&w=1200&q=80,"{公园,沈阳市,辽宁省}"
1827,源头瀑布,沈阳市,智慧三街浑南新城中央公园山荫游览区(北区),1,4.20,0,generic_unsplash_fallback,https://images.unsplash.com/photo-1469854523086-cc02fe5d8800?auto=format&fit=crop&w=1200&q=80,https://images.unsplash.com/photo-1469854523086-cc02fe5d8800?auto=format&fit=crop&w=1200&q=80,"{风景名胜,沈阳市,辽宁省}"
1792,张学良旧居陈列馆,沈阳市,朝阳街少帅府巷46号,1,4.20,0,generic_unsplash_fallback,https://images.unsplash.com/photo-1469854523086-cc02fe5d8800?auto=format&fit=crop&w=1200&q=80,https://images.unsplash.com/photo-1469854523086-cc02fe5d8800?auto=format&fit=crop&w=1200&q=80,"{国家级景点,沈阳市,辽宁省}"
1789,长白岛森林公园,沈阳市,南堤西路附近,1,4.20,0,generic_unsplash_fallback,https://images.unsplash.com/photo-1500530855697-b586d89ba3ee?auto=format&fit=crop&w=1200&q=80,https://images.unsplash.com/photo-1500530855697-b586d89ba3ee?auto=format&fit=crop&w=1200&q=80,"{公园,沈阳市,辽宁省}"
1800,中山公园(和平南大街),沈阳市,南京南街7号(太原街地铁站C口步行260米),1,4.20,0,generic_unsplash_fallback,https://images.unsplash.com/photo-1500530855697-b586d89ba3ee?auto=format&fit=crop&w=1200&q=80,https://images.unsplash.com/photo-1500530855697-b586d89ba3ee?auto=format&fit=crop&w=1200&q=80,"{公园,沈阳市,辽宁省}"
1784,中央公园音乐喷泉,沈阳市,智慧二街浑南新城中央公园(南侧),1,4.20,0,generic_unsplash_fallback,https://images.unsplash.com/photo-1500530855697-b586d89ba3ee?auto=format&fit=crop&w=1200&q=80,https://images.unsplash.com/photo-1500530855697-b586d89ba3ee?auto=format&fit=crop&w=1200&q=80,"{风景名胜,沈阳市,辽宁省}"
1843,紫色花园,沈阳市,环山路莫子山公园,1,4.20,0,generic_unsplash_fallback,https://images.unsplash.com/photo-1469854523086-cc02fe5d8800?auto=format&fit=crop&w=1200&q=80,https://images.unsplash.com/photo-1469854523086-cc02fe5d8800?auto=format&fit=crop&w=1200&q=80,"{旅游景点,沈阳市,辽宁省}"
3446,城市之心,石家庄市,昆仑南大街与闽江道交叉口西北180米,1,4.20,0,generic_unsplash_fallback,https://images.unsplash.com/photo-1500530855697-b586d89ba3ee?auto=format&fit=crop&w=1200&q=80,https://images.unsplash.com/photo-1500530855697-b586d89ba3ee?auto=format&fit=crop&w=1200&q=80,"{公园,石家庄市,河北省}"
3454,翠屏湿地公园,石家庄市,翠屏山路,1,4.20,0,generic_unsplash_fallback,https://images.unsplash.com/photo-1500530855697-b586d89ba3ee?auto=format&fit=crop&w=1200&q=80,https://images.unsplash.com/photo-1500530855697-b586d89ba3ee?auto=format&fit=crop&w=1200&q=80,"{旅游景点,石家庄市,河北省}"
3427,大石桥,石家庄市,正太广场北侧(解放广场地铁站A东北口步行390米),1,4.20,0,generic_unsplash_fallback,https://images.unsplash.com/photo-1469854523086-cc02fe5d8800?auto=format&fit=crop&w=1200&q=80,https://images.unsplash.com/photo-1469854523086-cc02fe5d8800?auto=format&fit=crop&w=1200&q=80,"{风景名胜,石家庄市,河北省}"
3397,东环公园,石家庄市,南二环东路与谈固东街交叉口北行,1,4.20,0,generic_unsplash_fallback,https://images.unsplash.com/photo-1500530855697-b586d89ba3ee?auto=format&fit=crop&w=1200&q=80,https://images.unsplash.com/photo-1500530855697-b586d89ba3ee?auto=format&fit=crop&w=1200&q=80,"{公园,石家庄市,河北省}"
3400,东垣古城遗址公园,石家庄市,"东至翟营北大街,南至荷园路,西至西湖一品,东古城新村回迁区,北至北三环",1,4.20,0,generic_unsplash_fallback,https://images.unsplash.com/photo-1500530855697-b586d89ba3ee?auto=format&fit=crop&w=1200&q=80,https://images.unsplash.com/photo-1500530855697-b586d89ba3ee?auto=format&fit=crop&w=1200&q=80,"{公园,石家庄市,河北省}"
3437,福音堂,石家庄市,新华路94号,1,4.20,0,generic_unsplash_fallback,https://images.unsplash.com/photo-1469854523086-cc02fe5d8800?auto=format&fit=crop&w=1200&q=80,https://images.unsplash.com/photo-1469854523086-cc02fe5d8800?auto=format&fit=crop&w=1200&q=80,"{教堂,石家庄市,河北省}"
3431,富强公园,石家庄市,富强大街39号(塔冢地铁站D西北口步行210米),1,4.20,0,generic_unsplash_fallback,https://images.unsplash.com/photo-1500530855697-b586d89ba3ee?auto=format&fit=crop&w=1200&q=80,https://images.unsplash.com/photo-1500530855697-b586d89ba3ee?auto=format&fit=crop&w=1200&q=80,"{公园,石家庄市,河北省}"
3456,高迁公园,石家庄市,一零七国道东侧,1,4.20,0,generic_unsplash_fallback,https://images.unsplash.com/photo-1500530855697-b586d89ba3ee?auto=format&fit=crop&w=1200&q=80,https://images.unsplash.com/photo-1500530855697-b586d89ba3ee?auto=format&fit=crop&w=1200&q=80,"{公园,石家庄市,河北省}"
3398,观宸公园,石家庄市,平安南大街287号(塔坛地铁站A东北口步行490米),1,4.20,0,generic_unsplash_fallback,https://images.unsplash.com/photo-1500530855697-b586d89ba3ee?auto=format&fit=crop&w=1200&q=80,https://images.unsplash.com/photo-1500530855697-b586d89ba3ee?auto=format&fit=crop&w=1200&q=80,"{公园,石家庄市,河北省}"
3443,海山公园,石家庄市,北斗东路,1,4.20,0,generic_unsplash_fallback,https://images.unsplash.com/photo-1500530855697-b586d89ba3ee?auto=format&fit=crop&w=1200&q=80,https://images.unsplash.com/photo-1500530855697-b586d89ba3ee?auto=format&fit=crop&w=1200&q=80,"{公园,石家庄市,河北省}"
3401,滹沱河生态旅游景区,石家庄市,车站南大街,1,4.20,0,generic_unsplash_fallback,https://images.unsplash.com/photo-1469854523086-cc02fe5d8800?auto=format&fit=crop&w=1200&q=80,https://images.unsplash.com/photo-1469854523086-cc02fe5d8800?auto=format&fit=crop&w=1200&q=80,"{风景名胜,石家庄市,河北省}"
3420,滹沱河艺术生态岛,石家庄市,正定镇胜利大街与滹沱河交汇处,1,4.20,0,generic_unsplash_fallback,https://images.unsplash.com/photo-1469854523086-cc02fe5d8800?auto=format&fit=crop&w=1200&q=80,https://images.unsplash.com/photo-1469854523086-cc02fe5d8800?auto=format&fit=crop&w=1200&q=80,"{风景名胜,石家庄市,河北省}"
3433,湖心岛,石家庄市,青园街道建设北大街13号长安公园,1,4.20,0,generic_unsplash_fallback,https://images.unsplash.com/photo-1469854523086-cc02fe5d8800?auto=format&fit=crop&w=1200&q=80,https://images.unsplash.com/photo-1469854523086-cc02fe5d8800?auto=format&fit=crop&w=1200&q=80,"{旅游景点,石家庄市,河北省}"
3384,花卉园,石家庄市,华清南街9号,1,4.20,0,generic_unsplash_fallback,https://images.unsplash.com/photo-1500530855697-b586d89ba3ee?auto=format&fit=crop&w=1200&q=80,https://images.unsplash.com/photo-1500530855697-b586d89ba3ee?auto=format&fit=crop&w=1200&q=80,"{公园,石家庄市,河北省}"
3416,华星公园,石家庄市,南新街与华星路交叉口东南140米,1,4.20,0,generic_unsplash_fallback,https://images.unsplash.com/photo-1500530855697-b586d89ba3ee?auto=format&fit=crop&w=1200&q=80,https://images.unsplash.com/photo-1500530855697-b586d89ba3ee?auto=format&fit=crop&w=1200&q=80,"{公园,石家庄市,河北省}"
3428,槐安桥市集,石家庄市,槐安西路455号(槐安路中华南大街交口南行50米路东),1,4.20,0,generic_unsplash_fallback,https://images.unsplash.com/photo-1519608487953-e999c86e7455?auto=format&fit=crop&w=1200&q=80,https://images.unsplash.com/photo-1519608487953-e999c86e7455?auto=format&fit=crop&w=1200&q=80,"{购物相关场所,石家庄市,河北省}"
3412,槐北公园,石家庄市,槐北路418号,1,4.20,0,generic_unsplash_fallback,https://images.unsplash.com/photo-1500530855697-b586d89ba3ee?auto=format&fit=crop&w=1200&q=80,https://images.unsplash.com/photo-1500530855697-b586d89ba3ee?auto=format&fit=crop&w=1200&q=80,"{公园,石家庄市,河北省}"
3449,冀之光,石家庄市,岔河风景带东头,1,4.20,0,generic_unsplash_fallback,https://images.unsplash.com/photo-1469854523086-cc02fe5d8800?auto=format&fit=crop&w=1200&q=80,https://images.unsplash.com/photo-1469854523086-cc02fe5d8800?auto=format&fit=crop&w=1200&q=80,"{风景名胜,石家庄市,河北省}"
3440,锦绣大明川,石家庄市,寨头乡花溪谷树桥公园东北侧70米,1,4.20,0,generic_unsplash_fallback,https://images.unsplash.com/photo-1500530855697-b586d89ba3ee?auto=format&fit=crop&w=1200&q=80,https://images.unsplash.com/photo-1500530855697-b586d89ba3ee?auto=format&fit=crop&w=1200&q=80,"{公园广场,石家庄市,河北省}"
3411,鲸与山川,石家庄市,北国商城9楼鲸与山川,1,4.20,0,generic_unsplash_fallback,https://images.unsplash.com/photo-1469854523086-cc02fe5d8800?auto=format&fit=crop&w=1200&q=80,https://images.unsplash.com/photo-1469854523086-cc02fe5d8800?auto=format&fit=crop&w=1200&q=80,"{旅游景点,石家庄市,河北省}"
3452,昆仑公园,石家庄市,昆仑南大街与珠江大道交叉口,1,4.20,0,generic_unsplash_fallback,https://images.unsplash.com/photo-1500530855697-b586d89ba3ee?auto=format&fit=crop&w=1200&q=80,https://images.unsplash.com/photo-1500530855697-b586d89ba3ee?auto=format&fit=crop&w=1200&q=80,"{公园,石家庄市,河北省}"
3415,龙泉古镇·戏剧幻城,石家庄市,槐安西路与山前大道交汇处东南角250米,1,4.20,0,generic_unsplash_fallback,https://images.unsplash.com/photo-1469854523086-cc02fe5d8800?auto=format&fit=crop&w=1200&q=80,https://images.unsplash.com/photo-1469854523086-cc02fe5d8800?auto=format&fit=crop&w=1200&q=80,"{风景名胜,石家庄市,河北省}"
3418,龙泉湖湿地,石家庄市,玉泉路庄窝村对面,1,4.20,0,generic_unsplash_fallback,https://images.unsplash.com/photo-1500530855697-b586d89ba3ee?auto=format&fit=crop&w=1200&q=80,https://images.unsplash.com/photo-1500530855697-b586d89ba3ee?auto=format&fit=crop&w=1200&q=80,"{公园,石家庄市,河北省}"
3408,隆兴寺,石家庄市,中山东路109号,1,4.20,0,generic_unsplash_fallback,https://images.unsplash.com/photo-1513415756790-2ac1db1297d0?auto=format&fit=crop&w=1200&q=80,https://images.unsplash.com/photo-1513415756790-2ac1db1297d0?auto=format&fit=crop&w=1200&q=80,"{寺庙道观,石家庄市,河北省}"
3432,绿荫广场,石家庄市,谈固北大街167号,1,4.20,0,generic_unsplash_fallback,https://images.unsplash.com/photo-1444723121867-7a241cacace9?auto=format&fit=crop&w=1200&q=80,https://images.unsplash.com/photo-1444723121867-7a241cacace9?auto=format&fit=crop&w=1200&q=80,"{健身中心,石家庄市,河北省}"
3419,明珠公园,石家庄市,北二环西路23号,1,4.20,0,generic_unsplash_fallback,https://images.unsplash.com/photo-1500530855697-b586d89ba3ee?auto=format&fit=crop&w=1200&q=80,https://images.unsplash.com/photo-1500530855697-b586d89ba3ee?auto=format&fit=crop&w=1200&q=80,"{公园,石家庄市,河北省}"
3457,南高基公园,石家庄市,翠屏西路(近太平河),1,4.20,0,generic_unsplash_fallback,https://images.unsplash.com/photo-1500530855697-b586d89ba3ee?auto=format&fit=crop&w=1200&q=80,https://images.unsplash.com/photo-1500530855697-b586d89ba3ee?auto=format&fit=crop&w=1200&q=80,"{公园,石家庄市,河北省}"
3385,欧韵公园,石家庄市,汇通路与建设大街交叉口,1,4.20,0,generic_unsplash_fallback,https://images.unsplash.com/photo-1500530855697-b586d89ba3ee?auto=format&fit=crop&w=1200&q=80,https://images.unsplash.com/photo-1500530855697-b586d89ba3ee?auto=format&fit=crop&w=1200&q=80,"{公园,石家庄市,河北省}"
3445,泊水公园,石家庄市,石家庄市开发区方村东,1,4.20,0,generic_unsplash_fallback,https://images.unsplash.com/photo-1500530855697-b586d89ba3ee?auto=format&fit=crop&w=1200&q=80,https://images.unsplash.com/photo-1500530855697-b586d89ba3ee?auto=format&fit=crop&w=1200&q=80,"{公园,石家庄市,河北省}"
3430,清真寺,石家庄市,清真寺街25号,1,4.20,0,generic_unsplash_fallback,https://images.unsplash.com/photo-1513415756790-2ac1db1297d0?auto=format&fit=crop&w=1200&q=80,https://images.unsplash.com/photo-1513415756790-2ac1db1297d0?auto=format&fit=crop&w=1200&q=80,"{回教寺,石家庄市,河北省}"
3386,人民广场,石家庄市,青园街51-36524号,1,4.20,0,generic_unsplash_fallback,https://images.unsplash.com/photo-1444723121867-7a241cacace9?auto=format&fit=crop&w=1200&q=80,https://images.unsplash.com/photo-1444723121867-7a241cacace9?auto=format&fit=crop&w=1200&q=80,"{城市广场,石家庄市,河北省}"
3410,荣国府,石家庄市,兴荣路51号,1,4.20,0,generic_unsplash_fallback,https://images.unsplash.com/photo-1469854523086-cc02fe5d8800?auto=format&fit=crop&w=1200&q=80,https://images.unsplash.com/photo-1469854523086-cc02fe5d8800?auto=format&fit=crop&w=1200&q=80,"{国家级景点,石家庄市,河北省}"
3442,润泽湖公园,石家庄市,安定大街9号,1,4.20,0,generic_unsplash_fallback,https://images.unsplash.com/photo-1500530855697-b586d89ba3ee?auto=format&fit=crop&w=1200&q=80,https://images.unsplash.com/photo-1500530855697-b586d89ba3ee?auto=format&fit=crop&w=1200&q=80,"{公园,石家庄市,河北省}"
3450,森林河趣那主题公园,石家庄市,中华北大街云龙大桥西1000米路北(新村东),1,4.20,0,generic_unsplash_fallback,https://images.unsplash.com/photo-1500530855697-b586d89ba3ee?auto=format&fit=crop&w=1200&q=80,https://images.unsplash.com/photo-1500530855697-b586d89ba3ee?auto=format&fit=crop&w=1200&q=80,"{公园,石家庄市,河北省}"
3459,十里花廊,石家庄市,花中路,1,4.20,0,generic_unsplash_fallback,https://images.unsplash.com/photo-1469854523086-cc02fe5d8800?auto=format&fit=crop&w=1200&q=80,https://images.unsplash.com/photo-1469854523086-cc02fe5d8800?auto=format&fit=crop&w=1200&q=80,"{风景名胜,石家庄市,河北省}"
3451,石柏公园,石家庄市,会馆路与祥安街交叉口西南260米,1,4.20,0,generic_unsplash_fallback,https://images.unsplash.com/photo-1500530855697-b586d89ba3ee?auto=format&fit=crop&w=1200&q=80,https://images.unsplash.com/photo-1500530855697-b586d89ba3ee?auto=format&fit=crop&w=1200&q=80,"{公园,石家庄市,河北省}"
3425,石家庄北站北广场,石家庄市,市庄路265号石家庄北站,1,4.20,0,generic_unsplash_fallback,https://images.unsplash.com/photo-1444723121867-7a241cacace9?auto=format&fit=crop&w=1200&q=80,https://images.unsplash.com/photo-1444723121867-7a241cacace9?auto=format&fit=crop&w=1200&q=80,"{城市广场,石家庄市,河北省}"
3424,石家庄北站南广场,石家庄市,市庄路,1,4.20,0,generic_unsplash_fallback,https://images.unsplash.com/photo-1444723121867-7a241cacace9?auto=format&fit=crop&w=1200&q=80,https://images.unsplash.com/photo-1444723121867-7a241cacace9?auto=format&fit=crop&w=1200&q=80,"{城市广场,石家庄市,河北省}"
3391,石家庄工业遗址公园,石家庄市,谈固北大街与贤明路交叉口东240米,1,4.20,0,generic_unsplash_fallback,https://images.unsplash.com/photo-1500530855697-b586d89ba3ee?auto=format&fit=crop&w=1200&q=80,https://images.unsplash.com/photo-1500530855697-b586d89ba3ee?auto=format&fit=crop&w=1200&q=80,"{公园广场,石家庄市,河北省}"
3387,石家庄解放纪念碑,石家庄市,公里街29号,1,4.20,0,generic_unsplash_fallback,https://images.unsplash.com/photo-1469854523086-cc02fe5d8800?auto=format&fit=crop&w=1200&q=80,https://images.unsplash.com/photo-1469854523086-cc02fe5d8800?auto=format&fit=crop&w=1200&q=80,"{纪念馆,石家庄市,河北省}"
3388,石家庄解放纪念馆,石家庄市,中山街道中山街道解放广场,1,4.20,0,generic_unsplash_fallback,https://images.unsplash.com/photo-1469854523086-cc02fe5d8800?auto=format&fit=crop&w=1200&q=80,https://images.unsplash.com/photo-1469854523086-cc02fe5d8800?auto=format&fit=crop&w=1200&q=80,"{纪念馆,石家庄市,河北省}"
3429,石家庄清真东寺,石家庄市,和平路与胜利街路口西南角,1,4.20,0,generic_unsplash_fallback,https://images.unsplash.com/photo-1513415756790-2ac1db1297d0?auto=format&fit=crop&w=1200&q=80,https://images.unsplash.com/photo-1513415756790-2ac1db1297d0?auto=format&fit=crop&w=1200&q=80,"{回教寺,石家庄市,河北省}"
3403,石家庄市北大街天主堂,石家庄市,北大街53-8号,1,4.20,0,generic_unsplash_fallback,https://images.unsplash.com/photo-1519608487953-e999c86e7455?auto=format&fit=crop&w=1200&q=80,https://images.unsplash.com/photo-1519608487953-e999c86e7455?auto=format&fit=crop&w=1200&q=80,"{教堂,石家庄市,河北省}"
3405,石家庄市动物园,石家庄市,向阳南大街,1,4.20,0,generic_unsplash_fallback,https://images.unsplash.com/photo-1469854523086-cc02fe5d8800?auto=format&fit=crop&w=1200&q=80,https://images.unsplash.com/photo-1469854523086-cc02fe5d8800?auto=format&fit=crop&w=1200&q=80,"{动物园,石家庄市,河北省}"
3395,石家庄市体育公园,石家庄市,塔南路,1,4.20,0,generic_unsplash_fallback,https://images.unsplash.com/photo-1500530855697-b586d89ba3ee?auto=format&fit=crop&w=1200&q=80,https://images.unsplash.com/photo-1500530855697-b586d89ba3ee?auto=format&fit=crop&w=1200&q=80,"{公园,石家庄市,河北省}"
3447,石家庄市体育公园(二期),石家庄市,塔南路石家庄市体育公园内(南侧),1,4.20,0,generic_unsplash_fallback,https://images.unsplash.com/photo-1500530855697-b586d89ba3ee?auto=format&fit=crop&w=1200&q=80,https://images.unsplash.com/photo-1500530855697-b586d89ba3ee?auto=format&fit=crop&w=1200&q=80,"{旅游景点,石家庄市,河北省}"
3409,石家庄市赵佗公园,石家庄市,赵陵铺镇中华北大街与赵佗路交叉口,1,4.20,0,generic_unsplash_fallback,https://images.unsplash.com/photo-1500530855697-b586d89ba3ee?auto=format&fit=crop&w=1200&q=80,https://images.unsplash.com/photo-1500530855697-b586d89ba3ee?auto=format&fit=crop&w=1200&q=80,"{公园,石家庄市,河北省}"
3396,石家庄天山海世界文化旅游城,石家庄市,天山大街116号(留村地铁站D西北口旁),1,4.20,0,generic_unsplash_fallback,https://images.unsplash.com/photo-1469854523086-cc02fe5d8800?auto=format&fit=crop&w=1200&q=80,https://images.unsplash.com/photo-1469854523086-cc02fe5d8800?auto=format&fit=crop&w=1200&q=80,"{休闲场所,石家庄市,河北省}"
3434,石家庄文化广场,石家庄市,中山东路316号(博物院地铁站C西南口步行100米),1,4.20,0,generic_unsplash_fallback,https://images.unsplash.com/photo-1444723121867-7a241cacace9?auto=format&fit=crop&w=1200&q=80,https://images.unsplash.com/photo-1444723121867-7a241cacace9?auto=format&fit=crop&w=1200&q=80,"{城市广场,石家庄市,河北省}"
3421,石家庄站东广场,石家庄市,京广东街(石家庄站地铁站东4口旁),1,4.20,0,generic_unsplash_fallback,https://images.unsplash.com/photo-1444723121867-7a241cacace9?auto=format&fit=crop&w=1200&q=80,https://images.unsplash.com/photo-1444723121867-7a241cacace9?auto=format&fit=crop&w=1200&q=80,"{城市广场,石家庄市,河北省}"
3422,石家庄站西广场,石家庄市,"",1,4.20,0,generic_unsplash_fallback,https://images.unsplash.com/photo-1444723121867-7a241cacace9?auto=format&fit=crop&w=1200&q=80,https://images.unsplash.com/photo-1444723121867-7a241cacace9?auto=format&fit=crop&w=1200&q=80,"{城市广场,石家庄市,河北省}"
3402,石家庄植物园,石家庄市,植物园街60号,1,4.20,0,generic_unsplash_fallback,https://images.unsplash.com/photo-1469854523086-cc02fe5d8800?auto=format&fit=crop&w=1200&q=80,https://images.unsplash.com/photo-1469854523086-cc02fe5d8800?auto=format&fit=crop&w=1200&q=80,"{植物园,石家庄市,河北省}"
3383,石门公园,石家庄市,富强大街49号,1,4.20,0,generic_unsplash_fallback,https://images.unsplash.com/photo-1500530855697-b586d89ba3ee?auto=format&fit=crop&w=1200&q=80,https://images.unsplash.com/photo-1500530855697-b586d89ba3ee?auto=format&fit=crop&w=1200&q=80,"{公园,石家庄市,河北省}"
3414,拾光智慧体育公园,石家庄市,和平东路与和华街交叉口东南120米,1,4.20,0,generic_unsplash_fallback,https://images.unsplash.com/photo-1500530855697-b586d89ba3ee?auto=format&fit=crop&w=1200&q=80,https://images.unsplash.com/photo-1500530855697-b586d89ba3ee?auto=format&fit=crop&w=1200&q=80,"{公园,石家庄市,河北省}"
3382,世纪公园,石家庄市,槐底街道体育南大街267号,1,4.20,0,generic_unsplash_fallback,https://images.unsplash.com/photo-1500530855697-b586d89ba3ee?auto=format&fit=crop&w=1200&q=80,https://images.unsplash.com/photo-1500530855697-b586d89ba3ee?auto=format&fit=crop&w=1200&q=80,"{公园,石家庄市,河北省}"
3390,水上公园,石家庄市,联盟街道联盟路500号,1,4.20,0,generic_unsplash_fallback,https://images.unsplash.com/photo-1500530855697-b586d89ba3ee?auto=format&fit=crop&w=1200&q=80,https://images.unsplash.com/photo-1500530855697-b586d89ba3ee?auto=format&fit=crop&w=1200&q=80,"{省级景点,石家庄市,河北省}"
3436,塔南公园,石家庄市,塔南路60号,1,4.20,0,generic_unsplash_fallback,https://images.unsplash.com/photo-1500530855697-b586d89ba3ee?auto=format&fit=crop&w=1200&q=80,https://images.unsplash.com/photo-1500530855697-b586d89ba3ee?auto=format&fit=crop&w=1200&q=80,"{公园,石家庄市,河北省}"
3407,太平河公园,石家庄市,翠屏东路南100米,1,4.20,0,generic_unsplash_fallback,https://images.unsplash.com/photo-1500530855697-b586d89ba3ee?auto=format&fit=crop&w=1200&q=80,https://images.unsplash.com/photo-1500530855697-b586d89ba3ee?auto=format&fit=crop&w=1200&q=80,"{国家级景点,石家庄市,河北省}"
3455,天山公园,石家庄市,高新区天山大街,1,4.20,0,generic_unsplash_fallback,https://images.unsplash.com/photo-1500530855697-b586d89ba3ee?auto=format&fit=crop&w=1200&q=80,https://images.unsplash.com/photo-1500530855697-b586d89ba3ee?auto=format&fit=crop&w=1200&q=80,"{公园,石家庄市,河北省}"
3448,卧虎山公园,石家庄市,蓝月路与蓝屏路交叉口西南340米,1,4.20,0,generic_unsplash_fallback,https://images.unsplash.com/photo-1500530855697-b586d89ba3ee?auto=format&fit=crop&w=1200&q=80,https://images.unsplash.com/photo-1500530855697-b586d89ba3ee?auto=format&fit=crop&w=1200&q=80,"{公园,石家庄市,河北省}"
3441,五岳寨国家森林公园,石家庄市,南营乡563乡道,1,4.20,0,generic_unsplash_fallback,https://images.unsplash.com/photo-1500530855697-b586d89ba3ee?auto=format&fit=crop&w=1200&q=80,https://images.unsplash.com/photo-1500530855697-b586d89ba3ee?auto=format&fit=crop&w=1200&q=80,"{国家级景点,石家庄市,河北省}"
3438,西山森林公园,石家庄市,上庄镇山前大道,1,4.20,0,generic_unsplash_fallback,https://images.unsplash.com/photo-1500530855697-b586d89ba3ee?auto=format&fit=crop&w=1200&q=80,https://images.unsplash.com/photo-1500530855697-b586d89ba3ee?auto=format&fit=crop&w=1200&q=80,"{公园,石家庄市,河北省}"
3444,兴华公园,石家庄市,世纪大道廉西大街东路北,1,4.20,0,generic_unsplash_fallback,https://images.unsplash.com/photo-1500530855697-b586d89ba3ee?auto=format&fit=crop&w=1200&q=80,https://images.unsplash.com/photo-1500530855697-b586d89ba3ee?auto=format&fit=crop&w=1200&q=80,"{公园,石家庄市,河北省}"
3439,秀水公园,石家庄市,张石连接线与植物园街交叉口南行,1,4.20,0,generic_unsplash_fallback,https://images.unsplash.com/photo-1500530855697-b586d89ba3ee?auto=format&fit=crop&w=1200&q=80,https://images.unsplash.com/photo-1500530855697-b586d89ba3ee?auto=format&fit=crop&w=1200&q=80,"{公园,石家庄市,河北省}"
3399,裕西公园,石家庄市,中山西路698号,1,4.20,0,generic_unsplash_fallback,https://images.unsplash.com/photo-1500530855697-b586d89ba3ee?auto=format&fit=crop&w=1200&q=80,https://images.unsplash.com/photo-1500530855697-b586d89ba3ee?auto=format&fit=crop&w=1200&q=80,"{公园,石家庄市,河北省}"
3389,裕园公园,石家庄市,裕华西路63号,1,4.20,0,generic_unsplash_fallback,https://images.unsplash.com/photo-1500530855697-b586d89ba3ee?auto=format&fit=crop&w=1200&q=80,https://images.unsplash.com/photo-1500530855697-b586d89ba3ee?auto=format&fit=crop&w=1200&q=80,"{公园,石家庄市,河北省}"
3406,元南公园,石家庄市,元南大街,1,4.20,0,generic_unsplash_fallback,https://images.unsplash.com/photo-1500530855697-b586d89ba3ee?auto=format&fit=crop&w=1200&q=80,https://images.unsplash.com/photo-1500530855697-b586d89ba3ee?auto=format&fit=crop&w=1200&q=80,"{公园,石家庄市,河北省}"
3394,月季公园,石家庄市,北二环东路135号,1,4.20,0,generic_unsplash_fallback,https://images.unsplash.com/photo-1500530855697-b586d89ba3ee?auto=format&fit=crop&w=1200&q=80,https://images.unsplash.com/photo-1500530855697-b586d89ba3ee?auto=format&fit=crop&w=1200&q=80,"{公园,石家庄市,河北省}"
3381,长安公园,石家庄市,青园街道青园街道建设北大街13号,1,4.20,0,generic_unsplash_fallback,https://images.unsplash.com/photo-1500530855697-b586d89ba3ee?auto=format&fit=crop&w=1200&q=80,https://images.unsplash.com/photo-1500530855697-b586d89ba3ee?auto=format&fit=crop&w=1200&q=80,"{公园,石家庄市,河北省}"
3417,长安公园牡丹园,石家庄市,长安公园内(长安公园地铁站A东北口步行340米),1,4.20,0,generic_unsplash_fallback,https://images.unsplash.com/photo-1500530855697-b586d89ba3ee?auto=format&fit=crop&w=1200&q=80,https://images.unsplash.com/photo-1500530855697-b586d89ba3ee?auto=format&fit=crop&w=1200&q=80,"{旅游景点,石家庄市,河北省}"
3392,正定古城,石家庄市,镇州南街与常山东路交叉口西南约140米,1,4.20,0,generic_unsplash_fallback,https://images.unsplash.com/photo-1469854523086-cc02fe5d8800?auto=format&fit=crop&w=1200&q=80,https://images.unsplash.com/photo-1469854523086-cc02fe5d8800?auto=format&fit=crop&w=1200&q=80,"{风景名胜,石家庄市,河北省}"
3404,正定南城门,石家庄市,正定云居湖公园西南角01号,1,4.20,0,generic_unsplash_fallback,https://images.unsplash.com/photo-1469854523086-cc02fe5d8800?auto=format&fit=crop&w=1200&q=80,https://images.unsplash.com/photo-1469854523086-cc02fe5d8800?auto=format&fit=crop&w=1200&q=80,"{风景名胜,石家庄市,河北省}"
3413,正定南门广场,石家庄市,正定古城内(南侧),1,4.20,0,generic_unsplash_fallback,https://images.unsplash.com/photo-1444723121867-7a241cacace9?auto=format&fit=crop&w=1200&q=80,https://images.unsplash.com/photo-1444723121867-7a241cacace9?auto=format&fit=crop&w=1200&q=80,"{风景名胜,石家庄市,河北省}"
3426,中心广场,石家庄市,南三条,1,4.20,0,generic_unsplash_fallback,https://images.unsplash.com/photo-1444723121867-7a241cacace9?auto=format&fit=crop&w=1200&q=80,https://images.unsplash.com/photo-1444723121867-7a241cacace9?auto=format&fit=crop&w=1200&q=80,"{城市广场,石家庄市,河北省}"
3458,中心湖公园,石家庄市,弘文路,1,4.20,0,generic_unsplash_fallback,https://images.unsplash.com/photo-1500530855697-b586d89ba3ee?auto=format&fit=crop&w=1200&q=80,https://images.unsplash.com/photo-1500530855697-b586d89ba3ee?auto=format&fit=crop&w=1200&q=80,"{风景名胜,石家庄市,河北省}"
3393,中央绿色体育公园,石家庄市,塔南路16号,1,4.20,0,generic_unsplash_fallback,https://images.unsplash.com/photo-1500530855697-b586d89ba3ee?auto=format&fit=crop&w=1200&q=80,https://images.unsplash.com/photo-1500530855697-b586d89ba3ee?auto=format&fit=crop&w=1200&q=80,"{公园,石家庄市,河北省}"
3435,紫晶公园,石家庄市,学前街,1,4.20,0,generic_unsplash_fallback,https://images.unsplash.com/photo-1500530855697-b586d89ba3ee?auto=format&fit=crop&w=1200&q=80,https://images.unsplash.com/photo-1500530855697-b586d89ba3ee?auto=format&fit=crop&w=1200&q=80,"{公园,石家庄市,河北省}"
589,巴城生态湿地公园,苏州市,巴城镇环湖路,1,4.20,0,generic_unsplash_fallback,https://images.unsplash.com/photo-1500530855697-b586d89ba3ee?auto=format&fit=crop&w=1200&q=80,https://images.unsplash.com/photo-1500530855697-b586d89ba3ee?auto=format&fit=crop&w=1200&q=80,"{风景名胜,苏州市,江苏省}"
551,白居易码头,苏州市,唐少傅白公祠内(东侧),1,4.20,0,generic_unsplash_fallback,https://images.unsplash.com/photo-1469854523086-cc02fe5d8800?auto=format&fit=crop&w=1200&q=80,https://images.unsplash.com/photo-1469854523086-cc02fe5d8800?auto=format&fit=crop&w=1200&q=80,"{风景名胜,苏州市,江苏省}"
568,白鹭园,苏州市,苏州工业园区翠薇街101号(近独墅湖图书馆),1,4.20,0,generic_unsplash_fallback,https://images.unsplash.com/photo-1500530855697-b586d89ba3ee?auto=format&fit=crop&w=1200&q=80,https://images.unsplash.com/photo-1500530855697-b586d89ba3ee?auto=format&fit=crop&w=1200&q=80,"{公园,苏州市,江苏省}"
549,百花洲公园(百花洲),苏州市,沧浪街道百花洲西大街105号(近学士街),1,4.20,0,generic_unsplash_fallback,https://images.unsplash.com/photo-1500530855697-b586d89ba3ee?auto=format&fit=crop&w=1200&q=80,https://images.unsplash.com/photo-1500530855697-b586d89ba3ee?auto=format&fit=crop&w=1200&q=80,"{公园,苏州市,江苏省}"
543,报恩寺塔,苏州市,平江街道人民路1918号,1,4.20,0,generic_unsplash_fallback,https://images.unsplash.com/photo-1513415756790-2ac1db1297d0?auto=format&fit=crop&w=1200&q=80,https://images.unsplash.com/photo-1513415756790-2ac1db1297d0?auto=format&fit=crop&w=1200&q=80,"{旅游景点,苏州市,江苏省}"
533,阊门遗址,苏州市,金阊街道阊胥路521号,1,4.20,0,generic_unsplash_fallback,https://images.unsplash.com/photo-1469854523086-cc02fe5d8800?auto=format&fit=crop&w=1200&q=80,https://images.unsplash.com/photo-1469854523086-cc02fe5d8800?auto=format&fit=crop&w=1200&q=80,"{风景名胜,苏州市,江苏省}"
558,城隍庙,苏州市,景德路94号(察院场地铁站1A西南口步行230米),1,4.20,0,generic_unsplash_fallback,https://images.unsplash.com/photo-1513415756790-2ac1db1297d0?auto=format&fit=crop&w=1200&q=80,https://images.unsplash.com/photo-1513415756790-2ac1db1297d0?auto=format&fit=crop&w=1200&q=80,"{寺庙道观,苏州市,江苏省}"
588,大白荡城市生态公园,苏州市,大同路17号,1,4.20,0,generic_unsplash_fallback,https://images.unsplash.com/photo-1500530855697-b586d89ba3ee?auto=format&fit=crop&w=1200&q=80,https://images.unsplash.com/photo-1500530855697-b586d89ba3ee?auto=format&fit=crop&w=1200&q=80,"{公园,苏州市,江苏省}"
592,东汇,苏州市,挹秀巷16号正西方向130米,1,4.20,0,generic_unsplash_fallback,https://images.unsplash.com/photo-1500530855697-b586d89ba3ee?auto=format&fit=crop&w=1200&q=80,https://images.unsplash.com/photo-1500530855697-b586d89ba3ee?auto=format&fit=crop&w=1200&q=80,"{公园,苏州市,江苏省}"
538,东园,苏州市,白塔东路1号,1,4.20,0,generic_unsplash_fallback,https://images.unsplash.com/photo-1500530855697-b586d89ba3ee?auto=format&fit=crop&w=1200&q=80,https://images.unsplash.com/photo-1500530855697-b586d89ba3ee?auto=format&fit=crop&w=1200&q=80,"{公园,苏州市,江苏省}"
575,方塔园,苏州市,环城东路28号,1,4.20,0,generic_unsplash_fallback,https://images.unsplash.com/photo-1444723121867-7a241cacace9?auto=format&fit=crop&w=1200&q=80,https://images.unsplash.com/photo-1444723121867-7a241cacace9?auto=format&fit=crop&w=1200&q=80,"{国家级景点,苏州市,江苏省}"
553,海市山塘,苏州市,山塘街45号,1,4.20,0,generic_unsplash_fallback,https://images.unsplash.com/photo-1469854523086-cc02fe5d8800?auto=format&fit=crop&w=1200&q=80,https://images.unsplash.com/photo-1469854523086-cc02fe5d8800?auto=format&fit=crop&w=1200&q=80,"{旅游景点,苏州市,江苏省}"
513,寒山寺,苏州市,枫桥路16号,1,4.20,0,generic_unsplash_fallback,https://images.unsplash.com/photo-1513415756790-2ac1db1297d0?auto=format&fit=crop&w=1200&q=80,https://images.unsplash.com/photo-1513415756790-2ac1db1297d0?auto=format&fit=crop&w=1200&q=80,"{国家级景点,苏州市,江苏省}"
539,何山公园,苏州市,长江路461号,1,4.20,0,generic_unsplash_fallback,https://images.unsplash.com/photo-1500530855697-b586d89ba3ee?auto=format&fit=crop&w=1200&q=80,https://images.unsplash.com/photo-1500530855697-b586d89ba3ee?auto=format&fit=crop&w=1200&q=80,"{省级景点,苏州市,江苏省}"
518,虎丘山风景区,苏州市,虎丘山门内8号,1,4.20,0,generic_unsplash_fallback,https://images.unsplash.com/photo-1469854523086-cc02fe5d8800?auto=format&fit=crop&w=1200&q=80,https://images.unsplash.com/photo-1469854523086-cc02fe5d8800?auto=format&fit=crop&w=1200&q=80,"{世界遗产,苏州市,江苏省}"
550,虎丘湿地公园,苏州市,阳澄湖西路1800号,1,4.20,0,generic_unsplash_fallback,https://images.unsplash.com/photo-1500530855697-b586d89ba3ee?auto=format&fit=crop&w=1200&q=80,https://images.unsplash.com/photo-1500530855697-b586d89ba3ee?auto=format&fit=crop&w=1200&q=80,"{风景名胜,苏州市,江苏省}"
545,虎丘塔,苏州市,虎丘街道山门内8号虎丘山风景名胜区内,1,4.20,0,generic_unsplash_fallback,https://images.unsplash.com/photo-1444723121867-7a241cacace9?auto=format&fit=crop&w=1200&q=80,https://images.unsplash.com/photo-1444723121867-7a241cacace9?auto=format&fit=crop&w=1200&q=80,"{风景名胜,苏州市,江苏省}"
544,环秀山庄,苏州市,景德路272号,1,4.20,0,generic_unsplash_fallback,https://images.unsplash.com/photo-1469854523086-cc02fe5d8800?auto=format&fit=crop&w=1200&q=80,https://images.unsplash.com/photo-1469854523086-cc02fe5d8800?auto=format&fit=crop&w=1200&q=80,"{风景名胜,苏州市,江苏省}"
585,黄泗浦生态公园,苏州市,新泾路黄泗浦生态公园,1,4.20,0,generic_unsplash_fallback,https://images.unsplash.com/photo-1500530855697-b586d89ba3ee?auto=format&fit=crop&w=1200&q=80,https://images.unsplash.com/photo-1500530855697-b586d89ba3ee?auto=format&fit=crop&w=1200&q=80,"{风景名胜,苏州市,江苏省}"
570,暨阳湖国家生态公园,苏州市,杨舍镇(湖滨国际小区对面),1,4.20,0,generic_unsplash_fallback,https://images.unsplash.com/photo-1500530855697-b586d89ba3ee?auto=format&fit=crop&w=1200&q=80,https://images.unsplash.com/photo-1500530855697-b586d89ba3ee?auto=format&fit=crop&w=1200&q=80,"{风景名胜,苏州市,江苏省}"
569,江苏大阳山国家森林公园,苏州市,山神湾路8号,1,4.20,0,generic_unsplash_fallback,https://images.unsplash.com/photo-1500530855697-b586d89ba3ee?auto=format&fit=crop&w=1200&q=80,https://images.unsplash.com/photo-1500530855697-b586d89ba3ee?auto=format&fit=crop&w=1200&q=80,"{风景名胜,苏州市,江苏省}"
574,金仓湖,苏州市,太沙线,1,4.20,0,generic_unsplash_fallback,https://images.unsplash.com/photo-1500530855697-b586d89ba3ee?auto=format&fit=crop&w=1200&q=80,https://images.unsplash.com/photo-1500530855697-b586d89ba3ee?auto=format&fit=crop&w=1200&q=80,"{公园,苏州市,江苏省}"
571,镜湖生态公园,苏州市,杨舍镇港城大道(暨阳湖生态园西侧),1,4.20,0,generic_unsplash_fallback,https://images.unsplash.com/photo-1500530855697-b586d89ba3ee?auto=format&fit=crop&w=1200&q=80,https://images.unsplash.com/photo-1500530855697-b586d89ba3ee?auto=format&fit=crop&w=1200&q=80,"{公园,苏州市,江苏省}"
577,聚沙园,苏州市,梅李镇梅东路1号,1,4.20,0,generic_unsplash_fallback,https://images.unsplash.com/photo-1500530855697-b586d89ba3ee?auto=format&fit=crop&w=1200&q=80,https://images.unsplash.com/photo-1500530855697-b586d89ba3ee?auto=format&fit=crop&w=1200&q=80,"{公园,苏州市,江苏省}"
541,可园,苏州市,人民路48号,1,4.20,0,generic_unsplash_fallback,https://images.unsplash.com/photo-1469854523086-cc02fe5d8800?auto=format&fit=crop&w=1200&q=80,https://images.unsplash.com/photo-1469854523086-cc02fe5d8800?auto=format&fit=crop&w=1200&q=80,"{风景名胜,苏州市,江苏省}"
567,昆山市城市生态森林公园,苏州市,马鞍山路818号,1,4.20,0,generic_unsplash_fallback,https://images.unsplash.com/photo-1500530855697-b586d89ba3ee?auto=format&fit=crop&w=1200&q=80,https://images.unsplash.com/photo-1500530855697-b586d89ba3ee?auto=format&fit=crop&w=1200&q=80,"{省级景点,苏州市,江苏省}"
582,昆山体育生态公园,苏州市,周市镇永共路与迎宾东路交汇处附近,1,4.20,0,generic_unsplash_fallback,https://images.unsplash.com/photo-1500530855697-b586d89ba3ee?auto=format&fit=crop&w=1200&q=80,https://images.unsplash.com/photo-1500530855697-b586d89ba3ee?auto=format&fit=crop&w=1200&q=80,"{公园,苏州市,江苏省}"
515,留园,苏州市,阊门外留园路338号,1,4.20,0,generic_unsplash_fallback,https://images.unsplash.com/photo-1469854523086-cc02fe5d8800?auto=format&fit=crop&w=1200&q=80,https://images.unsplash.com/photo-1469854523086-cc02fe5d8800?auto=format&fit=crop&w=1200&q=80,"{世界遗产,苏州市,江苏省}"
537,耦园,苏州市,仓街小新桥巷6号,1,4.20,0,generic_unsplash_fallback,https://images.unsplash.com/photo-1469854523086-cc02fe5d8800?auto=format&fit=crop&w=1200&q=80,https://images.unsplash.com/photo-1469854523086-cc02fe5d8800?auto=format&fit=crop&w=1200&q=80,"{世界遗产,苏州市,江苏省}"
522,盘门景区,苏州市,东大街49号(阊胥路苏州火柴厂旧址),1,4.20,0,generic_unsplash_fallback,https://images.unsplash.com/photo-1469854523086-cc02fe5d8800?auto=format&fit=crop&w=1200&q=80,https://images.unsplash.com/photo-1469854523086-cc02fe5d8800?auto=format&fit=crop&w=1200&q=80,"{国家级景点,苏州市,江苏省}"
519,平江路,苏州市,白塔东路65号,1,4.20,0,generic_unsplash_fallback,https://images.unsplash.com/photo-1519608487953-e999c86e7455?auto=format&fit=crop&w=1200&q=80,https://images.unsplash.com/photo-1519608487953-e999c86e7455?auto=format&fit=crop&w=1200&q=80,"{特色商业街,苏州市,江苏省}"
511,七里山塘景区,苏州市,山塘街177号,1,4.20,0,generic_unsplash_fallback,https://images.unsplash.com/photo-1469854523086-cc02fe5d8800?auto=format&fit=crop&w=1200&q=80,https://images.unsplash.com/photo-1469854523086-cc02fe5d8800?auto=format&fit=crop&w=1200&q=80,"{国家级景点,苏州市,江苏省}"
523,七里山塘千年古街,苏州市,山塘街与上塘街交叉口西北20米,1,4.20,0,generic_unsplash_fallback,https://images.unsplash.com/photo-1519608487953-e999c86e7455?auto=format&fit=crop&w=1200&q=80,https://images.unsplash.com/photo-1519608487953-e999c86e7455?auto=format&fit=crop&w=1200&q=80,"{风景名胜,苏州市,江苏省}"
565,穹窿山景区,苏州市,藏书镇兵圣路,1,4.20,0,generic_unsplash_fallback,https://images.unsplash.com/photo-1469854523086-cc02fe5d8800?auto=format&fit=crop&w=1200&q=80,https://images.unsplash.com/photo-1469854523086-cc02fe5d8800?auto=format&fit=crop&w=1200&q=80,"{国家级景点,苏州市,江苏省}"
542,三香广场,苏州市,三香路353号(雅都大酒店对面),1,4.20,0,generic_unsplash_fallback,https://images.unsplash.com/photo-1500530855697-b586d89ba3ee?auto=format&fit=crop&w=1200&q=80,https://images.unsplash.com/photo-1500530855697-b586d89ba3ee?auto=format&fit=crop&w=1200&q=80,"{公园广场,苏州市,江苏省}"
563,沙家浜风景区,苏州市,沙家浜镇,1,4.20,0,generic_unsplash_fallback,https://images.unsplash.com/photo-1469854523086-cc02fe5d8800?auto=format&fit=crop&w=1200&q=80,https://images.unsplash.com/photo-1469854523086-cc02fe5d8800?auto=format&fit=crop&w=1200&q=80,"{国家级景点,苏州市,江苏省}"
535,山塘街,苏州市,北环快速路与北环快速路入口交叉口东南200米,1,4.20,0,generic_unsplash_fallback,https://images.unsplash.com/photo-1519608487953-e999c86e7455?auto=format&fit=crop&w=1200&q=80,https://images.unsplash.com/photo-1519608487953-e999c86e7455?auto=format&fit=crop&w=1200&q=80,"{旅游景点,苏州市,江苏省}"
524,山塘街白居易码头游船,苏州市,唐少傅白公祠内(东侧),1,4.20,0,generic_unsplash_fallback,https://images.unsplash.com/photo-1519608487953-e999c86e7455?auto=format&fit=crop&w=1200&q=80,https://images.unsplash.com/photo-1519608487953-e999c86e7455?auto=format&fit=crop&w=1200&q=80,"{旅游景点,苏州市,江苏省}"
555,山塘评弹昆曲馆,苏州市,虎丘街道通贵桥下塘45号,1,4.20,0,generic_unsplash_fallback,https://images.unsplash.com/photo-1469854523086-cc02fe5d8800?auto=format&fit=crop&w=1200&q=80,https://images.unsplash.com/photo-1469854523086-cc02fe5d8800?auto=format&fit=crop&w=1200&q=80,"{旅游景点,苏州市,江苏省}"
548,上方山森林动物世界,苏州市,吴越路南200米,1,4.20,0,generic_unsplash_fallback,https://images.unsplash.com/photo-1469854523086-cc02fe5d8800?auto=format&fit=crop&w=1200&q=80,https://images.unsplash.com/photo-1469854523086-cc02fe5d8800?auto=format&fit=crop&w=1200&q=80,"{动物园,苏州市,江苏省}"
579,胜地生态公园,苏州市,中山南路,1,4.20,0,generic_unsplash_fallback,https://images.unsplash.com/photo-1500530855697-b586d89ba3ee?auto=format&fit=crop&w=1200&q=80,https://images.unsplash.com/photo-1500530855697-b586d89ba3ee?auto=format&fit=crop&w=1200&q=80,"{公园,苏州市,江苏省}"
584,盛泽湖月季园,苏州市,太平街道盛泽荡路3号盛泽湖景区,1,4.20,0,generic_unsplash_fallback,https://images.unsplash.com/photo-1500530855697-b586d89ba3ee?auto=format&fit=crop&w=1200&q=80,https://images.unsplash.com/photo-1500530855697-b586d89ba3ee?auto=format&fit=crop&w=1200&q=80,"{公园,苏州市,江苏省}"
546,狮山文化广场,苏州市,狮山路长江路交叉口,1,4.20,0,generic_unsplash_fallback,https://images.unsplash.com/photo-1444723121867-7a241cacace9?auto=format&fit=crop&w=1200&q=80,https://images.unsplash.com/photo-1444723121867-7a241cacace9?auto=format&fit=crop&w=1200&q=80,"{城市广场,苏州市,江苏省}"
527,狮子林,苏州市,园林路23号,1,4.20,0,generic_unsplash_fallback,https://images.unsplash.com/photo-1469854523086-cc02fe5d8800?auto=format&fit=crop&w=1200&q=80,https://images.unsplash.com/photo-1469854523086-cc02fe5d8800?auto=format&fit=crop&w=1200&q=80,"{国家级景点,苏州市,江苏省}"
540,石湖景区,苏州市,友新高架出口处,1,4.20,0,generic_unsplash_fallback,https://images.unsplash.com/photo-1469854523086-cc02fe5d8800?auto=format&fit=crop&w=1200&q=80,https://images.unsplash.com/photo-1469854523086-cc02fe5d8800?auto=format&fit=crop&w=1200&q=80,"{风景名胜,苏州市,江苏省}"
532,苏州公园,苏州市,民治路258号(临顿路地铁站1号口步行380米),1,4.20,0,generic_unsplash_fallback,https://images.unsplash.com/photo-1500530855697-b586d89ba3ee?auto=format&fit=crop&w=1200&q=80,https://images.unsplash.com/photo-1500530855697-b586d89ba3ee?auto=format&fit=crop&w=1200&q=80,"{公园,苏州市,江苏省}"
534,苏州上方山国家森林公园,苏州市,上方山行春桥吴越路57号,1,4.20,0,generic_unsplash_fallback,https://images.unsplash.com/photo-1500530855697-b586d89ba3ee?auto=format&fit=crop&w=1200&q=80,https://images.unsplash.com/photo-1500530855697-b586d89ba3ee?auto=format&fit=crop&w=1200&q=80,"{国家级景点,苏州市,江苏省}"
514,苏州市枫桥风景名胜区,苏州市,枫桥路底(何山大桥东堍),1,4.20,0,generic_unsplash_fallback,https://images.unsplash.com/photo-1469854523086-cc02fe5d8800?auto=format&fit=crop&w=1200&q=80,https://images.unsplash.com/photo-1469854523086-cc02fe5d8800?auto=format&fit=crop&w=1200&q=80,"{省级景点,苏州市,江苏省}"
547,苏州市桂花公园,苏州市,竹辉路1号(竹辉桥地铁站1西南口步行470米),1,4.20,0,generic_unsplash_fallback,https://images.unsplash.com/photo-1500530855697-b586d89ba3ee?auto=format&fit=crop&w=1200&q=80,https://images.unsplash.com/photo-1500530855697-b586d89ba3ee?auto=format&fit=crop&w=1200&q=80,"{公园,苏州市,江苏省}"
529,苏州市寒山寺-枫桥夜泊,苏州市,枫桥寒山寺枫桥大街4号(寒山寺慈善中心西5米),1,4.20,0,generic_unsplash_fallback,https://images.unsplash.com/photo-1513415756790-2ac1db1297d0?auto=format&fit=crop&w=1200&q=80,https://images.unsplash.com/photo-1513415756790-2ac1db1297d0?auto=format&fit=crop&w=1200&q=80,"{风景名胜,苏州市,江苏省}"
525,苏州市运河体育公园,苏州市,狮山桥北,1,4.20,0,generic_unsplash_fallback,https://images.unsplash.com/photo-1500530855697-b586d89ba3ee?auto=format&fit=crop&w=1200&q=80,https://images.unsplash.com/photo-1500530855697-b586d89ba3ee?auto=format&fit=crop&w=1200&q=80,"{公园,苏州市,江苏省}"
564,苏州太湖国家湿地公园,苏州市,苏州高新区镇湖街道绣品街1号,1,4.20,0,generic_unsplash_fallback,https://images.unsplash.com/photo-1500530855697-b586d89ba3ee?auto=format&fit=crop&w=1200&q=80,https://images.unsplash.com/photo-1500530855697-b586d89ba3ee?auto=format&fit=crop&w=1200&q=80,"{国家级景点,苏州市,江苏省}"
536,苏州桃花坞历史文化片区,苏州市,廖家巷28号唐寅文化区(江苏省纺织工业设计研究院对面),1,4.20,0,generic_unsplash_fallback,https://images.unsplash.com/photo-1469854523086-cc02fe5d8800?auto=format&fit=crop&w=1200&q=80,https://images.unsplash.com/photo-1469854523086-cc02fe5d8800?auto=format&fit=crop&w=1200&q=80,"{旅游景点,苏州市,江苏省}"
580,苏州湾体育公园,苏州市,太湖新城镇迎宾大道1号,1,4.20,0,generic_unsplash_fallback,https://images.unsplash.com/photo-1500530855697-b586d89ba3ee?auto=format&fit=crop&w=1200&q=80,https://images.unsplash.com/photo-1500530855697-b586d89ba3ee?auto=format&fit=crop&w=1200&q=80,"{公园,苏州市,江苏省}"
552,苏州文化市场,苏州市,沧浪街道司前街117号,1,4.20,0,generic_unsplash_fallback,https://images.unsplash.com/photo-1469854523086-cc02fe5d8800?auto=format&fit=crop&w=1200&q=80,https://images.unsplash.com/photo-1469854523086-cc02fe5d8800?auto=format&fit=crop&w=1200&q=80,"{旅游景点,苏州市,江苏省}"
516,苏州园林,苏州市,东北街178号拙政园内(东侧),1,4.20,0,generic_unsplash_fallback,https://images.unsplash.com/photo-1469854523086-cc02fe5d8800?auto=format&fit=crop&w=1200&q=80,https://images.unsplash.com/photo-1469854523086-cc02fe5d8800?auto=format&fit=crop&w=1200&q=80,"{公司,苏州市,江苏省}"
556,苏州站北广场,苏州市,苏站路27号(苏州火车站地铁站1B口步行60米),1,4.20,0,generic_unsplash_fallback,https://images.unsplash.com/photo-1444723121867-7a241cacace9?auto=format&fit=crop&w=1200&q=80,https://images.unsplash.com/photo-1444723121867-7a241cacace9?auto=format&fit=crop&w=1200&q=80,"{城市广场,苏州市,江苏省}"
554,苏州站南广场,苏州市,车站路27号,1,4.20,0,generic_unsplash_fallback,https://images.unsplash.com/photo-1444723121867-7a241cacace9?auto=format&fit=crop&w=1200&q=80,https://images.unsplash.com/photo-1444723121867-7a241cacace9?auto=format&fit=crop&w=1200&q=80,"{城市广场,苏州市,江苏省}"
576,太湖湖滨国家湿地,苏州市,胥香路与环太湖大道交汇处,1,4.20,0,generic_unsplash_fallback,https://images.unsplash.com/photo-1469854523086-cc02fe5d8800?auto=format&fit=crop&w=1200&q=80,https://images.unsplash.com/photo-1469854523086-cc02fe5d8800?auto=format&fit=crop&w=1200&q=80,"{国家级景点,苏州市,江苏省}"
578,太湖西山国家森林公园缥缈峰景区,苏州市,金庭镇涵村,1,4.20,0,generic_unsplash_fallback,https://images.unsplash.com/photo-1500530855697-b586d89ba3ee?auto=format&fit=crop&w=1200&q=80,https://images.unsplash.com/photo-1500530855697-b586d89ba3ee?auto=format&fit=crop&w=1200&q=80,"{风景名胜,苏州市,江苏省}"
517,唐少傅白公祠,苏州市,山塘街18号白居易纪念苑内,1,4.20,0,generic_unsplash_fallback,https://images.unsplash.com/photo-1469854523086-cc02fe5d8800?auto=format&fit=crop&w=1200&q=80,https://images.unsplash.com/photo-1469854523086-cc02fe5d8800?auto=format&fit=crop&w=1200&q=80,"{寺庙道观,苏州市,江苏省}"
581,天福国家湿地公园,苏州市,花桥经济开发区北部,1,4.20,0,generic_unsplash_fallback,https://images.unsplash.com/photo-1500530855697-b586d89ba3ee?auto=format&fit=crop&w=1200&q=80,https://images.unsplash.com/photo-1500530855697-b586d89ba3ee?auto=format&fit=crop&w=1200&q=80,"{国家级景点,苏州市,江苏省}"
586,天镜湖公园,苏州市,高新区文治路8-1号(太平新路与文治路交叉口南50米),1,4.20,0,generic_unsplash_fallback,https://images.unsplash.com/photo-1500530855697-b586d89ba3ee?auto=format&fit=crop&w=1200&q=80,https://images.unsplash.com/photo-1500530855697-b586d89ba3ee?auto=format&fit=crop&w=1200&q=80,"{公园,苏州市,江苏省}"
531,天主堂,苏州市,三香路1162号,1,4.20,0,generic_unsplash_fallback,https://images.unsplash.com/photo-1469854523086-cc02fe5d8800?auto=format&fit=crop&w=1200&q=80,https://images.unsplash.com/photo-1469854523086-cc02fe5d8800?auto=format&fit=crop&w=1200&q=80,"{教堂,苏州市,江苏省}"
566,亭林园,苏州市,马鞍山东路1号,1,4.20,0,generic_unsplash_fallback,https://images.unsplash.com/photo-1469854523086-cc02fe5d8800?auto=format&fit=crop&w=1200&q=80,https://images.unsplash.com/photo-1469854523086-cc02fe5d8800?auto=format&fit=crop&w=1200&q=80,"{国家级景点,苏州市,江苏省}"
573,同里国家湿地公园,苏州市,同里镇肖甸湖森林公园(屯村以东),1,4.20,0,generic_unsplash_fallback,https://images.unsplash.com/photo-1500530855697-b586d89ba3ee?auto=format&fit=crop&w=1200&q=80,https://images.unsplash.com/photo-1500530855697-b586d89ba3ee?auto=format&fit=crop&w=1200&q=80,"{风景名胜,苏州市,江苏省}"
526,桐泾公园,苏州市,桐泾南路1号,1,4.20,0,generic_unsplash_fallback,https://images.unsplash.com/photo-1500530855697-b586d89ba3ee?auto=format&fit=crop&w=1200&q=80,https://images.unsplash.com/photo-1500530855697-b586d89ba3ee?auto=format&fit=crop&w=1200&q=80,"{公园,苏州市,江苏省}"
528,网师园,苏州市,带城桥路阔家头巷11号,1,4.20,0,generic_unsplash_fallback,https://images.unsplash.com/photo-1469854523086-cc02fe5d8800?auto=format&fit=crop&w=1200&q=80,https://images.unsplash.com/photo-1469854523086-cc02fe5d8800?auto=format&fit=crop&w=1200&q=80,"{国家级景点,苏州市,江苏省}"
559,五峰园,苏州市,五峰园弄15号,1,4.20,0,generic_unsplash_fallback,https://images.unsplash.com/photo-1469854523086-cc02fe5d8800?auto=format&fit=crop&w=1200&q=80,https://images.unsplash.com/photo-1469854523086-cc02fe5d8800?auto=format&fit=crop&w=1200&q=80,"{风景名胜,苏州市,江苏省}"
512,西园戒幢律寺,苏州市,留园路西园弄18号,1,4.20,0,generic_unsplash_fallback,https://images.unsplash.com/photo-1513415756790-2ac1db1297d0?auto=format&fit=crop&w=1200&q=80,https://images.unsplash.com/photo-1513415756790-2ac1db1297d0?auto=format&fit=crop&w=1200&q=80,"{寺庙道观,苏州市,江苏省}"
557,香雪海中餐厅(永利广场店),苏州市,苏州市高新区运河路28号永利广场,1,4.20,0,generic_unsplash_fallback,https://images.unsplash.com/photo-1444723121867-7a241cacace9?auto=format&fit=crop&w=1200&q=80,https://images.unsplash.com/photo-1444723121867-7a241cacace9?auto=format&fit=crop&w=1200&q=80,"{旅游景点,苏州市,江苏省}"
530,怡园,苏州市,人民路1265号,1,4.20,0,generic_unsplash_fallback,https://images.unsplash.com/photo-1469854523086-cc02fe5d8800?auto=format&fit=crop&w=1200&q=80,https://images.unsplash.com/photo-1469854523086-cc02fe5d8800?auto=format&fit=crop&w=1200&q=80,"{风景名胜,苏州市,江苏省}"
521,艺圃,苏州市,文衙弄5号,1,4.20,0,generic_unsplash_fallback,https://images.unsplash.com/photo-1469854523086-cc02fe5d8800?auto=format&fit=crop&w=1200&q=80,https://images.unsplash.com/photo-1469854523086-cc02fe5d8800?auto=format&fit=crop&w=1200&q=80,"{世界遗产,苏州市,江苏省}"
583,樱花园,苏州市,周市医院对面,1,4.20,0,generic_unsplash_fallback,https://images.unsplash.com/photo-1500530855697-b586d89ba3ee?auto=format&fit=crop&w=1200&q=80,https://images.unsplash.com/photo-1500530855697-b586d89ba3ee?auto=format&fit=crop&w=1200&q=80,"{公园,苏州市,江苏省}"
591,虞山城墙景区,苏州市,西门大街虞山福地附近,1,4.20,0,generic_unsplash_fallback,https://images.unsplash.com/photo-1469854523086-cc02fe5d8800?auto=format&fit=crop&w=1200&q=80,https://images.unsplash.com/photo-1469854523086-cc02fe5d8800?auto=format&fit=crop&w=1200&q=80,"{旅游景点,苏州市,江苏省}"
587,虞山公园,苏州市,北门大街45号,1,4.20,0,generic_unsplash_fallback,https://images.unsplash.com/photo-1500530855697-b586d89ba3ee?auto=format&fit=crop&w=1200&q=80,https://images.unsplash.com/photo-1500530855697-b586d89ba3ee?auto=format&fit=crop&w=1200&q=80,"{公园,苏州市,江苏省}"
561,虞山国家森林公园,苏州市,虞山镇北门大街21号,1,4.20,0,generic_unsplash_fallback,https://images.unsplash.com/photo-1500530855697-b586d89ba3ee?auto=format&fit=crop&w=1200&q=80,https://images.unsplash.com/photo-1500530855697-b586d89ba3ee?auto=format&fit=crop&w=1200&q=80,"{国家级景点,苏州市,江苏省}"
562,虞山国家森林公园剑门景区,苏州市,北门大街45号虞山国家森林公园附近,1,4.20,0,generic_unsplash_fallback,https://images.unsplash.com/photo-1500530855697-b586d89ba3ee?auto=format&fit=crop&w=1200&q=80,https://images.unsplash.com/photo-1500530855697-b586d89ba3ee?auto=format&fit=crop&w=1200&q=80,"{国家级景点,苏州市,江苏省}"
560,占鱼墩,苏州市,南浩街746号旁(石路地铁站12号口步行420米),1,4.20,0,generic_unsplash_fallback,https://images.unsplash.com/photo-1500530855697-b586d89ba3ee?auto=format&fit=crop&w=1200&q=80,https://images.unsplash.com/photo-1500530855697-b586d89ba3ee?auto=format&fit=crop&w=1200&q=80,"{公园,苏州市,江苏省}"
572,郑和公园,苏州市,南环路1号,1,4.20,0,generic_unsplash_fallback,https://images.unsplash.com/photo-1500530855697-b586d89ba3ee?auto=format&fit=crop&w=1200&q=80,https://images.unsplash.com/photo-1500530855697-b586d89ba3ee?auto=format&fit=crop&w=1200&q=80,"{公园,苏州市,江苏省}"
520,拙政园,苏州市,东北街178号,1,4.20,0,generic_unsplash_fallback,https://images.unsplash.com/photo-1469854523086-cc02fe5d8800?auto=format&fit=crop&w=1200&q=80,https://images.unsplash.com/photo-1469854523086-cc02fe5d8800?auto=format&fit=crop&w=1200&q=80,"{国家级景点,苏州市,江苏省}"
1770,百花园,太原市,东西山旅游公路,1,4.20,0,generic_unsplash_fallback,https://images.unsplash.com/photo-1469854523086-cc02fe5d8800?auto=format&fit=crop&w=1200&q=80,https://images.unsplash.com/photo-1469854523086-cc02fe5d8800?auto=format&fit=crop&w=1200&q=80,"{风景名胜,太原市,山西省}"
1721,碑林公园,太原市,康乐街56号,1,4.20,0,generic_unsplash_fallback,https://images.unsplash.com/photo-1500530855697-b586d89ba3ee?auto=format&fit=crop&w=1200&q=80,https://images.unsplash.com/photo-1500530855697-b586d89ba3ee?auto=format&fit=crop&w=1200&q=80,"{公园,太原市,山西省}"
1752,滨河公园,太原市,三桥街道三桥街道三桥街道三桥街道北沙河北沿岸,1,4.20,0,generic_unsplash_fallback,https://images.unsplash.com/photo-1500530855697-b586d89ba3ee?auto=format&fit=crop&w=1200&q=80,https://images.unsplash.com/photo-1500530855697-b586d89ba3ee?auto=format&fit=crop&w=1200&q=80,"{公园,太原市,山西省}"
1749,滨河体育公园,太原市,环网巷与环网西巷交叉口东南160米,1,4.20,0,generic_unsplash_fallback,https://images.unsplash.com/photo-1500530855697-b586d89ba3ee?auto=format&fit=crop&w=1200&q=80,https://images.unsplash.com/photo-1500530855697-b586d89ba3ee?auto=format&fit=crop&w=1200&q=80,"{公园,太原市,山西省}"
1739,唱经楼,太原市,鼓楼街33号(府西街地铁站C口步行430米),1,4.20,0,generic_unsplash_fallback,https://images.unsplash.com/photo-1469854523086-cc02fe5d8800?auto=format&fit=crop&w=1200&q=80,https://images.unsplash.com/photo-1469854523086-cc02fe5d8800?auto=format&fit=crop&w=1200&q=80,"{风景名胜,太原市,山西省}"
1729,崇善寺,太原市,文庙巷9号,1,4.20,0,generic_unsplash_fallback,https://images.unsplash.com/photo-1513415756790-2ac1db1297d0?auto=format&fit=crop&w=1200&q=80,https://images.unsplash.com/photo-1513415756790-2ac1db1297d0?auto=format&fit=crop&w=1200&q=80,"{寺庙道观,太原市,山西省}"
1722,纯阳宫,太原市,起凤街1号,1,4.20,0,generic_unsplash_fallback,https://images.unsplash.com/photo-1469854523086-cc02fe5d8800?auto=format&fit=crop&w=1200&q=80,https://images.unsplash.com/photo-1469854523086-cc02fe5d8800?auto=format&fit=crop&w=1200&q=80,"{省级景点,太原市,山西省}"
1750,大南门,太原市,解放路与后铁匠巷交叉口西20米,1,4.20,0,generic_unsplash_fallback,https://images.unsplash.com/photo-1469854523086-cc02fe5d8800?auto=format&fit=crop&w=1200&q=80,https://images.unsplash.com/photo-1469854523086-cc02fe5d8800?auto=format&fit=crop&w=1200&q=80,"{旅游景点,太原市,山西省}"
1772,狄仁杰文化公园,太原市,狄村街6-18号,1,4.20,0,generic_unsplash_fallback,https://images.unsplash.com/photo-1500530855697-b586d89ba3ee?auto=format&fit=crop&w=1200&q=80,https://images.unsplash.com/photo-1500530855697-b586d89ba3ee?auto=format&fit=crop&w=1200&q=80,"{公园,太原市,山西省}"
1733,东湖醋园,太原市,马道坡街26号,1,4.20,0,generic_unsplash_fallback,https://images.unsplash.com/photo-1469854523086-cc02fe5d8800?auto=format&fit=crop&w=1200&q=80,https://images.unsplash.com/photo-1469854523086-cc02fe5d8800?auto=format&fit=crop&w=1200&q=80,"{国家级景点,太原市,山西省}"
1778,东湖公园,太原市,清源镇紫林路,1,4.20,0,generic_unsplash_fallback,https://images.unsplash.com/photo-1500530855697-b586d89ba3ee?auto=format&fit=crop&w=1200&q=80,https://images.unsplash.com/photo-1500530855697-b586d89ba3ee?auto=format&fit=crop&w=1200&q=80,"{公园,太原市,山西省}"
1769,东山五龙生态森林公园,太原市,北营街道二许线东山五龙城郊森林公园,1,4.20,0,generic_unsplash_fallback,https://images.unsplash.com/photo-1500530855697-b586d89ba3ee?auto=format&fit=crop&w=1200&q=80,https://images.unsplash.com/photo-1500530855697-b586d89ba3ee?auto=format&fit=crop&w=1200&q=80,"{公园,太原市,山西省}"
1744,汾河公园沙滩碧水,太原市,康乐街和滨河东路口处,1,4.20,0,generic_unsplash_fallback,https://images.unsplash.com/photo-1500530855697-b586d89ba3ee?auto=format&fit=crop&w=1200&q=80,https://images.unsplash.com/photo-1500530855697-b586d89ba3ee?auto=format&fit=crop&w=1200&q=80,"{公园,太原市,山西省}"
1732,汾河湿地公园,太原市,汾河两侧太原汾河景区,1,4.20,0,generic_unsplash_fallback,https://images.unsplash.com/photo-1500530855697-b586d89ba3ee?auto=format&fit=crop&w=1200&q=80,https://images.unsplash.com/photo-1500530855697-b586d89ba3ee?auto=format&fit=crop&w=1200&q=80,"{公园,太原市,山西省}"
1774,汾河雁丘园,太原市,汾河雁丘园内,1,4.20,0,generic_unsplash_fallback,https://images.unsplash.com/photo-1469854523086-cc02fe5d8800?auto=format&fit=crop&w=1200&q=80,https://images.unsplash.com/photo-1469854523086-cc02fe5d8800?auto=format&fit=crop&w=1200&q=80,"{风景名胜,太原市,山西省}"
1740,鼓楼广场,太原市,鼓楼街(府西街地铁站D口步行110米),1,4.20,0,generic_unsplash_fallback,https://images.unsplash.com/photo-1519608487953-e999c86e7455?auto=format&fit=crop&w=1200&q=80,https://images.unsplash.com/photo-1519608487953-e999c86e7455?auto=format&fit=crop&w=1200&q=80,"{城市漫步,胡同,摄影,休闲,夜游,美食}"
1730,关帝庙(东庙巷),太原市,庙前街36号,1,4.20,0,generic_unsplash_fallback,https://images.unsplash.com/photo-1513415756790-2ac1db1297d0?auto=format&fit=crop&w=1200&q=80,https://images.unsplash.com/photo-1513415756790-2ac1db1297d0?auto=format&fit=crop&w=1200&q=80,"{寺庙道观,太原市,山西省}"
1754,观汾,太原市,钟楼街道21号103号F1,1,4.20,0,generic_unsplash_fallback,https://images.unsplash.com/photo-1469854523086-cc02fe5d8800?auto=format&fit=crop&w=1200&q=80,https://images.unsplash.com/photo-1469854523086-cc02fe5d8800?auto=format&fit=crop&w=1200&q=80,"{旅游景点,太原市,山西省}"
1767,和谐公园,太原市,康宁街与真武路交叉口东南方向,1,4.20,0,generic_unsplash_fallback,https://images.unsplash.com/photo-1500530855697-b586d89ba3ee?auto=format&fit=crop&w=1200&q=80,https://images.unsplash.com/photo-1500530855697-b586d89ba3ee?auto=format&fit=crop&w=1200&q=80,"{公园,太原市,山西省}"
1736,交通安全宣传主题公园,太原市,新建路与桃园二巷交叉口东南40米,1,4.20,0,generic_unsplash_fallback,https://images.unsplash.com/photo-1500530855697-b586d89ba3ee?auto=format&fit=crop&w=1200&q=80,https://images.unsplash.com/photo-1500530855697-b586d89ba3ee?auto=format&fit=crop&w=1200&q=80,"{公园,太原市,山西省}"
1715,晋商博物院,太原市,鼓楼街道府东街(山西省眼科医院对面),1,4.20,0,generic_unsplash_fallback,https://images.unsplash.com/photo-1469854523086-cc02fe5d8800?auto=format&fit=crop&w=1200&q=80,https://images.unsplash.com/photo-1469854523086-cc02fe5d8800?auto=format&fit=crop&w=1200&q=80,"{风景名胜,太原市,山西省}"
1743,晋阳湖公园,太原市,金胜镇董茹村,1,4.20,0,generic_unsplash_fallback,https://images.unsplash.com/photo-1500530855697-b586d89ba3ee?auto=format&fit=crop&w=1200&q=80,https://images.unsplash.com/photo-1500530855697-b586d89ba3ee?auto=format&fit=crop&w=1200&q=80,"{公园,太原市,山西省}"
1779,晋阳湖公园听浪湾,太原市,金胜镇董茹村晋阳湖公园(东南角),1,4.20,0,generic_unsplash_fallback,https://images.unsplash.com/photo-1500530855697-b586d89ba3ee?auto=format&fit=crop&w=1200&q=80,https://images.unsplash.com/photo-1500530855697-b586d89ba3ee?auto=format&fit=crop&w=1200&q=80,"{风景名胜,太原市,山西省}"
1773,晋阳街公园,太原市,晋阳街东段,1,4.20,0,generic_unsplash_fallback,https://images.unsplash.com/photo-1500530855697-b586d89ba3ee?auto=format&fit=crop&w=1200&q=80,https://images.unsplash.com/photo-1500530855697-b586d89ba3ee?auto=format&fit=crop&w=1200&q=80,"{公园,太原市,山西省}"
1761,老龙头景区,太原市,学院路与龙山大街交叉口西160米,1,4.20,0,generic_unsplash_fallback,https://images.unsplash.com/photo-1469854523086-cc02fe5d8800?auto=format&fit=crop&w=1200&q=80,https://images.unsplash.com/photo-1469854523086-cc02fe5d8800?auto=format&fit=crop&w=1200&q=80,"{风景名胜,太原市,山西省}"
1763,龙城公园,太原市,龙城大街(龙城公园地铁站D3口旁),1,4.20,0,generic_unsplash_fallback,https://images.unsplash.com/photo-1500530855697-b586d89ba3ee?auto=format&fit=crop&w=1200&q=80,https://images.unsplash.com/photo-1500530855697-b586d89ba3ee?auto=format&fit=crop&w=1200&q=80,"{公园,太原市,山西省}"
1764,龙城公园东区,太原市,龙城大街(龙城公园地铁站B口步行460米),1,4.20,0,generic_unsplash_fallback,https://images.unsplash.com/photo-1500530855697-b586d89ba3ee?auto=format&fit=crop&w=1200&q=80,https://images.unsplash.com/photo-1500530855697-b586d89ba3ee?auto=format&fit=crop&w=1200&q=80,"{公园,太原市,山西省}"
1716,龙潭公园,太原市,三桥街道三桥街道三桥街道解放路城坊西街万达不夜城旁边,1,4.20,0,generic_unsplash_fallback,https://images.unsplash.com/photo-1500530855697-b586d89ba3ee?auto=format&fit=crop&w=1200&q=80,https://images.unsplash.com/photo-1500530855697-b586d89ba3ee?auto=format&fit=crop&w=1200&q=80,"{公园,太原市,山西省}"
1753,墨艺苑,太原市,迎泽大街399号,1,4.20,0,generic_unsplash_fallback,https://images.unsplash.com/photo-1469854523086-cc02fe5d8800?auto=format&fit=crop&w=1200&q=80,https://images.unsplash.com/photo-1469854523086-cc02fe5d8800?auto=format&fit=crop&w=1200&q=80,"{旅游景点,太原市,山西省}"
1734,牡丹园,太原市,迎泽大街218号迎泽公园(东南角),1,4.20,0,generic_unsplash_fallback,https://images.unsplash.com/photo-1469854523086-cc02fe5d8800?auto=format&fit=crop&w=1200&q=80,https://images.unsplash.com/photo-1469854523086-cc02fe5d8800?auto=format&fit=crop&w=1200&q=80,"{旅游景点,太原市,山西省}"
1720,南宫广场,太原市,迎泽大街248号(大南门地铁站A口步行150米),1,4.20,0,generic_unsplash_fallback,https://images.unsplash.com/photo-1500530855697-b586d89ba3ee?auto=format&fit=crop&w=1200&q=80,https://images.unsplash.com/photo-1500530855697-b586d89ba3ee?auto=format&fit=crop&w=1200&q=80,"{公园广场,太原市,山西省}"
1765,南寨公园,太原市,新兰路133号,1,4.20,0,generic_unsplash_fallback,https://images.unsplash.com/photo-1500530855697-b586d89ba3ee?auto=format&fit=crop&w=1200&q=80,https://images.unsplash.com/photo-1500530855697-b586d89ba3ee?auto=format&fit=crop&w=1200&q=80,"{公园,太原市,山西省}"
1776,森林公园-百鸟园,太原市,大同路北36号太原市森林公园内(北侧),1,4.20,0,generic_unsplash_fallback,https://images.unsplash.com/photo-1500530855697-b586d89ba3ee?auto=format&fit=crop&w=1200&q=80,https://images.unsplash.com/photo-1500530855697-b586d89ba3ee?auto=format&fit=crop&w=1200&q=80,"{动物园,太原市,山西省}"
1741,山西烽火抗战博物馆督军府旧址馆,太原市,府东街101号(府西街地铁站D口步行100米),1,4.20,0,generic_unsplash_fallback,https://images.unsplash.com/photo-1566127992631-137a642a90f4?auto=format&fit=crop&w=1200&q=80,https://images.unsplash.com/photo-1566127992631-137a642a90f4?auto=format&fit=crop&w=1200&q=80,"{风景名胜,太原市,山西省}"
1751,山西国民师范旧址革命活动纪念馆,太原市,坝陵桥街道五一路276号,1,4.20,0,generic_unsplash_fallback,https://images.unsplash.com/photo-1469854523086-cc02fe5d8800?auto=format&fit=crop&w=1200&q=80,https://images.unsplash.com/photo-1469854523086-cc02fe5d8800?auto=format&fit=crop&w=1200&q=80,"{红色景区,太原市,山西省}"
1775,摄乐公园,太原市,柴村街道三给街10号,1,4.20,0,generic_unsplash_fallback,https://images.unsplash.com/photo-1500530855697-b586d89ba3ee?auto=format&fit=crop&w=1200&q=80,https://images.unsplash.com/photo-1500530855697-b586d89ba3ee?auto=format&fit=crop&w=1200&q=80,"{公园,太原市,山西省}"
1723,双塔公园,太原市,郝庄镇南内环东街,1,4.20,0,generic_unsplash_fallback,https://images.unsplash.com/photo-1500530855697-b586d89ba3ee?auto=format&fit=crop&w=1200&q=80,https://images.unsplash.com/photo-1500530855697-b586d89ba3ee?auto=format&fit=crop&w=1200&q=80,"{公园,太原市,山西省}"
1725,太原动物园,太原市,东山马路2号,1,4.20,0,generic_unsplash_fallback,https://images.unsplash.com/photo-1469854523086-cc02fe5d8800?auto=format&fit=crop&w=1200&q=80,https://images.unsplash.com/photo-1469854523086-cc02fe5d8800?auto=format&fit=crop&w=1200&q=80,"{动物园,太原市,山西省}"
1771,太原汾河公园-石趣园,太原市,滨河东路太原汾河景区内,1,4.20,0,generic_unsplash_fallback,https://images.unsplash.com/photo-1500530855697-b586d89ba3ee?auto=format&fit=crop&w=1200&q=80,https://images.unsplash.com/photo-1500530855697-b586d89ba3ee?auto=format&fit=crop&w=1200&q=80,"{旅游景点,太原市,山西省}"
1768,太原汾河公园三期,太原市,滨河东路太原汾河景区,1,4.20,0,generic_unsplash_fallback,https://images.unsplash.com/photo-1500530855697-b586d89ba3ee?auto=format&fit=crop&w=1200&q=80,https://images.unsplash.com/photo-1500530855697-b586d89ba3ee?auto=format&fit=crop&w=1200&q=80,"{旅游景点,太原市,山西省}"
1727,太原和平公园,太原市,千峰南路附近,1,4.20,0,generic_unsplash_fallback,https://images.unsplash.com/photo-1500530855697-b586d89ba3ee?auto=format&fit=crop&w=1200&q=80,https://images.unsplash.com/photo-1500530855697-b586d89ba3ee?auto=format&fit=crop&w=1200&q=80,"{公园,太原市,山西省}"
1762,太原康培稻田公园,太原市,贞观街1号,1,4.20,0,generic_unsplash_fallback,https://images.unsplash.com/photo-1500530855697-b586d89ba3ee?auto=format&fit=crop&w=1200&q=80,https://images.unsplash.com/photo-1500530855697-b586d89ba3ee?auto=format&fit=crop&w=1200&q=80,"{旅游景点,太原市,山西省}"
1718,太原市汾河景区,太原市,滨河东路,1,4.20,0,generic_unsplash_fallback,https://images.unsplash.com/photo-1469854523086-cc02fe5d8800?auto=format&fit=crop&w=1200&q=80,https://images.unsplash.com/photo-1469854523086-cc02fe5d8800?auto=format&fit=crop&w=1200&q=80,"{国家级景点,太原市,山西省}"
1724,太原市森林公园,太原市,大同路北36号,1,4.20,0,generic_unsplash_fallback,https://images.unsplash.com/photo-1500530855697-b586d89ba3ee?auto=format&fit=crop&w=1200&q=80,https://images.unsplash.com/photo-1500530855697-b586d89ba3ee?auto=format&fit=crop&w=1200&q=80,"{国家级景点,太原市,山西省}"
1726,太原双塔寺,太原市,双塔南巷甲字8号,1,4.20,0,generic_unsplash_fallback,https://images.unsplash.com/photo-1513415756790-2ac1db1297d0?auto=format&fit=crop&w=1200&q=80,https://images.unsplash.com/photo-1513415756790-2ac1db1297d0?auto=format&fit=crop&w=1200&q=80,"{寺庙道观,太原市,山西省}"
1777,太原西寨公园,太原市,健康东路与西寨南街交叉口西北280米,1,4.20,0,generic_unsplash_fallback,https://images.unsplash.com/photo-1500530855697-b586d89ba3ee?auto=format&fit=crop&w=1200&q=80,https://images.unsplash.com/photo-1500530855697-b586d89ba3ee?auto=format&fit=crop&w=1200&q=80,"{公园,太原市,山西省}"
1756,太原站东广场,太原市,建设南路2号太原站,1,4.20,0,generic_unsplash_fallback,https://images.unsplash.com/photo-1444723121867-7a241cacace9?auto=format&fit=crop&w=1200&q=80,https://images.unsplash.com/photo-1444723121867-7a241cacace9?auto=format&fit=crop&w=1200&q=80,"{城市广场,太原市,山西省}"
1755,太原站西广场,太原市,建设南路2号太原站(太原站西广场地铁站C口旁),1,4.20,0,generic_unsplash_fallback,https://images.unsplash.com/photo-1444723121867-7a241cacace9?auto=format&fit=crop&w=1200&q=80,https://images.unsplash.com/photo-1444723121867-7a241cacace9?auto=format&fit=crop&w=1200&q=80,"{城市广场,太原市,山西省}"
1759,唐风晋韵,太原市,迎泽大街218号迎泽公园内(东南角),1,4.20,0,generic_unsplash_fallback,https://images.unsplash.com/photo-1469854523086-cc02fe5d8800?auto=format&fit=crop&w=1200&q=80,https://images.unsplash.com/photo-1469854523086-cc02fe5d8800?auto=format&fit=crop&w=1200&q=80,"{旅游景点,太原市,山西省}"
1745,天主堂,太原市,解放路178号(万达广场对面),1,4.20,0,generic_unsplash_fallback,https://images.unsplash.com/photo-1469854523086-cc02fe5d8800?auto=format&fit=crop&w=1200&q=80,https://images.unsplash.com/photo-1469854523086-cc02fe5d8800?auto=format&fit=crop&w=1200&q=80,"{教堂,太原市,山西省}"
1731,文庙,太原市,文庙街道文庙巷40西,1,4.20,0,generic_unsplash_fallback,https://images.unsplash.com/photo-1513415756790-2ac1db1297d0?auto=format&fit=crop&w=1200&q=80,https://images.unsplash.com/photo-1513415756790-2ac1db1297d0?auto=format&fit=crop&w=1200&q=80,"{寺庙道观,太原市,山西省}"
1747,文殊寺,太原市,鼓楼街道东仓巷4号,1,4.20,0,generic_unsplash_fallback,https://images.unsplash.com/photo-1513415756790-2ac1db1297d0?auto=format&fit=crop&w=1200&q=80,https://images.unsplash.com/photo-1513415756790-2ac1db1297d0?auto=format&fit=crop&w=1200&q=80,"{寺庙道观,太原市,山西省}"
1719,文瀛公园,太原市,海子边东街28号,1,4.20,0,generic_unsplash_fallback,https://images.unsplash.com/photo-1500530855697-b586d89ba3ee?auto=format&fit=crop&w=1200&q=80,https://images.unsplash.com/photo-1500530855697-b586d89ba3ee?auto=format&fit=crop&w=1200&q=80,"{公园,太原市,山西省}"
1717,五一广场,太原市,迎泽大街30号(五一广场地铁站A口步行250米),1,4.20,0,generic_unsplash_fallback,https://images.unsplash.com/photo-1444723121867-7a241cacace9?auto=format&fit=crop&w=1200&q=80,https://images.unsplash.com/photo-1444723121867-7a241cacace9?auto=format&fit=crop&w=1200&q=80,"{城市广场,太原市,山西省}"
1728,西海子公园,太原市,三桥街道三桥街道新建路68号,1,4.20,0,generic_unsplash_fallback,https://images.unsplash.com/photo-1500530855697-b586d89ba3ee?auto=format&fit=crop&w=1200&q=80,https://images.unsplash.com/photo-1500530855697-b586d89ba3ee?auto=format&fit=crop&w=1200&q=80,"{公园,太原市,山西省}"
1766,祥云公园,太原市,嘉节北街星河湾3号园东侧,1,4.20,0,generic_unsplash_fallback,https://images.unsplash.com/photo-1500530855697-b586d89ba3ee?auto=format&fit=crop&w=1200&q=80,https://images.unsplash.com/photo-1500530855697-b586d89ba3ee?auto=format&fit=crop&w=1200&q=80,"{旅游景点,太原市,山西省}"
1748,学府公园,太原市,山西省委党校对面,1,4.20,0,generic_unsplash_fallback,https://images.unsplash.com/photo-1500530855697-b586d89ba3ee?auto=format&fit=crop&w=1200&q=80,https://images.unsplash.com/photo-1500530855697-b586d89ba3ee?auto=format&fit=crop&w=1200&q=80,"{公园,太原市,山西省}"
1737,漪汾公园,太原市,千峰北路88号,1,4.20,0,generic_unsplash_fallback,https://images.unsplash.com/photo-1500530855697-b586d89ba3ee?auto=format&fit=crop&w=1200&q=80,https://images.unsplash.com/photo-1500530855697-b586d89ba3ee?auto=format&fit=crop&w=1200&q=80,"{公园,太原市,山西省}"
1714,迎泽公园,太原市,迎泽大街218号,1,4.20,0,generic_unsplash_fallback,https://images.unsplash.com/photo-1500530855697-b586d89ba3ee?auto=format&fit=crop&w=1200&q=80,https://images.unsplash.com/photo-1500530855697-b586d89ba3ee?auto=format&fit=crop&w=1200&q=80,"{公园,太原市,山西省}"
1735,迎泽公园牡丹芍药园,太原市,迎泽大街218号迎泽公园(东南角),1,4.20,0,generic_unsplash_fallback,https://images.unsplash.com/photo-1500530855697-b586d89ba3ee?auto=format&fit=crop&w=1200&q=80,https://images.unsplash.com/photo-1500530855697-b586d89ba3ee?auto=format&fit=crop&w=1200&q=80,"{旅游景点,太原市,山西省}"
1757,玉兰园,太原市,南沙河南沿岸与牛站西巷交叉口北200米,1,4.20,0,generic_unsplash_fallback,https://images.unsplash.com/photo-1469854523086-cc02fe5d8800?auto=format&fit=crop&w=1200&q=80,https://images.unsplash.com/photo-1469854523086-cc02fe5d8800?auto=format&fit=crop&w=1200&q=80,"{旅游景点,太原市,山西省}"
1738,玉门河公园,太原市,和平北路80号,1,4.20,0,generic_unsplash_fallback,https://images.unsplash.com/photo-1500530855697-b586d89ba3ee?auto=format&fit=crop&w=1200&q=80,https://images.unsplash.com/photo-1500530855697-b586d89ba3ee?auto=format&fit=crop&w=1200&q=80,"{公园,太原市,山西省}"
1746,玉泉山城郊森林公园,太原市,春盛西街53号,1,4.20,0,generic_unsplash_fallback,https://images.unsplash.com/photo-1500530855697-b586d89ba3ee?auto=format&fit=crop&w=1200&q=80,https://images.unsplash.com/photo-1500530855697-b586d89ba3ee?auto=format&fit=crop&w=1200&q=80,"{风景名胜,太原市,山西省}"
1780,玉泉山森林公园三星池观景台,太原市,柴村街道,1,4.20,0,generic_unsplash_fallback,https://images.unsplash.com/photo-1500530855697-b586d89ba3ee?auto=format&fit=crop&w=1200&q=80,https://images.unsplash.com/photo-1500530855697-b586d89ba3ee?auto=format&fit=crop&w=1200&q=80,"{旅游景点,太原市,山西省}"
1377,潮白河国家湿地公园,天津市,望月路,1,4.20,0,generic_unsplash_fallback,https://images.unsplash.com/photo-1500530855697-b586d89ba3ee?auto=format&fit=crop&w=1200&q=80,https://images.unsplash.com/photo-1500530855697-b586d89ba3ee?auto=format&fit=crop&w=1200&q=80,"{公园,天津市,天津市}"
1348,登瀛邀月,天津市,水上公园东路1号天津水上公园内(南侧),1,4.20,0,generic_unsplash_fallback,https://images.unsplash.com/photo-1469854523086-cc02fe5d8800?auto=format&fit=crop&w=1200&q=80,https://images.unsplash.com/photo-1469854523086-cc02fe5d8800?auto=format&fit=crop&w=1200&q=80,"{旅游景点,天津市,天津市}"
1371,东堤公园,天津市,中新生态城临海新城东堤路与海旭道交口,1,4.20,0,generic_unsplash_fallback,https://images.unsplash.com/photo-1500530855697-b586d89ba3ee?auto=format&fit=crop&w=1200&q=80,https://images.unsplash.com/photo-1500530855697-b586d89ba3ee?auto=format&fit=crop&w=1200&q=80,"{公园,天津市,天津市}"
1368,东疆亲海公园,天津市,新港八号路与观澜路交叉口东南侧,1,4.20,0,generic_unsplash_fallback,https://images.unsplash.com/photo-1500530855697-b586d89ba3ee?auto=format&fit=crop&w=1200&q=80,https://images.unsplash.com/photo-1500530855697-b586d89ba3ee?auto=format&fit=crop&w=1200&q=80,"{风景名胜,天津市,天津市}"
1345,二宫公园,天津市,大直沽,1,4.20,0,generic_unsplash_fallback,https://images.unsplash.com/photo-1500530855697-b586d89ba3ee?auto=format&fit=crop&w=1200&q=80,https://images.unsplash.com/photo-1500530855697-b586d89ba3ee?auto=format&fit=crop&w=1200&q=80,"{公园,天津市,天津市}"
1379,府君山公园,天津市,渔阳镇,1,4.20,0,generic_unsplash_fallback,https://images.unsplash.com/photo-1500530855697-b586d89ba3ee?auto=format&fit=crop&w=1200&q=80,https://images.unsplash.com/photo-1500530855697-b586d89ba3ee?auto=format&fit=crop&w=1200&q=80,"{公园,天津市,天津市}"
1367,富民体育公园,天津市,海河东路与国泰桥交汇处东北角,1,4.20,0,generic_unsplash_fallback,https://images.unsplash.com/photo-1500530855697-b586d89ba3ee?auto=format&fit=crop&w=1200&q=80,https://images.unsplash.com/photo-1500530855697-b586d89ba3ee?auto=format&fit=crop&w=1200&q=80,"{公园,天津市,天津市}"
1344,鼓楼,天津市,"",1,4.20,0,generic_unsplash_fallback,https://images.unsplash.com/photo-1519608487953-e999c86e7455?auto=format&fit=crop&w=1200&q=80,https://images.unsplash.com/photo-1519608487953-e999c86e7455?auto=format&fit=crop&w=1200&q=80,"{城市漫步,胡同,摄影,休闲,夜游,美食}"
1364,挂甲禅寺,天津市,新围堤道1号(南北大街口),1,4.20,0,generic_unsplash_fallback,https://images.unsplash.com/photo-1513415756790-2ac1db1297d0?auto=format&fit=crop&w=1200&q=80,https://images.unsplash.com/photo-1513415756790-2ac1db1297d0?auto=format&fit=crop&w=1200&q=80,"{寺庙道观,天津市,天津市}"
1392,官港森林公园,天津市,青年林路,1,4.20,0,generic_unsplash_fallback,https://images.unsplash.com/photo-1500530855697-b586d89ba3ee?auto=format&fit=crop&w=1200&q=80,https://images.unsplash.com/photo-1500530855697-b586d89ba3ee?auto=format&fit=crop&w=1200&q=80,"{公园,天津市,天津市}"
1370,海合安天津极地海洋公园,天津市,响螺湾商务区61号,1,4.20,0,generic_unsplash_fallback,https://images.unsplash.com/photo-1500530855697-b586d89ba3ee?auto=format&fit=crop&w=1200&q=80,https://images.unsplash.com/photo-1500530855697-b586d89ba3ee?auto=format&fit=crop&w=1200&q=80,"{水族馆,天津市,天津市}"
1358,海河公园,天津市,天津市小白楼街道台儿庄路3-10号,1,4.20,0,generic_unsplash_fallback,https://images.unsplash.com/photo-1500530855697-b586d89ba3ee?auto=format&fit=crop&w=1200&q=80,https://images.unsplash.com/photo-1500530855697-b586d89ba3ee?auto=format&fit=crop&w=1200&q=80,"{公园,天津市,天津市}"
1343,海河游船(天津站码头),天津市,解放北路与解放桥环岛交叉口东150米,1,4.20,0,generic_unsplash_fallback,https://images.unsplash.com/photo-1469854523086-cc02fe5d8800?auto=format&fit=crop&w=1200&q=80,https://images.unsplash.com/photo-1469854523086-cc02fe5d8800?auto=format&fit=crop&w=1200&q=80,"{风景名胜,天津市,天津市}"
1359,海河游船金阜码头,天津市,"",1,4.20,0,generic_unsplash_fallback,https://images.unsplash.com/photo-1469854523086-cc02fe5d8800?auto=format&fit=crop&w=1200&q=80,https://images.unsplash.com/photo-1469854523086-cc02fe5d8800?auto=format&fit=crop&w=1200&q=80,"{风景名胜,天津市,天津市}"
1385,河滨公园,天津市,中心路180号,1,4.20,0,generic_unsplash_fallback,https://images.unsplash.com/photo-1500530855697-b586d89ba3ee?auto=format&fit=crop&w=1200&q=80,https://images.unsplash.com/photo-1500530855697-b586d89ba3ee?auto=format&fit=crop&w=1200&q=80,"{公园,天津市,天津市}"
1387,金海湖北岸滨水公园,天津市,新河街道海洋高新技术产业园区海缘西路与云山道交口以西330米金海湖景区内(东侧),1,4.20,0,generic_unsplash_fallback,https://images.unsplash.com/photo-1500530855697-b586d89ba3ee?auto=format&fit=crop&w=1200&q=80,https://images.unsplash.com/photo-1500530855697-b586d89ba3ee?auto=format&fit=crop&w=1200&q=80,"{公园,天津市,天津市}"
1353,津湾云顶高空观景台,天津市,哈尔滨道35号(津湾广场地铁站D口步行280米),1,4.20,0,generic_unsplash_fallback,https://images.unsplash.com/photo-1469854523086-cc02fe5d8800?auto=format&fit=crop&w=1200&q=80,https://images.unsplash.com/photo-1469854523086-cc02fe5d8800?auto=format&fit=crop&w=1200&q=80,"{观景点,天津市,天津市}"
1351,津一 PARK,天津市,津塘路146号,1,4.20,0,generic_unsplash_fallback,https://images.unsplash.com/photo-1500530855697-b586d89ba3ee?auto=format&fit=crop&w=1200&q=80,https://images.unsplash.com/photo-1500530855697-b586d89ba3ee?auto=format&fit=crop&w=1200&q=80,"{公园,天津市,天津市}"
1342,静园-末代皇帝溥仪旧居,天津市,鞍山道70号(鞍山道与甘肃路交口鞍山道小学对面),1,4.20,0,generic_unsplash_fallback,https://images.unsplash.com/photo-1469854523086-cc02fe5d8800?auto=format&fit=crop&w=1200&q=80,https://images.unsplash.com/photo-1469854523086-cc02fe5d8800?auto=format&fit=crop&w=1200&q=80,"{风景名胜,天津市,天津市}"
1380,九山顶自然风景区,天津市,下营镇常州村远古区10号,1,4.20,0,generic_unsplash_fallback,https://images.unsplash.com/photo-1469854523086-cc02fe5d8800?auto=format&fit=crop&w=1200&q=80,https://images.unsplash.com/photo-1469854523086-cc02fe5d8800?auto=format&fit=crop&w=1200&q=80,"{风景名胜,天津市,天津市}"
1373,梨木台风景区,天津市,马营公路与梨木台路交口,1,4.20,0,generic_unsplash_fallback,https://images.unsplash.com/photo-1469854523086-cc02fe5d8800?auto=format&fit=crop&w=1200&q=80,https://images.unsplash.com/photo-1469854523086-cc02fe5d8800?auto=format&fit=crop&w=1200&q=80,"{国家级景点,天津市,天津市}"
1393,柳林公园,天津市,国盛道与黄庄子道交叉口东北420米,1,4.20,0,generic_unsplash_fallback,https://images.unsplash.com/photo-1500530855697-b586d89ba3ee?auto=format&fit=crop&w=1200&q=80,https://images.unsplash.com/photo-1500530855697-b586d89ba3ee?auto=format&fit=crop&w=1200&q=80,"{公园,天津市,天津市}"
1320,民园广场,天津市,重庆道83号,1,4.20,0,generic_unsplash_fallback,https://images.unsplash.com/photo-1444723121867-7a241cacace9?auto=format&fit=crop&w=1200&q=80,https://images.unsplash.com/photo-1444723121867-7a241cacace9?auto=format&fit=crop&w=1200&q=80,"{城市广场,天津市,天津市}"
1324,睦南公园,天津市,大理道68号附近,1,4.20,0,generic_unsplash_fallback,https://images.unsplash.com/photo-1500530855697-b586d89ba3ee?auto=format&fit=crop&w=1200&q=80,https://images.unsplash.com/photo-1500530855697-b586d89ba3ee?auto=format&fit=crop&w=1200&q=80,"{公园,天津市,天津市}"
1333,南翠屏公园,天津市,水上公园西路与红旗南路交汇处西200米,1,4.20,0,generic_unsplash_fallback,https://images.unsplash.com/photo-1500530855697-b586d89ba3ee?auto=format&fit=crop&w=1200&q=80,https://images.unsplash.com/photo-1500530855697-b586d89ba3ee?auto=format&fit=crop&w=1200&q=80,"{公园,天津市,天津市}"
1388,南堤滨海步道公园,天津市,碧水道生态公园房车营地,1,4.20,0,generic_unsplash_fallback,https://images.unsplash.com/photo-1500530855697-b586d89ba3ee?auto=format&fit=crop&w=1200&q=80,https://images.unsplash.com/photo-1500530855697-b586d89ba3ee?auto=format&fit=crop&w=1200&q=80,"{公园,天津市,天津市}"
1378,南湖公园,天津市,南湖·绿博园景区内(东侧),1,4.20,0,generic_unsplash_fallback,https://images.unsplash.com/photo-1500530855697-b586d89ba3ee?auto=format&fit=crop&w=1200&q=80,https://images.unsplash.com/photo-1500530855697-b586d89ba3ee?auto=format&fit=crop&w=1200&q=80,"{风景名胜,天津市,天津市}"
1394,南普公园,天津市,南口路与普济河道交口处(普济河道立交桥),1,4.20,0,generic_unsplash_fallback,https://images.unsplash.com/photo-1500530855697-b586d89ba3ee?auto=format&fit=crop&w=1200&q=80,https://images.unsplash.com/photo-1500530855697-b586d89ba3ee?auto=format&fit=crop&w=1200&q=80,"{公园,天津市,天津市}"
1391,桥园公园,天津市,天山路与盘山道交口西北角,1,4.20,0,generic_unsplash_fallback,https://images.unsplash.com/photo-1500530855697-b586d89ba3ee?auto=format&fit=crop&w=1200&q=80,https://images.unsplash.com/photo-1500530855697-b586d89ba3ee?auto=format&fit=crop&w=1200&q=80,"{公园,天津市,天津市}"
1331,庆王府,天津市,重庆道55号,1,4.20,0,generic_unsplash_fallback,https://images.unsplash.com/photo-1469854523086-cc02fe5d8800?auto=format&fit=crop&w=1200&q=80,https://images.unsplash.com/photo-1469854523086-cc02fe5d8800?auto=format&fit=crop&w=1200&q=80,"{旅游景点,天津市,天津市}"
1325,人民公园,天津市,徽州道29号(下瓦房地铁站C口步行430米),1,4.20,0,generic_unsplash_fallback,https://images.unsplash.com/photo-1500530855697-b586d89ba3ee?auto=format&fit=crop&w=1200&q=80,https://images.unsplash.com/photo-1500530855697-b586d89ba3ee?auto=format&fit=crop&w=1200&q=80,"{公园,天津市,天津市}"
1341,神户园,天津市,水上公园东路1号天津水上公园内(东南角),1,4.20,0,generic_unsplash_fallback,https://images.unsplash.com/photo-1500530855697-b586d89ba3ee?auto=format&fit=crop&w=1200&q=80,https://images.unsplash.com/photo-1500530855697-b586d89ba3ee?auto=format&fit=crop&w=1200&q=80,"{公园,天津市,天津市}"
1384,生态城中新友好花园,天津市,华三路与中泰大道交叉口西140米,1,4.20,0,generic_unsplash_fallback,https://images.unsplash.com/photo-1500530855697-b586d89ba3ee?auto=format&fit=crop&w=1200&q=80,https://images.unsplash.com/photo-1500530855697-b586d89ba3ee?auto=format&fit=crop&w=1200&q=80,"{公园,天津市,天津市}"
1335,世纪钟广场,天津市,光复道街道建国道1号(津湾广场地铁站B口步行230米),1,4.20,0,generic_unsplash_fallback,https://images.unsplash.com/photo-1500530855697-b586d89ba3ee?auto=format&fit=crop&w=1200&q=80,https://images.unsplash.com/photo-1500530855697-b586d89ba3ee?auto=format&fit=crop&w=1200&q=80,"{公园广场,天津市,天津市}"
1361,市民广场,天津市,文化中心地铁站G口旁,1,4.20,0,generic_unsplash_fallback,https://images.unsplash.com/photo-1500530855697-b586d89ba3ee?auto=format&fit=crop&w=1200&q=80,https://images.unsplash.com/photo-1500530855697-b586d89ba3ee?auto=format&fit=crop&w=1200&q=80,"{公园广场,天津市,天津市}"
1356,水西公园,天津市,中北镇碧欣路侯台装饰城旁,1,4.20,0,generic_unsplash_fallback,https://images.unsplash.com/photo-1500530855697-b586d89ba3ee?auto=format&fit=crop&w=1200&q=80,https://images.unsplash.com/photo-1500530855697-b586d89ba3ee?auto=format&fit=crop&w=1200&q=80,"{风景名胜,天津市,天津市}"
1355,孙氏旧宅,天津市,重庆道83号五大道文化旅游区(西南角),1,4.20,0,generic_unsplash_fallback,https://images.unsplash.com/photo-1469854523086-cc02fe5d8800?auto=format&fit=crop&w=1200&q=80,https://images.unsplash.com/photo-1469854523086-cc02fe5d8800?auto=format&fit=crop&w=1200&q=80,"{纪念馆,天津市,天津市}"
1372,泰丰公园,天津市,泰华路与第四大街交口处,1,4.20,0,generic_unsplash_fallback,https://images.unsplash.com/photo-1500530855697-b586d89ba3ee?auto=format&fit=crop&w=1200&q=80,https://images.unsplash.com/photo-1500530855697-b586d89ba3ee?auto=format&fit=crop&w=1200&q=80,"{公园,天津市,天津市}"
1386,塘沽森林公园,天津市,"北塘街道塘汉线与北扬线交口,近北扬线",1,4.20,0,generic_unsplash_fallback,https://images.unsplash.com/photo-1500530855697-b586d89ba3ee?auto=format&fit=crop&w=1200&q=80,https://images.unsplash.com/photo-1500530855697-b586d89ba3ee?auto=format&fit=crop&w=1200&q=80,"{公园,天津市,天津市}"
1323,天津动物园,天津市,水上公园东路1号,1,4.20,0,generic_unsplash_fallback,https://images.unsplash.com/photo-1469854523086-cc02fe5d8800?auto=format&fit=crop&w=1200&q=80,https://images.unsplash.com/photo-1469854523086-cc02fe5d8800?auto=format&fit=crop&w=1200&q=80,"{动物园,天津市,天津市}"
1334,天津古文化街,天津市,古文化街内,1,4.20,0,generic_unsplash_fallback,https://images.unsplash.com/photo-1519608487953-e999c86e7455?auto=format&fit=crop&w=1200&q=80,https://images.unsplash.com/photo-1519608487953-e999c86e7455?auto=format&fit=crop&w=1200&q=80,"{国家级景点,天津市,天津市}"
1374,天津临港海岸线公园,天津市,渤海十路东侧,1,4.20,0,generic_unsplash_fallback,https://images.unsplash.com/photo-1500530855697-b586d89ba3ee?auto=format&fit=crop&w=1200&q=80,https://images.unsplash.com/photo-1500530855697-b586d89ba3ee?auto=format&fit=crop&w=1200&q=80,"{旅游景点,天津市,天津市}"
1389,天津临港生态湿地公园,天津市,渤海十路与湘江道交口,1,4.20,0,generic_unsplash_fallback,https://images.unsplash.com/photo-1500530855697-b586d89ba3ee?auto=format&fit=crop&w=1200&q=80,https://images.unsplash.com/photo-1500530855697-b586d89ba3ee?auto=format&fit=crop&w=1200&q=80,"{公园,天津市,天津市}"
1390,天津临港生态湿地公园2期,天津市,渤海10号路与湘江道交口天津港保税区临港生态湿地公园,1,4.20,0,generic_unsplash_fallback,https://images.unsplash.com/photo-1500530855697-b586d89ba3ee?auto=format&fit=crop&w=1200&q=80,https://images.unsplash.com/photo-1500530855697-b586d89ba3ee?auto=format&fit=crop&w=1200&q=80,"{公园,天津市,天津市}"
1321,天津水上公园,天津市,水上公园北路33号,1,4.20,0,generic_unsplash_fallback,https://images.unsplash.com/photo-1500530855697-b586d89ba3ee?auto=format&fit=crop&w=1200&q=80,https://images.unsplash.com/photo-1500530855697-b586d89ba3ee?auto=format&fit=crop&w=1200&q=80,"{国家级景点,天津市,天津市}"
1369,天津泰达航母主题公园,天津市,汉北路269号,1,4.20,0,generic_unsplash_fallback,https://images.unsplash.com/photo-1500530855697-b586d89ba3ee?auto=format&fit=crop&w=1200&q=80,https://images.unsplash.com/photo-1500530855697-b586d89ba3ee?auto=format&fit=crop&w=1200&q=80,"{公园,天津市,天津市}"
1326,天津文化中心海底世界,天津市,友谊路文化中心津悦城B1层(文化中心地铁站F口步行390米),1,4.20,0,generic_unsplash_fallback,https://images.unsplash.com/photo-1469854523086-cc02fe5d8800?auto=format&fit=crop&w=1200&q=80,https://images.unsplash.com/photo-1469854523086-cc02fe5d8800?auto=format&fit=crop&w=1200&q=80,"{水族馆,天津市,天津市}"
1319,天津五大道文化旅游区,天津市,重庆道83号,1,4.20,0,generic_unsplash_fallback,https://images.unsplash.com/photo-1469854523086-cc02fe5d8800?auto=format&fit=crop&w=1200&q=80,https://images.unsplash.com/photo-1469854523086-cc02fe5d8800?auto=format&fit=crop&w=1200&q=80,"{国家级景点,天津市,天津市}"
1354,天津音乐街,天津市,十五经路6号(六纬路地铁站B口步行490米),1,4.20,0,generic_unsplash_fallback,https://images.unsplash.com/photo-1519608487953-e999c86e7455?auto=format&fit=crop&w=1200&q=80,https://images.unsplash.com/photo-1519608487953-e999c86e7455?auto=format&fit=crop&w=1200&q=80,"{特色商业街,天津市,天津市}"
1338,天津之眼,天津市,三岔河口永乐桥上,1,4.20,0,generic_unsplash_fallback,https://images.unsplash.com/photo-1469854523086-cc02fe5d8800?auto=format&fit=crop&w=1200&q=80,https://images.unsplash.com/photo-1469854523086-cc02fe5d8800?auto=format&fit=crop&w=1200&q=80,"{国家级景点,天津市,天津市}"
1322,天塔湖风景区,天津市,卫津南路1号,1,4.20,0,generic_unsplash_fallback,https://images.unsplash.com/photo-1444723121867-7a241cacace9?auto=format&fit=crop&w=1200&q=80,https://images.unsplash.com/photo-1444723121867-7a241cacace9?auto=format&fit=crop&w=1200&q=80,"{国家级景点,天津市,天津市}"
1395,文化公园,天津市,雍阳西道与泉发路交口(泉旺路泉发路间),1,4.20,0,generic_unsplash_fallback,https://images.unsplash.com/photo-1500530855697-b586d89ba3ee?auto=format&fit=crop&w=1200&q=80,https://images.unsplash.com/photo-1500530855697-b586d89ba3ee?auto=format&fit=crop&w=1200&q=80,"{公园,天津市,天津市}"
1337,五大道地标钟,天津市,马场道与睦南道交叉口西南20米,1,4.20,0,generic_unsplash_fallback,https://images.unsplash.com/photo-1469854523086-cc02fe5d8800?auto=format&fit=crop&w=1200&q=80,https://images.unsplash.com/photo-1469854523086-cc02fe5d8800?auto=format&fit=crop&w=1200&q=80,"{风景名胜,天津市,天津市}"
1328,五大道公园,天津市,南京路与新华路交口,1,4.20,0,generic_unsplash_fallback,https://images.unsplash.com/photo-1500530855697-b586d89ba3ee?auto=format&fit=crop&w=1200&q=80,https://images.unsplash.com/photo-1500530855697-b586d89ba3ee?auto=format&fit=crop&w=1200&q=80,"{公园,天津市,天津市}"
1339,五大道文化旅游区-疙瘩楼,天津市,河北路287-289号,1,4.20,0,generic_unsplash_fallback,https://images.unsplash.com/photo-1469854523086-cc02fe5d8800?auto=format&fit=crop&w=1200&q=80,https://images.unsplash.com/photo-1469854523086-cc02fe5d8800?auto=format&fit=crop&w=1200&q=80,"{风景名胜,天津市,天津市}"
1363,五大道文化旅游区-顾维钧旧居,天津市,河北路267号河北路与重庆道路口,1,4.20,0,generic_unsplash_fallback,https://images.unsplash.com/photo-1469854523086-cc02fe5d8800?auto=format&fit=crop&w=1200&q=80,https://images.unsplash.com/photo-1469854523086-cc02fe5d8800?auto=format&fit=crop&w=1200&q=80,"{纪念馆,天津市,天津市}"
1365,五大道文化旅游区-茂根大楼旧址,天津市,常德道121号,1,4.20,0,generic_unsplash_fallback,https://images.unsplash.com/photo-1469854523086-cc02fe5d8800?auto=format&fit=crop&w=1200&q=80,https://images.unsplash.com/photo-1469854523086-cc02fe5d8800?auto=format&fit=crop&w=1200&q=80,"{纪念馆,天津市,天津市}"
1375,西沽公园,天津市,光荣道与红桥北大街交口,1,4.20,0,generic_unsplash_fallback,https://images.unsplash.com/photo-1500530855697-b586d89ba3ee?auto=format&fit=crop&w=1200&q=80,https://images.unsplash.com/photo-1500530855697-b586d89ba3ee?auto=format&fit=crop&w=1200&q=80,"{公园,天津市,天津市}"
1376,西青郊野公园,天津市,精武镇小南河村精武门中华武林园景区园内,1,4.20,0,generic_unsplash_fallback,https://images.unsplash.com/photo-1500530855697-b586d89ba3ee?auto=format&fit=crop&w=1200&q=80,https://images.unsplash.com/photo-1500530855697-b586d89ba3ee?auto=format&fit=crop&w=1200&q=80,"{公园,天津市,天津市}"
1327,小白楼,天津市,南京路(小白楼地铁站A口步行80米),1,4.20,0,generic_unsplash_fallback,https://images.unsplash.com/photo-1469854523086-cc02fe5d8800?auto=format&fit=crop&w=1200&q=80,https://images.unsplash.com/photo-1469854523086-cc02fe5d8800?auto=format&fit=crop&w=1200&q=80,"{旅游景点,天津市,天津市}"
1330,小白楼1902欧式风情街,天津市,开封道小白楼商业区(近滨江购物中心),1,4.20,0,generic_unsplash_fallback,https://images.unsplash.com/photo-1519608487953-e999c86e7455?auto=format&fit=crop&w=1200&q=80,https://images.unsplash.com/photo-1519608487953-e999c86e7455?auto=format&fit=crop&w=1200&q=80,"{旅游景点,天津市,天津市}"
1396,新立郊野公园,天津市,津滨大道以南,1,4.20,0,generic_unsplash_fallback,https://images.unsplash.com/photo-1500530855697-b586d89ba3ee?auto=format&fit=crop&w=1200&q=80,https://images.unsplash.com/photo-1500530855697-b586d89ba3ee?auto=format&fit=crop&w=1200&q=80,"{公园,天津市,天津市}"
1350,张爱玲旧居,天津市,劝业场街道金街(和平路地铁站D口步行430米),1,4.20,0,generic_unsplash_fallback,https://images.unsplash.com/photo-1469854523086-cc02fe5d8800?auto=format&fit=crop&w=1200&q=80,https://images.unsplash.com/photo-1469854523086-cc02fe5d8800?auto=format&fit=crop&w=1200&q=80,"{旅游景点,天津市,天津市}"
1332,张学良故居,天津市,赤峰道78号(和平路地铁站D口步行370米),1,4.20,0,generic_unsplash_fallback,https://images.unsplash.com/photo-1469854523086-cc02fe5d8800?auto=format&fit=crop&w=1200&q=80,https://images.unsplash.com/photo-1469854523086-cc02fe5d8800?auto=format&fit=crop&w=1200&q=80,"{纪念馆,天津市,天津市}"
1336,张园,天津市,鞍山道59号,1,4.20,0,generic_unsplash_fallback,https://images.unsplash.com/photo-1469854523086-cc02fe5d8800?auto=format&fit=crop&w=1200&q=80,https://images.unsplash.com/photo-1469854523086-cc02fe5d8800?auto=format&fit=crop&w=1200&q=80,"{风景名胜,天津市,天津市}"
1383,长虹生态园,天津市,红旗路145号(长虹公园地铁站C口步行130米),1,4.20,0,generic_unsplash_fallback,https://images.unsplash.com/photo-1500530855697-b586d89ba3ee?auto=format&fit=crop&w=1200&q=80,https://images.unsplash.com/photo-1500530855697-b586d89ba3ee?auto=format&fit=crop&w=1200&q=80,"{公园,天津市,天津市}"
1360,中华遗嘱库天津分库,天津市,叠彩道9号1层,1,4.20,0,generic_unsplash_fallback,https://images.unsplash.com/photo-1469854523086-cc02fe5d8800?auto=format&fit=crop&w=1200&q=80,https://images.unsplash.com/photo-1469854523086-cc02fe5d8800?auto=format&fit=crop&w=1200&q=80,"{旅游景点,天津市,天津市}"
1352,中心公园,天津市,花园路(和平路地铁站D口步行170米),1,4.20,0,generic_unsplash_fallback,https://images.unsplash.com/photo-1500530855697-b586d89ba3ee?auto=format&fit=crop&w=1200&q=80,https://images.unsplash.com/photo-1500530855697-b586d89ba3ee?auto=format&fit=crop&w=1200&q=80,"{公园,天津市,天津市}"
1381,中新生态城观澜角公园,天津市,北塘街道海旭道(东堤公园南侧),1,4.20,0,generic_unsplash_fallback,https://images.unsplash.com/photo-1500530855697-b586d89ba3ee?auto=format&fit=crop&w=1200&q=80,https://images.unsplash.com/photo-1500530855697-b586d89ba3ee?auto=format&fit=crop&w=1200&q=80,"{公园,天津市,天津市}"
1382,中新生态城南湾公园,天津市,天津市滨海旅游区永盛路与海文道交汇处东北侧,1,4.20,0,generic_unsplash_fallback,https://images.unsplash.com/photo-1500530855697-b586d89ba3ee?auto=format&fit=crop&w=1200&q=80,https://images.unsplash.com/photo-1500530855697-b586d89ba3ee?auto=format&fit=crop&w=1200&q=80,"{公园,天津市,天津市}"
1346,钟楼,天津市,五大道公园内(东侧),1,4.20,0,generic_unsplash_fallback,https://images.unsplash.com/photo-1469854523086-cc02fe5d8800?auto=format&fit=crop&w=1200&q=80,https://images.unsplash.com/photo-1469854523086-cc02fe5d8800?auto=format&fit=crop&w=1200&q=80,"{旅游景点,天津市,天津市}"
1329,周恩来邓颖超纪念馆,天津市,水上公园西路9号(周邓纪念馆地铁站B口步行60米),1,4.20,0,generic_unsplash_fallback,https://images.unsplash.com/photo-1469854523086-cc02fe5d8800?auto=format&fit=crop&w=1200&q=80,https://images.unsplash.com/photo-1469854523086-cc02fe5d8800?auto=format&fit=crop&w=1200&q=80,"{纪念馆,天津市,天津市}"
2438,八路军驻新疆办事处纪念馆,乌鲁木齐市,胜利路392号,1,4.20,0,generic_unsplash_fallback,https://images.unsplash.com/photo-1469854523086-cc02fe5d8800?auto=format&fit=crop&w=1200&q=80,https://images.unsplash.com/photo-1469854523086-cc02fe5d8800?auto=format&fit=crop&w=1200&q=80,"{纪念馆,乌鲁木齐市,新疆维吾尔自治区}"
2458,伴山繁花,乌鲁木齐市,石矿路1880号,1,4.20,0,generic_unsplash_fallback,https://images.unsplash.com/photo-1469854523086-cc02fe5d8800?auto=format&fit=crop&w=1200&q=80,https://images.unsplash.com/photo-1469854523086-cc02fe5d8800?auto=format&fit=crop&w=1200&q=80,"{风景名胜,乌鲁木齐市,新疆维吾尔自治区}"
2460,柴窝堡湖国家湿地公园,乌鲁木齐市,三一四国道柴窝堡附近,1,4.20,0,generic_unsplash_fallback,https://images.unsplash.com/photo-1500530855697-b586d89ba3ee?auto=format&fit=crop&w=1200&q=80,https://images.unsplash.com/photo-1500530855697-b586d89ba3ee?auto=format&fit=crop&w=1200&q=80,"{公园,乌鲁木齐市,新疆维吾尔自治区}"
2459,大绿谷生态公园,乌鲁木齐市,岳麓山街,1,4.20,0,generic_unsplash_fallback,https://images.unsplash.com/photo-1500530855697-b586d89ba3ee?auto=format&fit=crop&w=1200&q=80,https://images.unsplash.com/photo-1500530855697-b586d89ba3ee?auto=format&fit=crop&w=1200&q=80,"{公园,乌鲁木齐市,新疆维吾尔自治区}"
2472,大寨闸公园,乌鲁木齐市,河滩南路和平渠旁,1,4.20,0,generic_unsplash_fallback,https://images.unsplash.com/photo-1500530855697-b586d89ba3ee?auto=format&fit=crop&w=1200&q=80,https://images.unsplash.com/photo-1500530855697-b586d89ba3ee?auto=format&fit=crop&w=1200&q=80,"{公园,乌鲁木齐市,新疆维吾尔自治区}"
2452,叠翠园,乌鲁木齐市,红山路北一巷40号红山公园内(东侧),1,4.20,0,generic_unsplash_fallback,https://images.unsplash.com/photo-1500530855697-b586d89ba3ee?auto=format&fit=crop&w=1200&q=80,https://images.unsplash.com/photo-1500530855697-b586d89ba3ee?auto=format&fit=crop&w=1200&q=80,"{公园,乌鲁木齐市,新疆维吾尔自治区}"
2468,独好公园,乌鲁木齐市,喀什东路266号,1,4.20,0,generic_unsplash_fallback,https://images.unsplash.com/photo-1500530855697-b586d89ba3ee?auto=format&fit=crop&w=1200&q=80,https://images.unsplash.com/photo-1500530855697-b586d89ba3ee?auto=format&fit=crop&w=1200&q=80,"{公园,乌鲁木齐市,新疆维吾尔自治区}"
2446,观景平台,乌鲁木齐市,新民路街道新民路街道红山路北1巷40号红山公园内(西侧),1,4.20,0,generic_unsplash_fallback,https://images.unsplash.com/photo-1469854523086-cc02fe5d8800?auto=format&fit=crop&w=1200&q=80,https://images.unsplash.com/photo-1469854523086-cc02fe5d8800?auto=format&fit=crop&w=1200&q=80,"{旅游景点,乌鲁木齐市,新疆维吾尔自治区}"
2448,汗腾格里清真寺(不对外开放),乌鲁木齐市,解放南路31号,1,4.20,0,generic_unsplash_fallback,https://images.unsplash.com/photo-1513415756790-2ac1db1297d0?auto=format&fit=crop&w=1200&q=80,https://images.unsplash.com/photo-1513415756790-2ac1db1297d0?auto=format&fit=crop&w=1200&q=80,"{回教寺,乌鲁木齐市,新疆维吾尔自治区}"
2436,红光山大佛,乌鲁木齐市,红光山路1077号,1,4.20,0,generic_unsplash_fallback,https://images.unsplash.com/photo-1469854523086-cc02fe5d8800?auto=format&fit=crop&w=1200&q=80,https://images.unsplash.com/photo-1469854523086-cc02fe5d8800?auto=format&fit=crop&w=1200&q=80,"{旅游景点,乌鲁木齐市,新疆维吾尔自治区}"
2399,红山公园,乌鲁木齐市,红山路北一巷40号,1,4.20,0,generic_unsplash_fallback,https://images.unsplash.com/photo-1500530855697-b586d89ba3ee?auto=format&fit=crop&w=1200&q=80,https://images.unsplash.com/photo-1500530855697-b586d89ba3ee?auto=format&fit=crop&w=1200&q=80,"{公园,乌鲁木齐市,新疆维吾尔自治区}"
2410,红山公园北园,乌鲁木齐市,红山路北一巷40号,1,4.20,0,generic_unsplash_fallback,https://images.unsplash.com/photo-1500530855697-b586d89ba3ee?auto=format&fit=crop&w=1200&q=80,https://images.unsplash.com/photo-1500530855697-b586d89ba3ee?auto=format&fit=crop&w=1200&q=80,"{公园,乌鲁木齐市,新疆维吾尔自治区}"
2450,红山公园长桥苑,乌鲁木齐市,光明路时代广场西侧,1,4.20,0,generic_unsplash_fallback,https://images.unsplash.com/photo-1500530855697-b586d89ba3ee?auto=format&fit=crop&w=1200&q=80,https://images.unsplash.com/photo-1500530855697-b586d89ba3ee?auto=format&fit=crop&w=1200&q=80,"{风景名胜,乌鲁木齐市,新疆维吾尔自治区}"
2442,基督教堂,乌鲁木齐市,明德路120号,1,4.20,0,generic_unsplash_fallback,https://images.unsplash.com/photo-1469854523086-cc02fe5d8800?auto=format&fit=crop&w=1200&q=80,https://images.unsplash.com/photo-1469854523086-cc02fe5d8800?auto=format&fit=crop&w=1200&q=80,"{教堂,乌鲁木齐市,新疆维吾尔自治区}"
2417,俊发红光山植物园,乌鲁木齐市,会展北路与会展大道交叉口东南200米,1,4.20,0,generic_unsplash_fallback,https://images.unsplash.com/photo-1469854523086-cc02fe5d8800?auto=format&fit=crop&w=1200&q=80,https://images.unsplash.com/photo-1469854523086-cc02fe5d8800?auto=format&fit=crop&w=1200&q=80,"{植物园,乌鲁木齐市,新疆维吾尔自治区}"
2405,鲤鱼山公园,乌鲁木齐市,鲤鱼山南路177号,1,4.20,0,generic_unsplash_fallback,https://images.unsplash.com/photo-1500530855697-b586d89ba3ee?auto=format&fit=crop&w=1200&q=80,https://images.unsplash.com/photo-1500530855697-b586d89ba3ee?auto=format&fit=crop&w=1200&q=80,"{公园,乌鲁木齐市,新疆维吾尔自治区}"
2429,毛泽民故居,乌鲁木齐市,明德路29号,1,4.20,0,generic_unsplash_fallback,https://images.unsplash.com/photo-1469854523086-cc02fe5d8800?auto=format&fit=crop&w=1200&q=80,https://images.unsplash.com/photo-1469854523086-cc02fe5d8800?auto=format&fit=crop&w=1200&q=80,"{红色景区,乌鲁木齐市,新疆维吾尔自治区}"
2456,米东区人民公园,乌鲁木齐市,古牧地西路353号,1,4.20,0,generic_unsplash_fallback,https://images.unsplash.com/photo-1500530855697-b586d89ba3ee?auto=format&fit=crop&w=1200&q=80,https://images.unsplash.com/photo-1500530855697-b586d89ba3ee?auto=format&fit=crop&w=1200&q=80,"{公园,乌鲁木齐市,新疆维吾尔自治区}"
2467,米东区文体公园,乌鲁木齐市,轮台东路与裕丰路交叉口南260米,1,4.20,0,generic_unsplash_fallback,https://images.unsplash.com/photo-1500530855697-b586d89ba3ee?auto=format&fit=crop&w=1200&q=80,https://images.unsplash.com/photo-1500530855697-b586d89ba3ee?auto=format&fit=crop&w=1200&q=80,"{公园,乌鲁木齐市,新疆维吾尔自治区}"
2414,南公园,乌鲁木齐市,新华南路1689号,1,4.20,0,generic_unsplash_fallback,https://images.unsplash.com/photo-1500530855697-b586d89ba3ee?auto=format&fit=crop&w=1200&q=80,https://images.unsplash.com/photo-1500530855697-b586d89ba3ee?auto=format&fit=crop&w=1200&q=80,"{公园,乌鲁木齐市,新疆维吾尔自治区}"
2443,南湖清真寺,乌鲁木齐市,南湖东路北五巷97号,1,4.20,0,generic_unsplash_fallback,https://images.unsplash.com/photo-1513415756790-2ac1db1297d0?auto=format&fit=crop&w=1200&q=80,https://images.unsplash.com/photo-1513415756790-2ac1db1297d0?auto=format&fit=crop&w=1200&q=80,"{回教寺,乌鲁木齐市,新疆维吾尔自治区}"
2416,南湖市民广场-南湖绿色广场,乌鲁木齐市,南湖南路186号(近南湖绿色广场),1,4.20,0,generic_unsplash_fallback,https://images.unsplash.com/photo-1444723121867-7a241cacace9?auto=format&fit=crop&w=1200&q=80,https://images.unsplash.com/photo-1444723121867-7a241cacace9?auto=format&fit=crop&w=1200&q=80,"{旅游景点,乌鲁木齐市,新疆维吾尔自治区}"
2455,南山国家森林公园,乌鲁木齐市,023县道,1,4.20,0,generic_unsplash_fallback,https://images.unsplash.com/photo-1500530855697-b586d89ba3ee?auto=format&fit=crop&w=1200&q=80,https://images.unsplash.com/photo-1500530855697-b586d89ba3ee?auto=format&fit=crop&w=1200&q=80,"{公园,乌鲁木齐市,新疆维吾尔自治区}"
2462,南山海世界海洋公园,乌鲁木齐市,水西沟镇南和路18号闲来小镇北广场,1,4.20,0,generic_unsplash_fallback,https://images.unsplash.com/photo-1500530855697-b586d89ba3ee?auto=format&fit=crop&w=1200&q=80,https://images.unsplash.com/photo-1500530855697-b586d89ba3ee?auto=format&fit=crop&w=1200&q=80,"{水族馆,乌鲁木齐市,新疆维吾尔自治区}"
2437,农大四合院,乌鲁木齐市,八一街道南昌路42号,1,4.20,0,generic_unsplash_fallback,https://images.unsplash.com/photo-1469854523086-cc02fe5d8800?auto=format&fit=crop&w=1200&q=80,https://images.unsplash.com/photo-1469854523086-cc02fe5d8800?auto=format&fit=crop&w=1200&q=80,"{旅游景点,乌鲁木齐市,新疆维吾尔自治区}"
2424,平顶山公园,乌鲁木齐市,阿勒泰路西一巷与阿勒泰路辅路交叉口西440米,1,4.20,0,generic_unsplash_fallback,https://images.unsplash.com/photo-1500530855697-b586d89ba3ee?auto=format&fit=crop&w=1200&q=80,https://images.unsplash.com/photo-1500530855697-b586d89ba3ee?auto=format&fit=crop&w=1200&q=80,"{风景名胜,乌鲁木齐市,新疆维吾尔自治区}"
2447,青海大寺,乌鲁木齐市,和平南路263号,1,4.20,0,generic_unsplash_fallback,https://images.unsplash.com/photo-1513415756790-2ac1db1297d0?auto=format&fit=crop&w=1200&q=80,https://images.unsplash.com/photo-1513415756790-2ac1db1297d0?auto=format&fit=crop&w=1200&q=80,"{寺庙道观,乌鲁木齐市,新疆维吾尔自治区}"
2449,清泉禅寺-山门,乌鲁木齐市,水磨沟风景区-清泉寺内(西北角),1,4.20,0,generic_unsplash_fallback,https://images.unsplash.com/photo-1513415756790-2ac1db1297d0?auto=format&fit=crop&w=1200&q=80,https://images.unsplash.com/photo-1513415756790-2ac1db1297d0?auto=format&fit=crop&w=1200&q=80,"{旅游景点,乌鲁木齐市,新疆维吾尔自治区}"
2402,人民公园,乌鲁木齐市,友好南路3号,1,4.20,0,generic_unsplash_fallback,https://images.unsplash.com/photo-1500530855697-b586d89ba3ee?auto=format&fit=crop&w=1200&q=80,https://images.unsplash.com/photo-1500530855697-b586d89ba3ee?auto=format&fit=crop&w=1200&q=80,"{公园,乌鲁木齐市,新疆维吾尔自治区}"
2453,人民公园李白雕塑,乌鲁木齐市,人民公园朝阳阁前,1,4.20,0,generic_unsplash_fallback,https://images.unsplash.com/photo-1500530855697-b586d89ba3ee?auto=format&fit=crop&w=1200&q=80,https://images.unsplash.com/photo-1500530855697-b586d89ba3ee?auto=format&fit=crop&w=1200&q=80,"{旅游景点,乌鲁木齐市,新疆维吾尔自治区}"
2407,人民广场,乌鲁木齐市,东风路与和平北路交叉口,1,4.20,0,generic_unsplash_fallback,https://images.unsplash.com/photo-1444723121867-7a241cacace9?auto=format&fit=crop&w=1200&q=80,https://images.unsplash.com/photo-1444723121867-7a241cacace9?auto=format&fit=crop&w=1200&q=80,"{城市广场,乌鲁木齐市,新疆维吾尔自治区}"
2471,三角地小游园,乌鲁木齐市,三角地步行区西南侧210米,1,4.20,0,generic_unsplash_fallback,https://images.unsplash.com/photo-1500530855697-b586d89ba3ee?auto=format&fit=crop&w=1200&q=80,https://images.unsplash.com/photo-1500530855697-b586d89ba3ee?auto=format&fit=crop&w=1200&q=80,"{公园,乌鲁木齐市,新疆维吾尔自治区}"
2470,三坪草莓主题公园,乌鲁木齐市,G3003乌鲁木齐绕城高速与三坪互通交叉口西320米,1,4.20,0,generic_unsplash_fallback,https://images.unsplash.com/photo-1500530855697-b586d89ba3ee?auto=format&fit=crop&w=1200&q=80,https://images.unsplash.com/photo-1500530855697-b586d89ba3ee?auto=format&fit=crop&w=1200&q=80,"{公园,乌鲁木齐市,新疆维吾尔自治区}"
2434,陕西大寺,乌鲁木齐市,永和正街17号,1,4.20,0,generic_unsplash_fallback,https://images.unsplash.com/photo-1513415756790-2ac1db1297d0?auto=format&fit=crop&w=1200&q=80,https://images.unsplash.com/photo-1513415756790-2ac1db1297d0?auto=format&fit=crop&w=1200&q=80,"{回教寺,乌鲁木齐市,新疆维吾尔自治区}"
2464,十七户湿地公园,乌鲁木齐市,十七户路与燕儿窝路交汇处东侧,1,4.20,0,generic_unsplash_fallback,https://images.unsplash.com/photo-1500530855697-b586d89ba3ee?auto=format&fit=crop&w=1200&q=80,https://images.unsplash.com/photo-1500530855697-b586d89ba3ee?auto=format&fit=crop&w=1200&q=80,"{公园,乌鲁木齐市,新疆维吾尔自治区}"
2463,石化公园,乌鲁木齐市,石化大庆路,1,4.20,0,generic_unsplash_fallback,https://images.unsplash.com/photo-1500530855697-b586d89ba3ee?auto=format&fit=crop&w=1200&q=80,https://images.unsplash.com/photo-1500530855697-b586d89ba3ee?auto=format&fit=crop&w=1200&q=80,"{公园,乌鲁木齐市,新疆维吾尔自治区}"
2400,水磨沟风景区,乌鲁木齐市,水磨沟路472号,1,4.20,0,generic_unsplash_fallback,https://images.unsplash.com/photo-1469854523086-cc02fe5d8800?auto=format&fit=crop&w=1200&q=80,https://images.unsplash.com/photo-1469854523086-cc02fe5d8800?auto=format&fit=crop&w=1200&q=80,"{国家级景点,乌鲁木齐市,新疆维吾尔自治区}"
2420,水磨河滨河景观带,乌鲁木齐市,沿河路与沿河路东一巷交叉口西北240米,1,4.20,0,generic_unsplash_fallback,https://images.unsplash.com/photo-1500530855697-b586d89ba3ee?auto=format&fit=crop&w=1200&q=80,https://images.unsplash.com/photo-1500530855697-b586d89ba3ee?auto=format&fit=crop&w=1200&q=80,"{公园,乌鲁木齐市,新疆维吾尔自治区}"
2473,水磨河景观带公园,乌鲁木齐市,万科·朗润园附近,1,4.20,0,generic_unsplash_fallback,https://images.unsplash.com/photo-1500530855697-b586d89ba3ee?auto=format&fit=crop&w=1200&q=80,https://images.unsplash.com/photo-1500530855697-b586d89ba3ee?auto=format&fit=crop&w=1200&q=80,"{公园,乌鲁木齐市,新疆维吾尔自治区}"
2412,水上乐园,乌鲁木齐市,燕儿窝路4号,1,4.20,0,generic_unsplash_fallback,https://images.unsplash.com/photo-1469854523086-cc02fe5d8800?auto=format&fit=crop&w=1200&q=80,https://images.unsplash.com/photo-1469854523086-cc02fe5d8800?auto=format&fit=crop&w=1200&q=80,"{旅游景点,乌鲁木齐市,新疆维吾尔自治区}"
2404,水塔山公园,乌鲁木齐市,温泉西路南一巷与塔山十巷交叉口南340米,1,4.20,0,generic_unsplash_fallback,https://images.unsplash.com/photo-1500530855697-b586d89ba3ee?auto=format&fit=crop&w=1200&q=80,https://images.unsplash.com/photo-1500530855697-b586d89ba3ee?auto=format&fit=crop&w=1200&q=80,"{公园,乌鲁木齐市,新疆维吾尔自治区}"
2444,天成广场,乌鲁木齐市,万宴城(南门地铁站A西北口步行220米),1,4.20,0,generic_unsplash_fallback,https://images.unsplash.com/photo-1444723121867-7a241cacace9?auto=format&fit=crop&w=1200&q=80,https://images.unsplash.com/photo-1444723121867-7a241cacace9?auto=format&fit=crop&w=1200&q=80,"{城市广场,乌鲁木齐市,新疆维吾尔自治区}"
2469,天山国家森林公园,乌鲁木齐市,柏杨河乡原始部落自助烧烤东侧180米,1,4.20,0,generic_unsplash_fallback,https://images.unsplash.com/photo-1500530855697-b586d89ba3ee?auto=format&fit=crop&w=1200&q=80,https://images.unsplash.com/photo-1500530855697-b586d89ba3ee?auto=format&fit=crop&w=1200&q=80,"{动物园,乌鲁木齐市,新疆维吾尔自治区}"
2425,天山明月城,乌鲁木齐市,八道湾街道腾汇三路186号,1,4.20,0,generic_unsplash_fallback,https://images.unsplash.com/photo-1469854523086-cc02fe5d8800?auto=format&fit=crop&w=1200&q=80,https://images.unsplash.com/photo-1469854523086-cc02fe5d8800?auto=format&fit=crop&w=1200&q=80,"{旅游景点,乌鲁木齐市,新疆维吾尔自治区}"
2465,铁路花园,乌鲁木齐市,铁路局河南西路,1,4.20,0,generic_unsplash_fallback,https://images.unsplash.com/photo-1500530855697-b586d89ba3ee?auto=format&fit=crop&w=1200&q=80,https://images.unsplash.com/photo-1500530855697-b586d89ba3ee?auto=format&fit=crop&w=1200&q=80,"{公园,乌鲁木齐市,新疆维吾尔自治区}"
2466,头屯河谷森林公园,乌鲁木齐市,环湖路与锦绣街交叉口北220米,1,4.20,0,generic_unsplash_fallback,https://images.unsplash.com/photo-1500530855697-b586d89ba3ee?auto=format&fit=crop&w=1200&q=80,https://images.unsplash.com/photo-1500530855697-b586d89ba3ee?auto=format&fit=crop&w=1200&q=80,"{公园,乌鲁木齐市,新疆维吾尔自治区}"
2457,头屯河谷森林公园中心广场,乌鲁木齐市,兵团第十二师五一农场万亩绿心,1,4.20,0,generic_unsplash_fallback,https://images.unsplash.com/photo-1500530855697-b586d89ba3ee?auto=format&fit=crop&w=1200&q=80,https://images.unsplash.com/photo-1500530855697-b586d89ba3ee?auto=format&fit=crop&w=1200&q=80,"{公园广场,乌鲁木齐市,新疆维吾尔自治区}"
2432,卫星广场,乌鲁木齐市,中亚南路与卫星路交汇处北侧路东,1,4.20,0,generic_unsplash_fallback,https://images.unsplash.com/photo-1444723121867-7a241cacace9?auto=format&fit=crop&w=1200&q=80,https://images.unsplash.com/photo-1444723121867-7a241cacace9?auto=format&fit=crop&w=1200&q=80,"{城市广场,乌鲁木齐市,新疆维吾尔自治区}"
2441,文昌阁,乌鲁木齐市,春风巷5号,1,4.20,0,generic_unsplash_fallback,https://images.unsplash.com/photo-1469854523086-cc02fe5d8800?auto=format&fit=crop&w=1200&q=80,https://images.unsplash.com/photo-1469854523086-cc02fe5d8800?auto=format&fit=crop&w=1200&q=80,"{风景名胜,乌鲁木齐市,新疆维吾尔自治区}"
2413,文庙,乌鲁木齐市,前进路231号,1,4.20,0,generic_unsplash_fallback,https://images.unsplash.com/photo-1513415756790-2ac1db1297d0?auto=format&fit=crop&w=1200&q=80,https://images.unsplash.com/photo-1513415756790-2ac1db1297d0?auto=format&fit=crop&w=1200&q=80,"{寺庙道观,乌鲁木齐市,新疆维吾尔自治区}"
2422,乌鲁木齐海洋馆,乌鲁木齐市,赛马场街道燕尔窝路2号,1,4.20,0,generic_unsplash_fallback,https://images.unsplash.com/photo-1469854523086-cc02fe5d8800?auto=format&fit=crop&w=1200&q=80,https://images.unsplash.com/photo-1469854523086-cc02fe5d8800?auto=format&fit=crop&w=1200&q=80,"{水族馆,乌鲁木齐市,新疆维吾尔自治区}"
2401,乌鲁木齐市儿童公园,乌鲁木齐市,友好北路29号,1,4.20,0,generic_unsplash_fallback,https://images.unsplash.com/photo-1500530855697-b586d89ba3ee?auto=format&fit=crop&w=1200&q=80,https://images.unsplash.com/photo-1500530855697-b586d89ba3ee?auto=format&fit=crop&w=1200&q=80,"{公园,乌鲁木齐市,新疆维吾尔自治区}"
2411,乌鲁木齐市红光山大佛寺,乌鲁木齐市,米东南路红光山路1077号,1,4.20,0,generic_unsplash_fallback,https://images.unsplash.com/photo-1513415756790-2ac1db1297d0?auto=format&fit=crop&w=1200&q=80,https://images.unsplash.com/photo-1513415756790-2ac1db1297d0?auto=format&fit=crop&w=1200&q=80,"{寺庙道观,乌鲁木齐市,新疆维吾尔自治区}"
2454,乌鲁木齐市苜蓿台生态公园,乌鲁木齐市,103省道,1,4.20,0,generic_unsplash_fallback,https://images.unsplash.com/photo-1500530855697-b586d89ba3ee?auto=format&fit=crop&w=1200&q=80,https://images.unsplash.com/photo-1500530855697-b586d89ba3ee?auto=format&fit=crop&w=1200&q=80,"{国家级景点,乌鲁木齐市,新疆维吾尔自治区}"
2415,乌鲁木齐市植物园,乌鲁木齐市,北京中路916号,1,4.20,0,generic_unsplash_fallback,https://images.unsplash.com/photo-1469854523086-cc02fe5d8800?auto=format&fit=crop&w=1200&q=80,https://images.unsplash.com/photo-1469854523086-cc02fe5d8800?auto=format&fit=crop&w=1200&q=80,"{植物园,乌鲁木齐市,新疆维吾尔自治区}"
2427,小绿谷公园,乌鲁木齐市,万寿山街和大明湖路交汇处,1,4.20,0,generic_unsplash_fallback,https://images.unsplash.com/photo-1500530855697-b586d89ba3ee?auto=format&fit=crop&w=1200&q=80,https://images.unsplash.com/photo-1500530855697-b586d89ba3ee?auto=format&fit=crop&w=1200&q=80,"{公园,乌鲁木齐市,新疆维吾尔自治区}"
2418,新疆古生态园,乌鲁木齐市,昆明路158号野马大厦后鲤鱼山上,1,4.20,0,generic_unsplash_fallback,https://images.unsplash.com/photo-1469854523086-cc02fe5d8800?auto=format&fit=crop&w=1200&q=80,https://images.unsplash.com/photo-1469854523086-cc02fe5d8800?auto=format&fit=crop&w=1200&q=80,"{风景名胜,乌鲁木齐市,新疆维吾尔自治区}"
2426,新疆古生态园汗血马基地,乌鲁木齐市,新疆古生态园(西南角),1,4.20,0,generic_unsplash_fallback,https://images.unsplash.com/photo-1469854523086-cc02fe5d8800?auto=format&fit=crop&w=1200&q=80,https://images.unsplash.com/photo-1469854523086-cc02fe5d8800?auto=format&fit=crop&w=1200&q=80,"{旅游景点,乌鲁木齐市,新疆维吾尔自治区}"
2403,新疆国际大巴扎,乌鲁木齐市,解放南路518号,1,4.20,0,generic_unsplash_fallback,https://images.unsplash.com/photo-1469854523086-cc02fe5d8800?auto=format&fit=crop&w=1200&q=80,https://images.unsplash.com/photo-1469854523086-cc02fe5d8800?auto=format&fit=crop&w=1200&q=80,"{服装鞋帽皮具店,乌鲁木齐市,新疆维吾尔自治区}"
2406,新疆民街,乌鲁木齐市,龙泉街349号,1,4.20,0,generic_unsplash_fallback,https://images.unsplash.com/photo-1519608487953-e999c86e7455?auto=format&fit=crop&w=1200&q=80,https://images.unsplash.com/photo-1519608487953-e999c86e7455?auto=format&fit=crop&w=1200&q=80,"{国家级景点,乌鲁木齐市,新疆维吾尔自治区}"
2408,新疆人民剧场,乌鲁木齐市,建中路2号,1,4.20,0,generic_unsplash_fallback,https://images.unsplash.com/photo-1469854523086-cc02fe5d8800?auto=format&fit=crop&w=1200&q=80,https://images.unsplash.com/photo-1469854523086-cc02fe5d8800?auto=format&fit=crop&w=1200&q=80,"{旅游景点,乌鲁木齐市,新疆维吾尔自治区}"
2440,新疆赛里木湖直升机高空跳伞基地,乌鲁木齐市,克拉玛依东街辅路与友好北路交叉口东南100米,1,4.20,0,generic_unsplash_fallback,https://images.unsplash.com/photo-1469854523086-cc02fe5d8800?auto=format&fit=crop&w=1200&q=80,https://images.unsplash.com/photo-1469854523086-cc02fe5d8800?auto=format&fit=crop&w=1200&q=80,"{旅游景点,乌鲁木齐市,新疆维吾尔自治区}"
2431,雅玛里克山森林公园-观景台,乌鲁木齐市,宝塔路雅玛里克山森林公园,1,4.20,0,generic_unsplash_fallback,https://images.unsplash.com/photo-1500530855697-b586d89ba3ee?auto=format&fit=crop&w=1200&q=80,https://images.unsplash.com/photo-1500530855697-b586d89ba3ee?auto=format&fit=crop&w=1200&q=80,"{观景点,乌鲁木齐市,新疆维吾尔自治区}"
2428,雅玛里克山森林公园-久久世纪亭,乌鲁木齐市,宝塔路雅玛里克山森林公园内(西侧),1,4.20,0,generic_unsplash_fallback,https://images.unsplash.com/photo-1500530855697-b586d89ba3ee?auto=format&fit=crop&w=1200&q=80,https://images.unsplash.com/photo-1500530855697-b586d89ba3ee?auto=format&fit=crop&w=1200&q=80,"{旅游景点,乌鲁木齐市,新疆维吾尔自治区}"
2430,雅玛里克山森林公园-妖魔山,乌鲁木齐市,雅玛里克山街道宝塔路雅玛里克山森林公园内(西侧),1,4.20,0,generic_unsplash_fallback,https://images.unsplash.com/photo-1500530855697-b586d89ba3ee?auto=format&fit=crop&w=1200&q=80,https://images.unsplash.com/photo-1500530855697-b586d89ba3ee?auto=format&fit=crop&w=1200&q=80,"{旅游景点,乌鲁木齐市,新疆维吾尔自治区}"
2409,一炮成功,乌鲁木齐市,水磨沟风景区内(西南角),1,4.20,0,generic_unsplash_fallback,https://images.unsplash.com/photo-1469854523086-cc02fe5d8800?auto=format&fit=crop&w=1200&q=80,https://images.unsplash.com/photo-1469854523086-cc02fe5d8800?auto=format&fit=crop&w=1200&q=80,"{风景名胜,乌鲁木齐市,新疆维吾尔自治区}"
2439,中国工农红军西路军总支队纪念馆,乌鲁木齐市,西后街37号,1,4.20,0,generic_unsplash_fallback,https://images.unsplash.com/photo-1469854523086-cc02fe5d8800?auto=format&fit=crop&w=1200&q=80,https://images.unsplash.com/photo-1469854523086-cc02fe5d8800?auto=format&fit=crop&w=1200&q=80,"{红色景区,乌鲁木齐市,新疆维吾尔自治区}"
867,八·七会议会址,武汉市,鄱阳街139号,1,4.20,0,generic_unsplash_fallback,https://images.unsplash.com/photo-1469854523086-cc02fe5d8800?auto=format&fit=crop&w=1200&q=80,https://images.unsplash.com/photo-1469854523086-cc02fe5d8800?auto=format&fit=crop&w=1200&q=80,"{纪念馆,武汉市,湖北省}"
849,巴公房子,武汉市,大智街办事处洞庭街73号,1,4.20,0,generic_unsplash_fallback,https://images.unsplash.com/photo-1469854523086-cc02fe5d8800?auto=format&fit=crop&w=1200&q=80,https://images.unsplash.com/photo-1469854523086-cc02fe5d8800?auto=format&fit=crop&w=1200&q=80,"{风景名胜,武汉市,湖北省}"
870,宝岛公园,武汉市,台北二路,1,4.20,0,generic_unsplash_fallback,https://images.unsplash.com/photo-1500530855697-b586d89ba3ee?auto=format&fit=crop&w=1200&q=80,https://images.unsplash.com/photo-1500530855697-b586d89ba3ee?auto=format&fit=crop&w=1200&q=80,"{公园,武汉市,湖北省}"
905,大禹神话园,武汉市,滨江大道江滩19号,1,4.20,0,generic_unsplash_fallback,https://images.unsplash.com/photo-1500530855697-b586d89ba3ee?auto=format&fit=crop&w=1200&q=80,https://images.unsplash.com/photo-1500530855697-b586d89ba3ee?auto=format&fit=crop&w=1200&q=80,"{公园,武汉市,湖北省}"
903,堤角公园,武汉市,解放大道2060号(近轻轨1号线堤角站),1,4.20,0,generic_unsplash_fallback,https://images.unsplash.com/photo-1500530855697-b586d89ba3ee?auto=format&fit=crop&w=1200&q=80,https://images.unsplash.com/photo-1500530855697-b586d89ba3ee?auto=format&fit=crop&w=1200&q=80,"{公园,武汉市,湖北省}"
911,东西湖极地海洋公园,武汉市,金银潭大道72号,1,4.20,0,generic_unsplash_fallback,https://images.unsplash.com/photo-1500530855697-b586d89ba3ee?auto=format&fit=crop&w=1200&q=80,https://images.unsplash.com/photo-1500530855697-b586d89ba3ee?auto=format&fit=crop&w=1200&q=80,"{公园,武汉市,湖北省}"
888,古德寺(宗教活动场所),武汉市,工农兵路24号,1,4.20,0,generic_unsplash_fallback,https://images.unsplash.com/photo-1513415756790-2ac1db1297d0?auto=format&fit=crop&w=1200&q=80,https://images.unsplash.com/photo-1513415756790-2ac1db1297d0?auto=format&fit=crop&w=1200&q=80,"{寺庙道观,武汉市,湖北省}"
886,古琴号游船,武汉市,沿江大道武汉港20号码头,1,4.20,0,generic_unsplash_fallback,https://images.unsplash.com/photo-1469854523086-cc02fe5d8800?auto=format&fit=crop&w=1200&q=80,https://images.unsplash.com/photo-1469854523086-cc02fe5d8800?auto=format&fit=crop&w=1200&q=80,"{旅游景点,武汉市,湖北省}"
882,古琴台,武汉市,琴台大道10号,1,4.20,0,generic_unsplash_fallback,https://images.unsplash.com/photo-1469854523086-cc02fe5d8800?auto=format&fit=crop&w=1200&q=80,https://images.unsplash.com/photo-1469854523086-cc02fe5d8800?auto=format&fit=crop&w=1200&q=80,"{风景名胜,武汉市,湖北省}"
885,归元禅寺,武汉市,归元寺路20号,1,4.20,0,generic_unsplash_fallback,https://images.unsplash.com/photo-1513415756790-2ac1db1297d0?auto=format&fit=crop&w=1200&q=80,https://images.unsplash.com/photo-1513415756790-2ac1db1297d0?auto=format&fit=crop&w=1200&q=80,"{寺庙道观,武汉市,湖北省}"
871,龟山风景区,武汉市,晴川街道龟山北路5号,1,4.20,0,generic_unsplash_fallback,https://images.unsplash.com/photo-1469854523086-cc02fe5d8800?auto=format&fit=crop&w=1200&q=80,https://images.unsplash.com/photo-1469854523086-cc02fe5d8800?auto=format&fit=crop&w=1200&q=80,"{风景名胜,武汉市,湖北省}"
901,海合安武汉极地海洋度假区,武汉市,金银潭大道96号,1,4.20,0,generic_unsplash_fallback,https://images.unsplash.com/photo-1469854523086-cc02fe5d8800?auto=format&fit=crop&w=1200&q=80,https://images.unsplash.com/photo-1469854523086-cc02fe5d8800?auto=format&fit=crop&w=1200&q=80,"{水族馆,武汉市,湖北省}"
868,汉口德国领事馆旧址,武汉市,沿江大道188号,1,4.20,0,generic_unsplash_fallback,https://images.unsplash.com/photo-1469854523086-cc02fe5d8800?auto=format&fit=crop&w=1200&q=80,https://images.unsplash.com/photo-1469854523086-cc02fe5d8800?auto=format&fit=crop&w=1200&q=80,"{旅游景点,武汉市,湖北省}"
892,汉口东正教堂,武汉市,鄱阳街48号,1,4.20,0,generic_unsplash_fallback,https://images.unsplash.com/photo-1469854523086-cc02fe5d8800?auto=format&fit=crop&w=1200&q=80,https://images.unsplash.com/photo-1469854523086-cc02fe5d8800?auto=format&fit=crop&w=1200&q=80,"{教堂,武汉市,湖北省}"
893,汉口汇丰银行大楼,武汉市,一元街办事处沿江大道143号汉口,1,4.20,0,generic_unsplash_fallback,https://images.unsplash.com/photo-1469854523086-cc02fe5d8800?auto=format&fit=crop&w=1200&q=80,https://images.unsplash.com/photo-1469854523086-cc02fe5d8800?auto=format&fit=crop&w=1200&q=80,"{风景名胜,武汉市,湖北省}"
848,汉口江滩,武汉市,江滩大道1号,1,4.20,0,generic_unsplash_fallback,https://images.unsplash.com/photo-1500530855697-b586d89ba3ee?auto=format&fit=crop&w=1200&q=80,https://images.unsplash.com/photo-1500530855697-b586d89ba3ee?auto=format&fit=crop&w=1200&q=80,"{公园,武汉市,湖北省}"
859,汉口江滩2期,武汉市,江滩大道1号汉口江滩,1,4.20,0,generic_unsplash_fallback,https://images.unsplash.com/photo-1500530855697-b586d89ba3ee?auto=format&fit=crop&w=1200&q=80,https://images.unsplash.com/photo-1500530855697-b586d89ba3ee?auto=format&fit=crop&w=1200&q=80,"{公园,武汉市,湖北省}"
884,汉口江滩3期,武汉市,沿江大道滨江苑一期近60路车站,1,4.20,0,generic_unsplash_fallback,https://images.unsplash.com/photo-1500530855697-b586d89ba3ee?auto=format&fit=crop&w=1200&q=80,https://images.unsplash.com/photo-1500530855697-b586d89ba3ee?auto=format&fit=crop&w=1200&q=80,"{公园,武汉市,湖北省}"
864,汉口江滩三阳广场,武汉市,三阳路30号,1,4.20,0,generic_unsplash_fallback,https://images.unsplash.com/photo-1444723121867-7a241cacace9?auto=format&fit=crop&w=1200&q=80,https://images.unsplash.com/photo-1444723121867-7a241cacace9?auto=format&fit=crop&w=1200&q=80,"{城市广场,武汉市,湖北省}"
895,汉口历史文化风貌区,武汉市,吉庆民俗街05-105号,1,4.20,0,generic_unsplash_fallback,https://images.unsplash.com/photo-1469854523086-cc02fe5d8800?auto=format&fit=crop&w=1200&q=80,https://images.unsplash.com/photo-1469854523086-cc02fe5d8800?auto=format&fit=crop&w=1200&q=80,"{旅游景点,武汉市,湖北省}"
875,汉口水塔,武汉市,前进五路2附4号(江汉路地铁站G口步行80米),1,4.20,0,generic_unsplash_fallback,https://images.unsplash.com/photo-1444723121867-7a241cacace9?auto=format&fit=crop&w=1200&q=80,https://images.unsplash.com/photo-1444723121867-7a241cacace9?auto=format&fit=crop&w=1200&q=80,"{风景名胜,武汉市,湖北省}"
880,汉阳江滩,武汉市,滨江大道15号,1,4.20,0,generic_unsplash_fallback,https://images.unsplash.com/photo-1500530855697-b586d89ba3ee?auto=format&fit=crop&w=1200&q=80,https://images.unsplash.com/photo-1500530855697-b586d89ba3ee?auto=format&fit=crop&w=1200&q=80,"{公园,武汉市,湖北省}"
918,洪山江滩,武汉市,武金堤大道与白沙二路交叉口西200米,1,4.20,0,generic_unsplash_fallback,https://images.unsplash.com/photo-1500530855697-b586d89ba3ee?auto=format&fit=crop&w=1200&q=80,https://images.unsplash.com/photo-1500530855697-b586d89ba3ee?auto=format&fit=crop&w=1200&q=80,"{公园,武汉市,湖北省}"
914,后官湖国家湿地公园,武汉市,彭家山头58号,1,4.20,0,generic_unsplash_fallback,https://images.unsplash.com/photo-1500530855697-b586d89ba3ee?auto=format&fit=crop&w=1200&q=80,https://images.unsplash.com/photo-1500530855697-b586d89ba3ee?auto=format&fit=crop&w=1200&q=80,"{公园,武汉市,湖北省}"
856,黄鹤楼,武汉市,蛇山西山坡特1号(地铁司门口黄鹤楼站A出口步行500m),1,4.20,0,generic_unsplash_fallback,https://images.unsplash.com/photo-1469854523086-cc02fe5d8800?auto=format&fit=crop&w=1200&q=80,https://images.unsplash.com/photo-1469854523086-cc02fe5d8800?auto=format&fit=crop&w=1200&q=80,"{国家级景点,武汉市,湖北省}"
855,黄鹤楼公园,武汉市,蛇山西山坡特1号,1,4.20,0,generic_unsplash_fallback,https://images.unsplash.com/photo-1500530855697-b586d89ba3ee?auto=format&fit=crop&w=1200&q=80,https://images.unsplash.com/photo-1500530855697-b586d89ba3ee?auto=format&fit=crop&w=1200&q=80,"{旅游景点,武汉市,湖北省}"
853,江汉关大楼,武汉市,民生路与花楼街交叉口东100米,1,4.20,0,generic_unsplash_fallback,https://images.unsplash.com/photo-1469854523086-cc02fe5d8800?auto=format&fit=crop&w=1200&q=80,https://images.unsplash.com/photo-1469854523086-cc02fe5d8800?auto=format&fit=crop&w=1200&q=80,"{风景名胜,武汉市,湖北省}"
861,江汉关钟楼,武汉市,花楼街道沿江大道129号,1,4.20,0,generic_unsplash_fallback,https://images.unsplash.com/photo-1469854523086-cc02fe5d8800?auto=format&fit=crop&w=1200&q=80,https://images.unsplash.com/photo-1469854523086-cc02fe5d8800?auto=format&fit=crop&w=1200&q=80,"{旅游景点,武汉市,湖北省}"
921,江夏中央大公园,武汉市,文化大道与金龙大街交叉口西北角,1,4.20,0,generic_unsplash_fallback,https://images.unsplash.com/photo-1500530855697-b586d89ba3ee?auto=format&fit=crop&w=1200&q=80,https://images.unsplash.com/photo-1500530855697-b586d89ba3ee?auto=format&fit=crop&w=1200&q=80,"{公园,武汉市,湖北省}"
851,解放公园,武汉市,解放大道1861号,1,4.20,0,generic_unsplash_fallback,https://images.unsplash.com/photo-1500530855697-b586d89ba3ee?auto=format&fit=crop&w=1200&q=80,https://images.unsplash.com/photo-1500530855697-b586d89ba3ee?auto=format&fit=crop&w=1200&q=80,"{公园,武汉市,湖北省}"
916,金银湖国家城市湿地公园,武汉市,金山大道,1,4.20,0,generic_unsplash_fallback,https://images.unsplash.com/photo-1500530855697-b586d89ba3ee?auto=format&fit=crop&w=1200&q=80,https://images.unsplash.com/photo-1500530855697-b586d89ba3ee?auto=format&fit=crop&w=1200&q=80,"{公园,武汉市,湖北省}"
904,九峰国家森林公园,武汉市,森林大道196号,1,4.20,0,generic_unsplash_fallback,https://images.unsplash.com/photo-1500530855697-b586d89ba3ee?auto=format&fit=crop&w=1200&q=80,https://images.unsplash.com/photo-1500530855697-b586d89ba3ee?auto=format&fit=crop&w=1200&q=80,"{公园,武汉市,湖北省}"
907,龙灵山生态公园,武汉市,通顺河大道及军山第一大道交汇处,1,4.20,0,generic_unsplash_fallback,https://images.unsplash.com/photo-1500530855697-b586d89ba3ee?auto=format&fit=crop&w=1200&q=80,https://images.unsplash.com/photo-1500530855697-b586d89ba3ee?auto=format&fit=crop&w=1200&q=80,"{风景名胜,武汉市,湖北省}"
894,龙王庙公园,武汉市,大兴路78号,1,4.20,0,generic_unsplash_fallback,https://images.unsplash.com/photo-1500530855697-b586d89ba3ee?auto=format&fit=crop&w=1200&q=80,https://images.unsplash.com/photo-1500530855697-b586d89ba3ee?auto=format&fit=crop&w=1200&q=80,"{公园,武汉市,湖北省}"
909,墨水湖公园,武汉市,芳草路11号,1,4.20,0,generic_unsplash_fallback,https://images.unsplash.com/photo-1500530855697-b586d89ba3ee?auto=format&fit=crop&w=1200&q=80,https://images.unsplash.com/photo-1500530855697-b586d89ba3ee?auto=format&fit=crop&w=1200&q=80,"{公园,武汉市,湖北省}"
900,木兰山风景区,武汉市,胜景大道77号,1,4.20,0,generic_unsplash_fallback,https://images.unsplash.com/photo-1469854523086-cc02fe5d8800?auto=format&fit=crop&w=1200&q=80,https://images.unsplash.com/photo-1469854523086-cc02fe5d8800?auto=format&fit=crop&w=1200&q=80,"{国家级景点,武汉市,湖北省}"
898,木兰云雾山景区,武汉市,西北部泡桐店境内,1,4.20,0,generic_unsplash_fallback,https://images.unsplash.com/photo-1469854523086-cc02fe5d8800?auto=format&fit=crop&w=1200&q=80,https://images.unsplash.com/photo-1469854523086-cc02fe5d8800?auto=format&fit=crop&w=1200&q=80,"{国家级景点,武汉市,湖北省}"
887,南岸嘴江滩公园,武汉市,晴川大道南岸嘴沿江(晴川桥),1,4.20,0,generic_unsplash_fallback,https://images.unsplash.com/photo-1500530855697-b586d89ba3ee?auto=format&fit=crop&w=1200&q=80,https://images.unsplash.com/photo-1500530855697-b586d89ba3ee?auto=format&fit=crop&w=1200&q=80,"{公园,武汉市,湖北省}"
913,盘龙城国家考古遗址公园,武汉市,盘龙城经济开发区盘龙城经济开发区盘龙大道特一号,1,4.20,0,generic_unsplash_fallback,https://images.unsplash.com/photo-1500530855697-b586d89ba3ee?auto=format&fit=crop&w=1200&q=80,https://images.unsplash.com/photo-1500530855697-b586d89ba3ee?auto=format&fit=crop&w=1200&q=80,"{公园,武汉市,湖北省}"
873,平和打包厂旧址,武汉市,青岛路10号,1,4.20,0,generic_unsplash_fallback,https://images.unsplash.com/photo-1469854523086-cc02fe5d8800?auto=format&fit=crop&w=1200&q=80,https://images.unsplash.com/photo-1469854523086-cc02fe5d8800?auto=format&fit=crop&w=1200&q=80,"{风景名胜,武汉市,湖北省}"
902,青山公园,武汉市,和平大道1546号,1,4.20,0,generic_unsplash_fallback,https://images.unsplash.com/photo-1500530855697-b586d89ba3ee?auto=format&fit=crop&w=1200&q=80,https://images.unsplash.com/photo-1500530855697-b586d89ba3ee?auto=format&fit=crop&w=1200&q=80,"{公园,武汉市,湖北省}"
872,晴川阁,武汉市,洗马长街86号,1,4.20,0,generic_unsplash_fallback,https://images.unsplash.com/photo-1469854523086-cc02fe5d8800?auto=format&fit=crop&w=1200&q=80,https://images.unsplash.com/photo-1469854523086-cc02fe5d8800?auto=format&fit=crop&w=1200&q=80,"{省级景点,武汉市,湖北省}"
860,沙湖公园,武汉市,徐家棚街沙湖大道139号,1,4.20,0,generic_unsplash_fallback,https://images.unsplash.com/photo-1500530855697-b586d89ba3ee?auto=format&fit=crop&w=1200&q=80,https://images.unsplash.com/photo-1500530855697-b586d89ba3ee?auto=format&fit=crop&w=1200&q=80,"{公园,武汉市,湖北省}"
896,沙湖公园A区,武汉市,沙湖路与福星西路交叉口东480米,1,4.20,0,generic_unsplash_fallback,https://images.unsplash.com/photo-1500530855697-b586d89ba3ee?auto=format&fit=crop&w=1200&q=80,https://images.unsplash.com/photo-1500530855697-b586d89ba3ee?auto=format&fit=crop&w=1200&q=80,"{公园,武汉市,湖北省}"
897,沙湖公园B区,武汉市,烟霞路万达御湖世家正大门,1,4.20,0,generic_unsplash_fallback,https://images.unsplash.com/photo-1500530855697-b586d89ba3ee?auto=format&fit=crop&w=1200&q=80,https://images.unsplash.com/photo-1500530855697-b586d89ba3ee?auto=format&fit=crop&w=1200&q=80,"{公园,武汉市,湖北省}"
866,沙湖公园C区,武汉市,沙湖(沙湖公园),1,4.20,0,generic_unsplash_fallback,https://images.unsplash.com/photo-1500530855697-b586d89ba3ee?auto=format&fit=crop&w=1200&q=80,https://images.unsplash.com/photo-1500530855697-b586d89ba3ee?auto=format&fit=crop&w=1200&q=80,"{公园,武汉市,湖北省}"
910,石门峰纪念公园,武汉市,石门峰路9号,1,4.20,0,generic_unsplash_fallback,https://images.unsplash.com/photo-1500530855697-b586d89ba3ee?auto=format&fit=crop&w=1200&q=80,https://images.unsplash.com/photo-1500530855697-b586d89ba3ee?auto=format&fit=crop&w=1200&q=80,"{公园,武汉市,湖北省}"
917,首义公园,武汉市,武珞路47号,1,4.20,0,generic_unsplash_fallback,https://images.unsplash.com/photo-1500530855697-b586d89ba3ee?auto=format&fit=crop&w=1200&q=80,https://images.unsplash.com/photo-1500530855697-b586d89ba3ee?auto=format&fit=crop&w=1200&q=80,"{公园,武汉市,湖北省}"
876,四美塘文化公园,武汉市,粤汉路8号,1,4.20,0,generic_unsplash_fallback,https://images.unsplash.com/photo-1500530855697-b586d89ba3ee?auto=format&fit=crop&w=1200&q=80,https://images.unsplash.com/photo-1500530855697-b586d89ba3ee?auto=format&fit=crop&w=1200&q=80,"{公园,武汉市,湖北省}"
863,宋庆龄汉口旧居纪念馆,武汉市,沿江大道162号,1,4.20,0,generic_unsplash_fallback,https://images.unsplash.com/photo-1469854523086-cc02fe5d8800?auto=format&fit=crop&w=1200&q=80,https://images.unsplash.com/photo-1469854523086-cc02fe5d8800?auto=format&fit=crop&w=1200&q=80,"{纪念馆,武汉市,湖北省}"
865,昙华林,武汉市,粮道街道胭脂路仁济医院西侧,1,4.20,0,generic_unsplash_fallback,https://images.unsplash.com/photo-1469854523086-cc02fe5d8800?auto=format&fit=crop&w=1200&q=80,https://images.unsplash.com/photo-1469854523086-cc02fe5d8800?auto=format&fit=crop&w=1200&q=80,"{风景名胜,武汉市,湖北省}"
878,铁机路江滩灯塔,武汉市,临江大道725号,1,4.20,0,generic_unsplash_fallback,https://images.unsplash.com/photo-1444723121867-7a241cacace9?auto=format&fit=crop&w=1200&q=80,https://images.unsplash.com/photo-1444723121867-7a241cacace9?auto=format&fit=crop&w=1200&q=80,"{风景名胜,武汉市,湖北省}"
915,梧桐·雨,武汉市,将军路街道银潭路36号,1,4.20,0,generic_unsplash_fallback,https://images.unsplash.com/photo-1500530855697-b586d89ba3ee?auto=format&fit=crop&w=1200&q=80,https://images.unsplash.com/photo-1500530855697-b586d89ba3ee?auto=format&fit=crop&w=1200&q=80,"{公园,武汉市,湖北省}"
852,武昌江滩,武汉市,临江大道604号,1,4.20,0,generic_unsplash_fallback,https://images.unsplash.com/photo-1500530855697-b586d89ba3ee?auto=format&fit=crop&w=1200&q=80,https://images.unsplash.com/photo-1500530855697-b586d89ba3ee?auto=format&fit=crop&w=1200&q=80,"{公园,武汉市,湖北省}"
881,武汉观光游船(中华路1号码头),武汉市,临江大道与中华路交叉口西20米,1,4.20,0,generic_unsplash_fallback,https://images.unsplash.com/photo-1469854523086-cc02fe5d8800?auto=format&fit=crop&w=1200&q=80,https://images.unsplash.com/photo-1469854523086-cc02fe5d8800?auto=format&fit=crop&w=1200&q=80,"{旅游景点,武汉市,湖北省}"
858,武汉江滩,武汉市,江滩大道汉口江滩(西南角),1,4.20,0,generic_unsplash_fallback,https://images.unsplash.com/photo-1469854523086-cc02fe5d8800?auto=format&fit=crop&w=1200&q=80,https://images.unsplash.com/photo-1469854523086-cc02fe5d8800?auto=format&fit=crop&w=1200&q=80,"{旅游景点,武汉市,湖北省}"
890,武汉江滩1期(沿江大道),武汉市,汉口沿江大道,1,4.20,0,generic_unsplash_fallback,https://images.unsplash.com/photo-1500530855697-b586d89ba3ee?auto=format&fit=crop&w=1200&q=80,https://images.unsplash.com/photo-1500530855697-b586d89ba3ee?auto=format&fit=crop&w=1200&q=80,"{公园,武汉市,湖北省}"
920,武汉青山江滩,武汉市,建设八路2号附1号,1,4.20,0,generic_unsplash_fallback,https://images.unsplash.com/photo-1469854523086-cc02fe5d8800?auto=format&fit=crop&w=1200&q=80,https://images.unsplash.com/photo-1469854523086-cc02fe5d8800?auto=format&fit=crop&w=1200&q=80,"{风景名胜,武汉市,湖北省}"
919,武汉市和平公园,武汉市,新沟桥街道建设四路3号,1,4.20,0,generic_unsplash_fallback,https://images.unsplash.com/photo-1500530855697-b586d89ba3ee?auto=format&fit=crop&w=1200&q=80,https://images.unsplash.com/photo-1500530855697-b586d89ba3ee?auto=format&fit=crop&w=1200&q=80,"{公园,武汉市,湖北省}"
899,武汉园博园,武汉市,长丰街道园博园南路,1,4.20,0,generic_unsplash_fallback,https://images.unsplash.com/photo-1469854523086-cc02fe5d8800?auto=format&fit=crop&w=1200&q=80,https://images.unsplash.com/photo-1469854523086-cc02fe5d8800?auto=format&fit=crop&w=1200&q=80,"{国家级景点,武汉市,湖北省}"
869,武汉长江大桥,武汉市,临江大道19附近,1,4.20,0,generic_unsplash_fallback,https://images.unsplash.com/photo-1469854523086-cc02fe5d8800?auto=format&fit=crop&w=1200&q=80,https://images.unsplash.com/photo-1469854523086-cc02fe5d8800?auto=format&fit=crop&w=1200&q=80,"{风景名胜,武汉市,湖北省}"
891,武汉中共中央机关旧址纪念馆,武汉市,一元街街道一元街街道一元街办事处胜利街163号,1,4.20,0,generic_unsplash_fallback,https://images.unsplash.com/photo-1469854523086-cc02fe5d8800?auto=format&fit=crop&w=1200&q=80,https://images.unsplash.com/photo-1469854523086-cc02fe5d8800?auto=format&fit=crop&w=1200&q=80,"{纪念馆,武汉市,湖北省}"
862,西北湖公园,武汉市,北湖街街道北湖街街道北湖街街道北湖街街道北湖街街道黄孝西路与西北湖路交叉口东200米,1,4.20,0,generic_unsplash_fallback,https://images.unsplash.com/photo-1500530855697-b586d89ba3ee?auto=format&fit=crop&w=1200&q=80,https://images.unsplash.com/photo-1500530855697-b586d89ba3ee?auto=format&fit=crop&w=1200&q=80,"{公园,武汉市,湖北省}"
850,咸安坊,武汉市,鄱阳街21号,1,4.20,0,generic_unsplash_fallback,https://images.unsplash.com/photo-1469854523086-cc02fe5d8800?auto=format&fit=crop&w=1200&q=80,https://images.unsplash.com/photo-1469854523086-cc02fe5d8800?auto=format&fit=crop&w=1200&q=80,"{公司,武汉市,湖北省}"
912,杨泗港大桥江滩公园,武汉市,晴川大道与四新南路交叉口南240米,1,4.20,0,generic_unsplash_fallback,https://images.unsplash.com/photo-1500530855697-b586d89ba3ee?auto=format&fit=crop&w=1200&q=80,https://images.unsplash.com/photo-1500530855697-b586d89ba3ee?auto=format&fit=crop&w=1200&q=80,"{公园,武汉市,湖北省}"
879,樱园,武汉市,沿江大道江滩78号王家巷派出所附近,1,4.20,0,generic_unsplash_fallback,https://images.unsplash.com/photo-1469854523086-cc02fe5d8800?auto=format&fit=crop&w=1200&q=80,https://images.unsplash.com/photo-1469854523086-cc02fe5d8800?auto=format&fit=crop&w=1200&q=80,"{旅游景点,武汉市,湖北省}"
906,鹦鹉洲汉阳桥梁主题公园,武汉市,鹦鹉洲长江大桥下,1,4.20,0,generic_unsplash_fallback,https://images.unsplash.com/photo-1500530855697-b586d89ba3ee?auto=format&fit=crop&w=1200&q=80,https://images.unsplash.com/photo-1500530855697-b586d89ba3ee?auto=format&fit=crop&w=1200&q=80,"{公园,武汉市,湖北省}"
922,张毕湖公园,武汉市,竹叶海公园,1,4.20,0,generic_unsplash_fallback,https://images.unsplash.com/photo-1500530855697-b586d89ba3ee?auto=format&fit=crop&w=1200&q=80,https://images.unsplash.com/photo-1500530855697-b586d89ba3ee?auto=format&fit=crop&w=1200&q=80,"{公园,武汉市,湖北省}"
883,长春观,武汉市,武珞路269号(近武昌大东门),1,4.20,0,generic_unsplash_fallback,https://images.unsplash.com/photo-1469854523086-cc02fe5d8800?auto=format&fit=crop&w=1200&q=80,https://images.unsplash.com/photo-1469854523086-cc02fe5d8800?auto=format&fit=crop&w=1200&q=80,"{寺庙道观,武汉市,湖北省}"
877,长江荣耀号游船,武汉市,武汉港23号码头(武汉科技馆2层背后出口),1,4.20,0,generic_unsplash_fallback,https://images.unsplash.com/photo-1469854523086-cc02fe5d8800?auto=format&fit=crop&w=1200&q=80,https://images.unsplash.com/photo-1469854523086-cc02fe5d8800?auto=format&fit=crop&w=1200&q=80,"{旅游景点,武汉市,湖北省}"
889,中国银行(汉口支行),武汉市,中山大道593号(江汉路地铁站E口步行130米),1,4.20,0,generic_unsplash_fallback,https://images.unsplash.com/photo-1469854523086-cc02fe5d8800?auto=format&fit=crop&w=1200&q=80,https://images.unsplash.com/photo-1469854523086-cc02fe5d8800?auto=format&fit=crop&w=1200&q=80,"{风景名胜,武汉市,湖北省}"
854,中山公园,武汉市,解放大道1265号(中山公园地铁站D口步行80米),1,4.20,0,generic_unsplash_fallback,https://images.unsplash.com/photo-1500530855697-b586d89ba3ee?auto=format&fit=crop&w=1200&q=80,https://images.unsplash.com/photo-1500530855697-b586d89ba3ee?auto=format&fit=crop&w=1200&q=80,"{公园,武汉市,湖北省}"
908,紫阳公园,武汉市,张之洞路222号(首义路地铁站E口步行250米),1,4.20,0,generic_unsplash_fallback,https://images.unsplash.com/photo-1500530855697-b586d89ba3ee?auto=format&fit=crop&w=1200&q=80,https://images.unsplash.com/photo-1500530855697-b586d89ba3ee?auto=format&fit=crop&w=1200&q=80,"{公园,武汉市,湖北省}"
874,纵横体育公园,武汉市,澳门路34号(三阳路地铁站F口步行190米),1,4.20,0,generic_unsplash_fallback,https://images.unsplash.com/photo-1500530855697-b586d89ba3ee?auto=format&fit=crop&w=1200&q=80,https://images.unsplash.com/photo-1500530855697-b586d89ba3ee?auto=format&fit=crop&w=1200&q=80,"{公园,武汉市,湖北省}"
843,灞桥生态湿地公园,西安市,灞柳一路,1,4.20,0,generic_unsplash_fallback,https://images.unsplash.com/photo-1500530855697-b586d89ba3ee?auto=format&fit=crop&w=1200&q=80,https://images.unsplash.com/photo-1500530855697-b586d89ba3ee?auto=format&fit=crop&w=1200&q=80,"{公园,西安市,陕西省}"
802,城市中央公园,西安市,元光路与元朔路交叉路口往南约180米,1,4.20,0,generic_unsplash_fallback,https://images.unsplash.com/photo-1500530855697-b586d89ba3ee?auto=format&fit=crop&w=1200&q=80,https://images.unsplash.com/photo-1500530855697-b586d89ba3ee?auto=format&fit=crop&w=1200&q=80,"{公园,西安市,陕西省}"
780,大慈恩寺,西安市,慈恩路1号,1,4.20,0,generic_unsplash_fallback,https://images.unsplash.com/photo-1513415756790-2ac1db1297d0?auto=format&fit=crop&w=1200&q=80,https://images.unsplash.com/photo-1513415756790-2ac1db1297d0?auto=format&fit=crop&w=1200&q=80,"{寺庙道观,西安市,陕西省}"
800,大汉仙境,西安市,汉城街道楼阁台村宣平里2-1号,1,4.20,0,generic_unsplash_fallback,https://images.unsplash.com/photo-1469854523086-cc02fe5d8800?auto=format&fit=crop&w=1200&q=80,https://images.unsplash.com/photo-1469854523086-cc02fe5d8800?auto=format&fit=crop&w=1200&q=80,"{风景名胜,西安市,陕西省}"
759,大明宫国家遗址公园,西安市,自强东路585号,1,4.20,0,generic_unsplash_fallback,https://images.unsplash.com/photo-1500530855697-b586d89ba3ee?auto=format&fit=crop&w=1200&q=80,https://images.unsplash.com/photo-1500530855697-b586d89ba3ee?auto=format&fit=crop&w=1200&q=80,"{世界遗产,西安市,陕西省}"
767,大唐不夜城,西安市,雁塔南路428号,1,4.20,0,generic_unsplash_fallback,https://images.unsplash.com/photo-1519608487953-e999c86e7455?auto=format&fit=crop&w=1200&q=80,https://images.unsplash.com/photo-1519608487953-e999c86e7455?auto=format&fit=crop&w=1200&q=80,"{特色商业街,西安市,陕西省}"
793,大唐芙蓉园,西安市,曲江新区芙蓉西路99号,1,4.20,0,generic_unsplash_fallback,https://images.unsplash.com/photo-1469854523086-cc02fe5d8800?auto=format&fit=crop&w=1200&q=80,https://images.unsplash.com/photo-1469854523086-cc02fe5d8800?auto=format&fit=crop&w=1200&q=80,"{国家级景点,西安市,陕西省}"
794,大唐西市,西安市,劳动南路118号,1,4.20,0,generic_unsplash_fallback,https://images.unsplash.com/photo-1469854523086-cc02fe5d8800?auto=format&fit=crop&w=1200&q=80,https://images.unsplash.com/photo-1469854523086-cc02fe5d8800?auto=format&fit=crop&w=1200&q=80,"{国家级景点,西安市,陕西省}"
797,大兴善寺,西安市,小寨兴善寺西街55号,1,4.20,0,generic_unsplash_fallback,https://images.unsplash.com/photo-1513415756790-2ac1db1297d0?auto=format&fit=crop&w=1200&q=80,https://images.unsplash.com/photo-1513415756790-2ac1db1297d0?auto=format&fit=crop&w=1200&q=80,"{寺庙道观,西安市,陕西省}"
781,大雁塔,西安市,慈恩路1号大慈恩寺内,1,4.20,0,generic_unsplash_fallback,https://images.unsplash.com/photo-1444723121867-7a241cacace9?auto=format&fit=crop&w=1200&q=80,https://images.unsplash.com/photo-1444723121867-7a241cacace9?auto=format&fit=crop&w=1200&q=80,"{风景名胜,西安市,陕西省}"
790,大雁塔文化休闲景区,西安市,和平门外雁塔路123号,1,4.20,0,generic_unsplash_fallback,https://images.unsplash.com/photo-1444723121867-7a241cacace9?auto=format&fit=crop&w=1200&q=80,https://images.unsplash.com/photo-1444723121867-7a241cacace9?auto=format&fit=crop&w=1200&q=80,"{国家级景点,西安市,陕西省}"
809,儿童迷宫,西安市,未央路168号西安城市运动公园内(南侧),1,4.20,0,generic_unsplash_fallback,https://images.unsplash.com/photo-1469854523086-cc02fe5d8800?auto=format&fit=crop&w=1200&q=80,https://images.unsplash.com/photo-1469854523086-cc02fe5d8800?auto=format&fit=crop&w=1200&q=80,"{旅游景点,西安市,陕西省}"
829,丰庆公园,西安市,桃园南路6号(丰庆公园地铁站D口步行60米),1,4.20,0,generic_unsplash_fallback,https://images.unsplash.com/photo-1500530855697-b586d89ba3ee?auto=format&fit=crop&w=1200&q=80,https://images.unsplash.com/photo-1500530855697-b586d89ba3ee?auto=format&fit=crop&w=1200&q=80,"{公园,西安市,陕西省}"
806,凤城广场,西安市,十路与朱宏路十字东北角,1,4.20,0,generic_unsplash_fallback,https://images.unsplash.com/photo-1444723121867-7a241cacace9?auto=format&fit=crop&w=1200&q=80,https://images.unsplash.com/photo-1444723121867-7a241cacace9?auto=format&fit=crop&w=1200&q=80,"{城市广场,西安市,陕西省}"
792,高家大院,西安市,北院门144号(鼓楼向北200米、回民街内),1,4.20,0,generic_unsplash_fallback,https://images.unsplash.com/photo-1469854523086-cc02fe5d8800?auto=format&fit=crop&w=1200&q=80,https://images.unsplash.com/photo-1469854523086-cc02fe5d8800?auto=format&fit=crop&w=1200&q=80,"{风景名胜,西安市,陕西省}"
789,革命公园,西安市,西五路53号,1,4.20,0,generic_unsplash_fallback,https://images.unsplash.com/photo-1500530855697-b586d89ba3ee?auto=format&fit=crop&w=1200&q=80,https://images.unsplash.com/photo-1500530855697-b586d89ba3ee?auto=format&fit=crop&w=1200&q=80,"{公园,西安市,陕西省}"
814,阁老门,西安市,大讲路与336乡道交叉口东北20米,1,4.20,0,generic_unsplash_fallback,https://images.unsplash.com/photo-1469854523086-cc02fe5d8800?auto=format&fit=crop&w=1200&q=80,https://images.unsplash.com/photo-1469854523086-cc02fe5d8800?auto=format&fit=crop&w=1200&q=80,"{旅游景点,西安市,陕西省}"
818,关帝庙,西安市,贞观路与苑城路交叉口东南80米,1,4.20,0,generic_unsplash_fallback,https://images.unsplash.com/photo-1513415756790-2ac1db1297d0?auto=format&fit=crop&w=1200&q=80,https://images.unsplash.com/photo-1513415756790-2ac1db1297d0?auto=format&fit=crop&w=1200&q=80,"{寺庙道观,西安市,陕西省}"
772,汉城湖景区封禅天下广场,西安市,汉城湖旅游风景区内(北侧),1,4.20,0,generic_unsplash_fallback,https://images.unsplash.com/photo-1444723121867-7a241cacace9?auto=format&fit=crop&w=1200&q=80,https://images.unsplash.com/photo-1444723121867-7a241cacace9?auto=format&fit=crop&w=1200&q=80,"{风景名胜,西安市,陕西省}"
760,汉城湖旅游风景区,西安市,北二环与朱宏路交汇处西北角,1,4.20,0,generic_unsplash_fallback,https://images.unsplash.com/photo-1469854523086-cc02fe5d8800?auto=format&fit=crop&w=1200&q=80,https://images.unsplash.com/photo-1469854523086-cc02fe5d8800?auto=format&fit=crop&w=1200&q=80,"{国家级景点,西安市,陕西省}"
791,汉城湖旅游风景区大风阁,西安市,二环北路西段入口(北向)附近,1,4.20,0,generic_unsplash_fallback,https://images.unsplash.com/photo-1469854523086-cc02fe5d8800?auto=format&fit=crop&w=1200&q=80,https://images.unsplash.com/photo-1469854523086-cc02fe5d8800?auto=format&fit=crop&w=1200&q=80,"{风景名胜,西安市,陕西省}"
805,汉清明门广场,西安市,朱宏路324号,1,4.20,0,generic_unsplash_fallback,https://images.unsplash.com/photo-1444723121867-7a241cacace9?auto=format&fit=crop&w=1200&q=80,https://images.unsplash.com/photo-1444723121867-7a241cacace9?auto=format&fit=crop&w=1200&q=80,"{城市广场,西安市,陕西省}"
774,汉长安城未央宫国家考古遗址公园,西安市,大兴西路,1,4.20,0,generic_unsplash_fallback,https://images.unsplash.com/photo-1500530855697-b586d89ba3ee?auto=format&fit=crop&w=1200&q=80,https://images.unsplash.com/photo-1500530855697-b586d89ba3ee?auto=format&fit=crop&w=1200&q=80,"{风景名胜,西安市,陕西省}"
842,黑河国家森林公园,西安市,108国道与砂厚路交汇处西,1,4.20,0,generic_unsplash_fallback,https://images.unsplash.com/photo-1500530855697-b586d89ba3ee?auto=format&fit=crop&w=1200&q=80,https://images.unsplash.com/photo-1500530855697-b586d89ba3ee?auto=format&fit=crop&w=1200&q=80,"{国家级景点,西安市,陕西省}"
803,红旗广场,西安市,徐家湾街道徐家湾街道红旗路与渭滨路交叉路口东北侧,1,4.20,0,generic_unsplash_fallback,https://images.unsplash.com/photo-1444723121867-7a241cacace9?auto=format&fit=crop&w=1200&q=80,https://images.unsplash.com/photo-1444723121867-7a241cacace9?auto=format&fit=crop&w=1200&q=80,"{城市广场,西安市,陕西省}"
766,红旗铁路公园,西安市,新兴路与八府庄园商业街交叉口西北20米,1,4.20,0,generic_unsplash_fallback,https://images.unsplash.com/photo-1500530855697-b586d89ba3ee?auto=format&fit=crop&w=1200&q=80,https://images.unsplash.com/photo-1500530855697-b586d89ba3ee?auto=format&fit=crop&w=1200&q=80,"{公园,西安市,陕西省}"
812,红旗铁路公园观光小火车团结里北站,西安市,太华北路850号,1,4.20,0,generic_unsplash_fallback,https://images.unsplash.com/photo-1500530855697-b586d89ba3ee?auto=format&fit=crop&w=1200&q=80,https://images.unsplash.com/photo-1500530855697-b586d89ba3ee?auto=format&fit=crop&w=1200&q=80,"{风景名胜,西安市,陕西省}"
846,洪庆山国家森林公园,西安市,灞临路,1,4.20,0,generic_unsplash_fallback,https://images.unsplash.com/photo-1500530855697-b586d89ba3ee?auto=format&fit=crop&w=1200&q=80,https://images.unsplash.com/photo-1500530855697-b586d89ba3ee?auto=format&fit=crop&w=1200&q=80,"{国家级景点,西安市,陕西省}"
771,华夏文旅海洋公园,西安市,浐灞国际港华文路1518号,1,4.20,0,generic_unsplash_fallback,https://images.unsplash.com/photo-1500530855697-b586d89ba3ee?auto=format&fit=crop&w=1200&q=80,https://images.unsplash.com/photo-1500530855697-b586d89ba3ee?auto=format&fit=crop&w=1200&q=80,"{水族馆,西安市,陕西省}"
770,华夏文旅西安度假区,西安市,浐灞国际港华文路1518号,1,4.20,0,generic_unsplash_fallback,https://images.unsplash.com/photo-1469854523086-cc02fe5d8800?auto=format&fit=crop&w=1200&q=80,https://images.unsplash.com/photo-1469854523086-cc02fe5d8800?auto=format&fit=crop&w=1200&q=80,"{风景名胜,西安市,陕西省}"
763,开元公园,西安市,开元路与渭清路交叉口东150米,1,4.20,0,generic_unsplash_fallback,https://images.unsplash.com/photo-1500530855697-b586d89ba3ee?auto=format&fit=crop&w=1200&q=80,https://images.unsplash.com/photo-1500530855697-b586d89ba3ee?auto=format&fit=crop&w=1200&q=80,"{公园,西安市,陕西省}"
777,康乐园,西安市,未央路168号西安城市运动公园(西南角),1,4.20,0,generic_unsplash_fallback,https://images.unsplash.com/photo-1469854523086-cc02fe5d8800?auto=format&fit=crop&w=1200&q=80,https://images.unsplash.com/photo-1469854523086-cc02fe5d8800?auto=format&fit=crop&w=1200&q=80,"{旅游景点,西安市,陕西省}"
819,昆明池·七夕公园,西安市,昆明池七夕公园内,1,4.20,0,generic_unsplash_fallback,https://images.unsplash.com/photo-1500530855697-b586d89ba3ee?auto=format&fit=crop&w=1200&q=80,https://images.unsplash.com/photo-1500530855697-b586d89ba3ee?auto=format&fit=crop&w=1200&q=80,"{公园,西安市,陕西省}"
820,昆明池·七夕公园蝶恋花,西安市,沣东新城斗门新型工业园区汇新路北段昆明池七夕公园内(东侧),1,4.20,0,generic_unsplash_fallback,https://images.unsplash.com/photo-1500530855697-b586d89ba3ee?auto=format&fit=crop&w=1200&q=80,https://images.unsplash.com/photo-1500530855697-b586d89ba3ee?auto=format&fit=crop&w=1200&q=80,"{旅游景点,西安市,陕西省}"
811,雷寨梦广场,西安市,石化大道雷寨村,1,4.20,0,generic_unsplash_fallback,https://images.unsplash.com/photo-1444723121867-7a241cacace9?auto=format&fit=crop&w=1200&q=80,https://images.unsplash.com/photo-1444723121867-7a241cacace9?auto=format&fit=crop&w=1200&q=80,"{城市广场,西安市,陕西省}"
787,莲湖公园,西安市,莲湖路58号(近莲花池街),1,4.20,0,generic_unsplash_fallback,https://images.unsplash.com/photo-1500530855697-b586d89ba3ee?auto=format&fit=crop&w=1200&q=80,https://images.unsplash.com/photo-1500530855697-b586d89ba3ee?auto=format&fit=crop&w=1200&q=80,"{公园,西安市,陕西省}"
831,楼观台国家森林公园,西安市,近郊周至楼观台城东南15公里楼观十字向南300米万达超市,1,4.20,0,generic_unsplash_fallback,https://images.unsplash.com/photo-1500530855697-b586d89ba3ee?auto=format&fit=crop&w=1200&q=80,https://images.unsplash.com/photo-1500530855697-b586d89ba3ee?auto=format&fit=crop&w=1200&q=80,"{国家级景点,西安市,陕西省}"
804,浅水湾,西安市,未央路168号西安城市运动公园,1,4.20,0,generic_unsplash_fallback,https://images.unsplash.com/photo-1469854523086-cc02fe5d8800?auto=format&fit=crop&w=1200&q=80,https://images.unsplash.com/photo-1469854523086-cc02fe5d8800?auto=format&fit=crop&w=1200&q=80,"{旅游景点,西安市,陕西省}"
830,秦岭四宝科学公园,西安市,楼观镇温泉道楼观道温泉西南195米,1,4.20,0,generic_unsplash_fallback,https://images.unsplash.com/photo-1500530855697-b586d89ba3ee?auto=format&fit=crop&w=1200&q=80,https://images.unsplash.com/photo-1500530855697-b586d89ba3ee?auto=format&fit=crop&w=1200&q=80,"{公园,西安市,陕西省}"
834,清凉山森林公园,西安市,西部大道与东仪路交叉口东500米路北,1,4.20,0,generic_unsplash_fallback,https://images.unsplash.com/photo-1500530855697-b586d89ba3ee?auto=format&fit=crop&w=1200&q=80,https://images.unsplash.com/photo-1500530855697-b586d89ba3ee?auto=format&fit=crop&w=1200&q=80,"{公园,西安市,陕西省}"
821,曲江池遗址公园,西安市,曲江池西路与曲江池北路交叉口东南角,1,4.20,0,generic_unsplash_fallback,https://images.unsplash.com/photo-1500530855697-b586d89ba3ee?auto=format&fit=crop&w=1200&q=80,https://images.unsplash.com/photo-1500530855697-b586d89ba3ee?auto=format&fit=crop&w=1200&q=80,"{公园,西安市,陕西省}"
824,曲江海洋极地公园,西安市,曲江二路1号(北池头一路与芙蓉东路交叉口),1,4.20,0,generic_unsplash_fallback,https://images.unsplash.com/photo-1500530855697-b586d89ba3ee?auto=format&fit=crop&w=1200&q=80,https://images.unsplash.com/photo-1500530855697-b586d89ba3ee?auto=format&fit=crop&w=1200&q=80,"{水族馆,西安市,陕西省}"
835,曲江寒窑遗址公园,西安市,寒窑路18号,1,4.20,0,generic_unsplash_fallback,https://images.unsplash.com/photo-1500530855697-b586d89ba3ee?auto=format&fit=crop&w=1200&q=80,https://images.unsplash.com/photo-1500530855697-b586d89ba3ee?auto=format&fit=crop&w=1200&q=80,"{风景名胜,西安市,陕西省}"
845,曲江文化运动公园,西安市,公田三路与春临三路交汇处东南角,1,4.20,0,generic_unsplash_fallback,https://images.unsplash.com/photo-1500530855697-b586d89ba3ee?auto=format&fit=crop&w=1200&q=80,https://images.unsplash.com/photo-1500530855697-b586d89ba3ee?auto=format&fit=crop&w=1200&q=80,"{公园,西安市,陕西省}"
823,陕不列颠公园,西安市,北宫门街与丰景路交叉口北140米,1,4.20,0,generic_unsplash_fallback,https://images.unsplash.com/photo-1500530855697-b586d89ba3ee?auto=format&fit=crop&w=1200&q=80,https://images.unsplash.com/photo-1500530855697-b586d89ba3ee?auto=format&fit=crop&w=1200&q=80,"{风景名胜,西安市,陕西省}"
828,太平国家森林公园,西安市,煤场村,1,4.20,0,generic_unsplash_fallback,https://images.unsplash.com/photo-1500530855697-b586d89ba3ee?auto=format&fit=crop&w=1200&q=80,https://images.unsplash.com/photo-1500530855697-b586d89ba3ee?auto=format&fit=crop&w=1200&q=80,"{国家级景点,西安市,陕西省}"
841,唐大慈恩寺遗址公园,西安市,太平堡新1排1号,1,4.20,0,generic_unsplash_fallback,https://images.unsplash.com/photo-1500530855697-b586d89ba3ee?auto=format&fit=crop&w=1200&q=80,https://images.unsplash.com/photo-1500530855697-b586d89ba3ee?auto=format&fit=crop&w=1200&q=80,"{公园,西安市,陕西省}"
785,桃花潭,西安市,十里铺街道浐河东路,1,4.20,0,generic_unsplash_fallback,https://images.unsplash.com/photo-1500530855697-b586d89ba3ee?auto=format&fit=crop&w=1200&q=80,https://images.unsplash.com/photo-1500530855697-b586d89ba3ee?auto=format&fit=crop&w=1200&q=80,"{公园,西安市,陕西省}"
839,王顺山国家森林公园,西安市,蓝桥镇安子沟村,1,4.20,0,generic_unsplash_fallback,https://images.unsplash.com/photo-1500530855697-b586d89ba3ee?auto=format&fit=crop&w=1200&q=80,https://images.unsplash.com/photo-1500530855697-b586d89ba3ee?auto=format&fit=crop&w=1200&q=80,"{国家级景点,西安市,陕西省}"
844,未来之瞳科学公园,西安市,环瞳路与晨征路交叉口西侧,1,4.20,0,generic_unsplash_fallback,https://images.unsplash.com/photo-1500530855697-b586d89ba3ee?auto=format&fit=crop&w=1200&q=80,https://images.unsplash.com/photo-1500530855697-b586d89ba3ee?auto=format&fit=crop&w=1200&q=80,"{公园,西安市,陕西省}"
808,未央城市广场,西安市,张家堡环岛赛高城市广场东北侧约190米,1,4.20,0,generic_unsplash_fallback,https://images.unsplash.com/photo-1444723121867-7a241cacace9?auto=format&fit=crop&w=1200&q=80,https://images.unsplash.com/photo-1444723121867-7a241cacace9?auto=format&fit=crop&w=1200&q=80,"{城市广场,西安市,陕西省}"
817,未央朱宏体育运动公园,西安市,朱宏路337号,1,4.20,0,generic_unsplash_fallback,https://images.unsplash.com/photo-1500530855697-b586d89ba3ee?auto=format&fit=crop&w=1200&q=80,https://images.unsplash.com/photo-1500530855697-b586d89ba3ee?auto=format&fit=crop&w=1200&q=80,"{公园,西安市,陕西省}"
816,文化中心广场,西安市,鱼藻路21号,1,4.20,0,generic_unsplash_fallback,https://images.unsplash.com/photo-1444723121867-7a241cacace9?auto=format&fit=crop&w=1200&q=80,https://images.unsplash.com/photo-1444723121867-7a241cacace9?auto=format&fit=crop&w=1200&q=80,"{城市广场,西安市,陕西省}"
764,文景公园,西安市,张家堡街道凤城三路与文景路交汇处向南100米,1,4.20,0,generic_unsplash_fallback,https://images.unsplash.com/photo-1500530855697-b586d89ba3ee?auto=format&fit=crop&w=1200&q=80,https://images.unsplash.com/photo-1500530855697-b586d89ba3ee?auto=format&fit=crop&w=1200&q=80,"{公园,西安市,陕西省}"
769,文景山公园,西安市,西安北站北广场东北侧,1,4.20,0,generic_unsplash_fallback,https://images.unsplash.com/photo-1500530855697-b586d89ba3ee?auto=format&fit=crop&w=1200&q=80,https://images.unsplash.com/photo-1500530855697-b586d89ba3ee?auto=format&fit=crop&w=1200&q=80,"{公园,自然,观景,摄影,轻徒步,历史}"
799,西安北站北广场,西安市,草滩街道元朔路西安北站,1,4.20,0,generic_unsplash_fallback,https://images.unsplash.com/photo-1444723121867-7a241cacace9?auto=format&fit=crop&w=1200&q=80,https://images.unsplash.com/photo-1444723121867-7a241cacace9?auto=format&fit=crop&w=1200&q=80,"{城市广场,西安市,陕西省}"
798,西安北站南广场,西安市,草滩街道元朔路西安北站,1,4.20,0,generic_unsplash_fallback,https://images.unsplash.com/photo-1444723121867-7a241cacace9?auto=format&fit=crop&w=1200&q=80,https://images.unsplash.com/photo-1444723121867-7a241cacace9?auto=format&fit=crop&w=1200&q=80,"{城市广场,西安市,陕西省}"
795,西安博物院,西安市,友谊西路76号,1,4.20,0,generic_unsplash_fallback,https://images.unsplash.com/photo-1469854523086-cc02fe5d8800?auto=format&fit=crop&w=1200&q=80,https://images.unsplash.com/photo-1469854523086-cc02fe5d8800?auto=format&fit=crop&w=1200&q=80,"{旅游景点,西安市,陕西省}"
788,西安浐灞国家湿地公园,西安市,启源三路1号,1,4.20,0,generic_unsplash_fallback,https://images.unsplash.com/photo-1500530855697-b586d89ba3ee?auto=format&fit=crop&w=1200&q=80,https://images.unsplash.com/photo-1500530855697-b586d89ba3ee?auto=format&fit=crop&w=1200&q=80,"{公园,西安市,陕西省}"
761,西安城墙,西安市,南大街2号,1,4.20,0,generic_unsplash_fallback,https://images.unsplash.com/photo-1469854523086-cc02fe5d8800?auto=format&fit=crop&w=1200&q=80,https://images.unsplash.com/photo-1469854523086-cc02fe5d8800?auto=format&fit=crop&w=1200&q=80,"{国家级景点,西安市,陕西省}"
778,西安城墙·碑林历史文化景区,西安市,顺城巷27号(钟楼地铁站D口步行270米),1,4.20,0,generic_unsplash_fallback,https://images.unsplash.com/photo-1469854523086-cc02fe5d8800?auto=format&fit=crop&w=1200&q=80,https://images.unsplash.com/photo-1469854523086-cc02fe5d8800?auto=format&fit=crop&w=1200&q=80,"{风景名胜,西安市,陕西省}"
786,西安城墙永宁门城楼,西安市,南大街2号西安城墙内(南侧),1,4.20,0,generic_unsplash_fallback,https://images.unsplash.com/photo-1469854523086-cc02fe5d8800?auto=format&fit=crop&w=1200&q=80,https://images.unsplash.com/photo-1469854523086-cc02fe5d8800?auto=format&fit=crop&w=1200&q=80,"{旅游景点,西安市,陕西省}"
758,西安城市运动公园,西安市,未央路168号(行政中心地铁站B5口旁),1,4.20,0,generic_unsplash_fallback,https://images.unsplash.com/photo-1500530855697-b586d89ba3ee?auto=format&fit=crop&w=1200&q=80,https://images.unsplash.com/photo-1500530855697-b586d89ba3ee?auto=format&fit=crop&w=1200&q=80,"{公园,西安市,陕西省}"
768,西安后海,西安市,华文路与锦堤六路交叉口西南420米,1,4.20,0,generic_unsplash_fallback,https://images.unsplash.com/photo-1469854523086-cc02fe5d8800?auto=format&fit=crop&w=1200&q=80,https://images.unsplash.com/photo-1469854523086-cc02fe5d8800?auto=format&fit=crop&w=1200&q=80,"{风景名胜,西安市,陕西省}"
773,西安湖,西安市,机场专用高速西侧,1,4.20,0,generic_unsplash_fallback,https://images.unsplash.com/photo-1469854523086-cc02fe5d8800?auto=format&fit=crop&w=1200&q=80,https://images.unsplash.com/photo-1469854523086-cc02fe5d8800?auto=format&fit=crop&w=1200&q=80,"{风景名胜,西安市,陕西省}"
832,西安牡丹苑,西安市,唐延路(近沣惠南路)(金光门地铁站B口步行200米),1,4.20,0,generic_unsplash_fallback,https://images.unsplash.com/photo-1500530855697-b586d89ba3ee?auto=format&fit=crop&w=1200&q=80,https://images.unsplash.com/photo-1500530855697-b586d89ba3ee?auto=format&fit=crop&w=1200&q=80,"{公园,西安市,陕西省}"
784,西安世博园,西安市,世博大道1号,1,4.20,0,generic_unsplash_fallback,https://images.unsplash.com/photo-1469854523086-cc02fe5d8800?auto=format&fit=crop&w=1200&q=80,https://images.unsplash.com/photo-1469854523086-cc02fe5d8800?auto=format&fit=crop&w=1200&q=80,"{国家级景点,西安市,陕西省}"
775,西安未央湖游乐园,西安市,未央湖街道办环湖南路1号,1,4.20,0,generic_unsplash_fallback,https://images.unsplash.com/photo-1500530855697-b586d89ba3ee?auto=format&fit=crop&w=1200&q=80,https://images.unsplash.com/photo-1500530855697-b586d89ba3ee?auto=format&fit=crop&w=1200&q=80,"{公园,西安市,陕西省}"
837,西安祥峪森林公园,西安市,东大镇祥峪沟村,1,4.20,0,generic_unsplash_fallback,https://images.unsplash.com/photo-1500530855697-b586d89ba3ee?auto=format&fit=crop&w=1200&q=80,https://images.unsplash.com/photo-1500530855697-b586d89ba3ee?auto=format&fit=crop&w=1200&q=80,"{公园,西安市,陕西省}"
765,西安钟楼,西安市,西安地铁2号线钟楼站C出口正对面,1,4.20,0,generic_unsplash_fallback,https://images.unsplash.com/photo-1469854523086-cc02fe5d8800?auto=format&fit=crop&w=1200&q=80,https://images.unsplash.com/photo-1469854523086-cc02fe5d8800?auto=format&fit=crop&w=1200&q=80,"{风景名胜,西安市,陕西省}"
847,新寺遗址公园,西安市,港兴路华南城2号交易中心北侧(由东侧停车场进入),1,4.20,0,generic_unsplash_fallback,https://images.unsplash.com/photo-1500530855697-b586d89ba3ee?auto=format&fit=crop&w=1200&q=80,https://images.unsplash.com/photo-1500530855697-b586d89ba3ee?auto=format&fit=crop&w=1200&q=80,"{旅游景点,西安市,陕西省}"
776,兴庆宫公园,西安市,咸宁西路55号,1,4.20,0,generic_unsplash_fallback,https://images.unsplash.com/photo-1500530855697-b586d89ba3ee?auto=format&fit=crop&w=1200&q=80,https://images.unsplash.com/photo-1500530855697-b586d89ba3ee?auto=format&fit=crop&w=1200&q=80,"{公园,西安市,陕西省}"
762,宣平里景区,西安市,汉城街道丰产路稳江仓储正对面,1,4.20,0,generic_unsplash_fallback,https://images.unsplash.com/photo-1469854523086-cc02fe5d8800?auto=format&fit=crop&w=1200&q=80,https://images.unsplash.com/photo-1469854523086-cc02fe5d8800?auto=format&fit=crop&w=1200&q=80,"{摩托车销售,西安市,陕西省}"
807,薛家寨汉墓群,西安市,开元公园,1,4.20,0,generic_unsplash_fallback,https://images.unsplash.com/photo-1469854523086-cc02fe5d8800?auto=format&fit=crop&w=1200&q=80,https://images.unsplash.com/photo-1469854523086-cc02fe5d8800?auto=format&fit=crop&w=1200&q=80,"{风景名胜,西安市,陕西省}"
840,雁鸣湖休闲公园,西安市,浐河西路与东月路交汇处,1,4.20,0,generic_unsplash_fallback,https://images.unsplash.com/photo-1500530855697-b586d89ba3ee?auto=format&fit=crop&w=1200&q=80,https://images.unsplash.com/photo-1500530855697-b586d89ba3ee?auto=format&fit=crop&w=1200&q=80,"{公园,西安市,陕西省}"
838,雁南公园,西安市,子午大道15号,1,4.20,0,generic_unsplash_fallback,https://images.unsplash.com/photo-1500530855697-b586d89ba3ee?auto=format&fit=crop&w=1200&q=80,https://images.unsplash.com/photo-1500530855697-b586d89ba3ee?auto=format&fit=crop&w=1200&q=80,"{公园,西安市,陕西省}"
796,御道广场,西安市,自强东路大明宫遗址·御道遗址附近,1,4.20,0,generic_unsplash_fallback,https://images.unsplash.com/photo-1444723121867-7a241cacace9?auto=format&fit=crop&w=1200&q=80,https://images.unsplash.com/photo-1444723121867-7a241cacace9?auto=format&fit=crop&w=1200&q=80,"{城市广场,西安市,陕西省}"
825,长安公园,西安市,城南大道,1,4.20,0,generic_unsplash_fallback,https://images.unsplash.com/photo-1500530855697-b586d89ba3ee?auto=format&fit=crop&w=1200&q=80,https://images.unsplash.com/photo-1500530855697-b586d89ba3ee?auto=format&fit=crop&w=1200&q=80,"{公园,西安市,陕西省}"
836,长安唐村·中国农业公园,西安市,王曲街道办南堡寨村1号长安唐村·南堡古寨,1,4.20,0,generic_unsplash_fallback,https://images.unsplash.com/photo-1500530855697-b586d89ba3ee?auto=format&fit=crop&w=1200&q=80,https://images.unsplash.com/photo-1500530855697-b586d89ba3ee?auto=format&fit=crop&w=1200&q=80,"{风景名胜,西安市,陕西省}"
833,长乐公园,西安市,金花北路35号(近互助立交),1,4.20,0,generic_unsplash_fallback,https://images.unsplash.com/photo-1500530855697-b586d89ba3ee?auto=format&fit=crop&w=1200&q=80,https://images.unsplash.com/photo-1500530855697-b586d89ba3ee?auto=format&fit=crop&w=1200&q=80,"{公园,西安市,陕西省}"
827,中国秦岭终南山世界地质公园,西安市,城南15公里处终南山国家森林公园,1,4.20,0,generic_unsplash_fallback,https://images.unsplash.com/photo-1500530855697-b586d89ba3ee?auto=format&fit=crop&w=1200&q=80,https://images.unsplash.com/photo-1500530855697-b586d89ba3ee?auto=format&fit=crop&w=1200&q=80,"{公园,西安市,陕西省}"
815,中心广场,西安市,凤城四路附近,1,4.20,0,generic_unsplash_fallback,https://images.unsplash.com/photo-1444723121867-7a241cacace9?auto=format&fit=crop&w=1200&q=80,https://images.unsplash.com/photo-1444723121867-7a241cacace9?auto=format&fit=crop&w=1200&q=80,"{城市广场,西安市,陕西省}"
822,终南山南五台景区,西安市,五台街办南五台景区,1,4.20,0,generic_unsplash_fallback,https://images.unsplash.com/photo-1469854523086-cc02fe5d8800?auto=format&fit=crop&w=1200&q=80,https://images.unsplash.com/photo-1469854523086-cc02fe5d8800?auto=format&fit=crop&w=1200&q=80,"{省级景点,西安市,陕西省}"
826,朱雀国家森林公园,西安市,涝峪八里坪,1,4.20,0,generic_unsplash_fallback,https://images.unsplash.com/photo-1500530855697-b586d89ba3ee?auto=format&fit=crop&w=1200&q=80,https://images.unsplash.com/photo-1500530855697-b586d89ba3ee?auto=format&fit=crop&w=1200&q=80,"{公园,西安市,陕西省}"
782,紫薇湖,西安市,六村堡街道咸阳湖景区,1,4.20,0,generic_unsplash_fallback,https://images.unsplash.com/photo-1469854523086-cc02fe5d8800?auto=format&fit=crop&w=1200&q=80,https://images.unsplash.com/photo-1469854523086-cc02fe5d8800?auto=format&fit=crop&w=1200&q=80,"{风景名胜,西安市,陕西省}"
2356,白沙滩公园,西宁市,文逸路4号西北方向120米,1,4.20,0,generic_unsplash_fallback,https://images.unsplash.com/photo-1500530855697-b586d89ba3ee?auto=format&fit=crop&w=1200&q=80,https://images.unsplash.com/photo-1500530855697-b586d89ba3ee?auto=format&fit=crop&w=1200&q=80,"{公园,西宁市,青海省}"
2367,北川河湿地公园水帘洞,西宁市,朝阳西路85号,1,4.20,0,generic_unsplash_fallback,https://images.unsplash.com/photo-1500530855697-b586d89ba3ee?auto=format&fit=crop&w=1200&q=80,https://images.unsplash.com/photo-1500530855697-b586d89ba3ee?auto=format&fit=crop&w=1200&q=80,"{风景名胜,西宁市,青海省}"
2346,北川青唐城康养避暑小镇,西宁市,纬二路与苏木莲路交叉口北320米,1,4.20,0,generic_unsplash_fallback,https://images.unsplash.com/photo-1469854523086-cc02fe5d8800?auto=format&fit=crop&w=1200&q=80,https://images.unsplash.com/photo-1469854523086-cc02fe5d8800?auto=format&fit=crop&w=1200&q=80,"{旅游景点,西宁市,青海省}"
2340,北山美丽园,西宁市,林家崖路,1,4.20,0,generic_unsplash_fallback,https://images.unsplash.com/photo-1500530855697-b586d89ba3ee?auto=format&fit=crop&w=1200&q=80,https://images.unsplash.com/photo-1500530855697-b586d89ba3ee?auto=format&fit=crop&w=1200&q=80,"{公园,西宁市,青海省}"
2343,北山美丽园湿地公园,西宁市,林家崖街道,1,4.20,0,generic_unsplash_fallback,https://images.unsplash.com/photo-1500530855697-b586d89ba3ee?auto=format&fit=crop&w=1200&q=80,https://images.unsplash.com/photo-1500530855697-b586d89ba3ee?auto=format&fit=crop&w=1200&q=80,"{公园,西宁市,青海省}"
2366,碧山生态公园,西宁市,火烧沟沟口东侧,1,4.20,0,generic_unsplash_fallback,https://images.unsplash.com/photo-1500530855697-b586d89ba3ee?auto=format&fit=crop&w=1200&q=80,https://images.unsplash.com/photo-1500530855697-b586d89ba3ee?auto=format&fit=crop&w=1200&q=80,"{公园,西宁市,青海省}"
2374,柴达木公园,西宁市,海西路19号东北方向100米,1,4.20,0,generic_unsplash_fallback,https://images.unsplash.com/photo-1500530855697-b586d89ba3ee?auto=format&fit=crop&w=1200&q=80,https://images.unsplash.com/photo-1500530855697-b586d89ba3ee?auto=format&fit=crop&w=1200&q=80,"{公园,西宁市,青海省}"
2339,朝阳公园,西宁市,门源路44号对面,1,4.20,0,generic_unsplash_fallback,https://images.unsplash.com/photo-1500530855697-b586d89ba3ee?auto=format&fit=crop&w=1200&q=80,https://images.unsplash.com/photo-1500530855697-b586d89ba3ee?auto=format&fit=crop&w=1200&q=80,"{公园,西宁市,青海省}"
2377,朝阳广场,西宁市,门源路17号,1,4.20,0,generic_unsplash_fallback,https://images.unsplash.com/photo-1444723121867-7a241cacace9?auto=format&fit=crop&w=1200&q=80,https://images.unsplash.com/photo-1444723121867-7a241cacace9?auto=format&fit=crop&w=1200&q=80,"{城市广场,西宁市,青海省}"
2375,朝阳绿岛公园,西宁市,兰西高速公路北,1,4.20,0,generic_unsplash_fallback,https://images.unsplash.com/photo-1500530855697-b586d89ba3ee?auto=format&fit=crop&w=1200&q=80,https://images.unsplash.com/photo-1500530855697-b586d89ba3ee?auto=format&fit=crop&w=1200&q=80,"{公园,西宁市,青海省}"
2353,城西区体育公园,西宁市,彭家寨镇西川南路67号,1,4.20,0,generic_unsplash_fallback,https://images.unsplash.com/photo-1500530855697-b586d89ba3ee?auto=format&fit=crop&w=1200&q=80,https://images.unsplash.com/photo-1500530855697-b586d89ba3ee?auto=format&fit=crop&w=1200&q=80,"{公园,西宁市,青海省}"
2361,大佛寺,西宁市,教场街3号,1,4.20,0,generic_unsplash_fallback,https://images.unsplash.com/photo-1513415756790-2ac1db1297d0?auto=format&fit=crop&w=1200&q=80,https://images.unsplash.com/photo-1513415756790-2ac1db1297d0?auto=format&fit=crop&w=1200&q=80,"{寺庙道观,西宁市,青海省}"
2390,大通国家森林公园鹞子沟风景区,西宁市,东峡路1号,1,4.20,0,generic_unsplash_fallback,https://images.unsplash.com/photo-1500530855697-b586d89ba3ee?auto=format&fit=crop&w=1200&q=80,https://images.unsplash.com/photo-1500530855697-b586d89ba3ee?auto=format&fit=crop&w=1200&q=80,"{风景名胜,西宁市,青海省}"
2364,大新街西宁打卡墙,西宁市,大新街7号,1,4.20,0,generic_unsplash_fallback,https://images.unsplash.com/photo-1519608487953-e999c86e7455?auto=format&fit=crop&w=1200&q=80,https://images.unsplash.com/photo-1519608487953-e999c86e7455?auto=format&fit=crop&w=1200&q=80,"{旅游景点,西宁市,青海省}"
2398,丁香园,西宁市,南山路,1,4.20,0,generic_unsplash_fallback,https://images.unsplash.com/photo-1469854523086-cc02fe5d8800?auto=format&fit=crop&w=1200&q=80,https://images.unsplash.com/photo-1469854523086-cc02fe5d8800?auto=format&fit=crop&w=1200&q=80,"{旅游景点,西宁市,青海省}"
2347,海湖广场,西宁市,五四西路72号海湖新区,1,4.20,0,generic_unsplash_fallback,https://images.unsplash.com/photo-1444723121867-7a241cacace9?auto=format&fit=crop&w=1200&q=80,https://images.unsplash.com/photo-1444723121867-7a241cacace9?auto=format&fit=crop&w=1200&q=80,"{城市广场,西宁市,青海省}"
2395,海湖湿地花海,西宁市,海晏路与光华路交叉口北260米,1,4.20,0,generic_unsplash_fallback,https://images.unsplash.com/photo-1469854523086-cc02fe5d8800?auto=format&fit=crop&w=1200&q=80,https://images.unsplash.com/photo-1469854523086-cc02fe5d8800?auto=format&fit=crop&w=1200&q=80,"{风景名胜,西宁市,青海省}"
2389,湖影亭,西宁市,莲花湖景区(西北角),1,4.20,0,generic_unsplash_fallback,https://images.unsplash.com/photo-1469854523086-cc02fe5d8800?auto=format&fit=crop&w=1200&q=80,https://images.unsplash.com/photo-1469854523086-cc02fe5d8800?auto=format&fit=crop&w=1200&q=80,"{旅游景点,西宁市,青海省}"
2360,湟水森林公园,西宁市,西川南路127号,1,4.20,0,generic_unsplash_fallback,https://images.unsplash.com/photo-1500530855697-b586d89ba3ee?auto=format&fit=crop&w=1200&q=80,https://images.unsplash.com/photo-1500530855697-b586d89ba3ee?auto=format&fit=crop&w=1200&q=80,"{风景名胜,西宁市,青海省}"
2342,湟水湿地公园,西宁市,海晏路绿地云香郡北,1,4.20,0,generic_unsplash_fallback,https://images.unsplash.com/photo-1500530855697-b586d89ba3ee?auto=format&fit=crop&w=1200&q=80,https://images.unsplash.com/photo-1500530855697-b586d89ba3ee?auto=format&fit=crop&w=1200&q=80,"{公园,西宁市,青海省}"
2376,昆仲竞浴,西宁市,黄河路21号,1,4.20,0,generic_unsplash_fallback,https://images.unsplash.com/photo-1469854523086-cc02fe5d8800?auto=format&fit=crop&w=1200&q=80,https://images.unsplash.com/photo-1469854523086-cc02fe5d8800?auto=format&fit=crop&w=1200&q=80,"{旅游景点,西宁市,青海省}"
2349,狼窝沟公园,西宁市,宁大路247号,1,4.20,0,generic_unsplash_fallback,https://images.unsplash.com/photo-1500530855697-b586d89ba3ee?auto=format&fit=crop&w=1200&q=80,https://images.unsplash.com/photo-1500530855697-b586d89ba3ee?auto=format&fit=crop&w=1200&q=80,"{公园,西宁市,青海省}"
2388,莲花湖景区,西宁市,鲁沙尔镇成佛路(香巴林卡后门),1,4.20,0,generic_unsplash_fallback,https://images.unsplash.com/photo-1500530855697-b586d89ba3ee?auto=format&fit=crop&w=1200&q=80,https://images.unsplash.com/photo-1500530855697-b586d89ba3ee?auto=format&fit=crop&w=1200&q=80,"{公园,西宁市,青海省}"
2378,鲁青水上公园,西宁市,同仁路2号,1,4.20,0,generic_unsplash_fallback,https://images.unsplash.com/photo-1500530855697-b586d89ba3ee?auto=format&fit=crop&w=1200&q=80,https://images.unsplash.com/photo-1500530855697-b586d89ba3ee?auto=format&fit=crop&w=1200&q=80,"{公园,西宁市,青海省}"
2345,曼境堂,西宁市,经二路63号,1,4.20,0,generic_unsplash_fallback,https://images.unsplash.com/photo-1469854523086-cc02fe5d8800?auto=format&fit=crop&w=1200&q=80,https://images.unsplash.com/photo-1469854523086-cc02fe5d8800?auto=format&fit=crop&w=1200&q=80,"{风景名胜,西宁市,青海省}"
2385,妙趣园,西宁市,黄河路29号麒麟湾商街E座麒麟湾公园内(北侧),1,4.20,0,generic_unsplash_fallback,https://images.unsplash.com/photo-1469854523086-cc02fe5d8800?auto=format&fit=crop&w=1200&q=80,https://images.unsplash.com/photo-1469854523086-cc02fe5d8800?auto=format&fit=crop&w=1200&q=80,"{旅游景点,西宁市,青海省}"
2394,南川公园,西宁市,南川东路(南苑小区南),1,4.20,0,generic_unsplash_fallback,https://images.unsplash.com/photo-1500530855697-b586d89ba3ee?auto=format&fit=crop&w=1200&q=80,https://images.unsplash.com/photo-1500530855697-b586d89ba3ee?auto=format&fit=crop&w=1200&q=80,"{公园,西宁市,青海省}"
2334,南山公园,西宁市,凤凰山路211号,1,4.20,0,generic_unsplash_fallback,https://images.unsplash.com/photo-1500530855697-b586d89ba3ee?auto=format&fit=crop&w=1200&q=80,https://images.unsplash.com/photo-1500530855697-b586d89ba3ee?auto=format&fit=crop&w=1200&q=80,"{省级景点,西宁市,青海省}"
2382,南山公园全民健身公园,西宁市,凤凰山路211号南山公园(西北角),1,4.20,0,generic_unsplash_fallback,https://images.unsplash.com/photo-1500530855697-b586d89ba3ee?auto=format&fit=crop&w=1200&q=80,https://images.unsplash.com/photo-1500530855697-b586d89ba3ee?auto=format&fit=crop&w=1200&q=80,"{公园,西宁市,青海省}"
2381,浦宁友好园,西宁市,凤凰山路211号南山公园内(西侧),1,4.20,0,generic_unsplash_fallback,https://images.unsplash.com/photo-1469854523086-cc02fe5d8800?auto=format&fit=crop&w=1200&q=80,https://images.unsplash.com/photo-1469854523086-cc02fe5d8800?auto=format&fit=crop&w=1200&q=80,"{旅游景点,西宁市,青海省}"
2330,麒麟湾公园,西宁市,黄河路昆仑壹号东侧,1,4.20,0,generic_unsplash_fallback,https://images.unsplash.com/photo-1500530855697-b586d89ba3ee?auto=format&fit=crop&w=1200&q=80,https://images.unsplash.com/photo-1500530855697-b586d89ba3ee?auto=format&fit=crop&w=1200&q=80,"{公园,西宁市,青海省}"
2392,桥头公园,西宁市,惠林家园2单元30楼2302号,1,4.20,0,generic_unsplash_fallback,https://images.unsplash.com/photo-1500530855697-b586d89ba3ee?auto=format&fit=crop&w=1200&q=80,https://images.unsplash.com/photo-1500530855697-b586d89ba3ee?auto=format&fit=crop&w=1200&q=80,"{公园,西宁市,青海省}"
2362,青藏高原野生动物园-大型珍稀动物馆,西宁市,行知路9号西宁野生动物园,1,4.20,0,generic_unsplash_fallback,https://images.unsplash.com/photo-1469854523086-cc02fe5d8800?auto=format&fit=crop&w=1200&q=80,https://images.unsplash.com/photo-1469854523086-cc02fe5d8800?auto=format&fit=crop&w=1200&q=80,"{旅游景点,西宁市,青海省}"
2352,青藏高原野生动物园-雪豹馆,西宁市,行知路青藏野生动物园内,1,4.20,0,generic_unsplash_fallback,https://images.unsplash.com/photo-1469854523086-cc02fe5d8800?auto=format&fit=crop&w=1200&q=80,https://images.unsplash.com/photo-1469854523086-cc02fe5d8800?auto=format&fit=crop&w=1200&q=80,"{旅游景点,西宁市,青海省}"
2338,青甘线甘南线旅游,西宁市,人民街与北斗宫街交叉口南140米,1,4.20,0,generic_unsplash_fallback,https://images.unsplash.com/photo-1469854523086-cc02fe5d8800?auto=format&fit=crop&w=1200&q=80,https://images.unsplash.com/photo-1469854523086-cc02fe5d8800?auto=format&fit=crop&w=1200&q=80,"{旅游景点,西宁市,青海省}"
2371,青唐城冰雪小镇,西宁市,纬二路与苏木莲路交叉口西北40米,1,4.20,0,generic_unsplash_fallback,https://images.unsplash.com/photo-1469854523086-cc02fe5d8800?auto=format&fit=crop&w=1200&q=80,https://images.unsplash.com/photo-1469854523086-cc02fe5d8800?auto=format&fit=crop&w=1200&q=80,"{旅游景点,西宁市,青海省}"
2393,青唐城遗址公园,西宁市,南小街68号近全民健身中心,1,4.20,0,generic_unsplash_fallback,https://images.unsplash.com/photo-1500530855697-b586d89ba3ee?auto=format&fit=crop&w=1200&q=80,https://images.unsplash.com/photo-1500530855697-b586d89ba3ee?auto=format&fit=crop&w=1200&q=80,"{公园,西宁市,青海省}"
2369,青唐花街,西宁市,苏木莲路和纬二路交汇处,1,4.20,0,generic_unsplash_fallback,https://images.unsplash.com/photo-1519608487953-e999c86e7455?auto=format&fit=crop&w=1200&q=80,https://images.unsplash.com/photo-1519608487953-e999c86e7455?auto=format&fit=crop&w=1200&q=80,"{旅游景点,西宁市,青海省}"
2386,群加国家森林公园,西宁市,扎哈公路东200米,1,4.20,0,generic_unsplash_fallback,https://images.unsplash.com/photo-1500530855697-b586d89ba3ee?auto=format&fit=crop&w=1200&q=80,https://images.unsplash.com/photo-1500530855697-b586d89ba3ee?auto=format&fit=crop&w=1200&q=80,"{风景名胜,西宁市,青海省}"
2328,人民公园,西宁市,胜利路72号(小桥大街口),1,4.20,0,generic_unsplash_fallback,https://images.unsplash.com/photo-1500530855697-b586d89ba3ee?auto=format&fit=crop&w=1200&q=80,https://images.unsplash.com/photo-1500530855697-b586d89ba3ee?auto=format&fit=crop&w=1200&q=80,"{公园,西宁市,青海省}"
2341,萨尔斯堡西区二期广场,西宁市,美丽水街与湟水北路交叉口西200米,1,4.20,0,generic_unsplash_fallback,https://images.unsplash.com/photo-1444723121867-7a241cacace9?auto=format&fit=crop&w=1200&q=80,https://images.unsplash.com/photo-1444723121867-7a241cacace9?auto=format&fit=crop&w=1200&q=80,"{城市广场,西宁市,青海省}"
2358,三角花园,西宁市,七一路与长江路交叉口东南100米,1,4.20,0,generic_unsplash_fallback,https://images.unsplash.com/photo-1500530855697-b586d89ba3ee?auto=format&fit=crop&w=1200&q=80,https://images.unsplash.com/photo-1500530855697-b586d89ba3ee?auto=format&fit=crop&w=1200&q=80,"{公园,西宁市,青海省}"
2348,沈那公园,西宁市,勤勉街与小桥大街交叉口西南360米,1,4.20,0,generic_unsplash_fallback,https://images.unsplash.com/photo-1500530855697-b586d89ba3ee?auto=format&fit=crop&w=1200&q=80,https://images.unsplash.com/photo-1500530855697-b586d89ba3ee?auto=format&fit=crop&w=1200&q=80,"{公园,西宁市,青海省}"
2370,沈那遗址,西宁市,建北巷三叉路口,1,4.20,0,generic_unsplash_fallback,https://images.unsplash.com/photo-1469854523086-cc02fe5d8800?auto=format&fit=crop&w=1200&q=80,https://images.unsplash.com/photo-1469854523086-cc02fe5d8800?auto=format&fit=crop&w=1200&q=80,"{旅游景点,西宁市,青海省}"
2372,生物园广场,西宁市,纬二路与经二路交汇处西南130米,1,4.20,0,generic_unsplash_fallback,https://images.unsplash.com/photo-1444723121867-7a241cacace9?auto=format&fit=crop&w=1200&q=80,https://images.unsplash.com/photo-1444723121867-7a241cacace9?auto=format&fit=crop&w=1200&q=80,"{城市广场,西宁市,青海省}"
2363,泰宁花园广场,西宁市,夏都大街与康南巷交叉口东北200米,1,4.20,0,generic_unsplash_fallback,https://images.unsplash.com/photo-1444723121867-7a241cacace9?auto=format&fit=crop&w=1200&q=80,https://images.unsplash.com/photo-1444723121867-7a241cacace9?auto=format&fit=crop&w=1200&q=80,"{风景名胜,西宁市,青海省}"
2336,土楼观,西宁市,祁连路48号北山半山腰上,1,4.20,0,generic_unsplash_fallback,https://images.unsplash.com/photo-1469854523086-cc02fe5d8800?auto=format&fit=crop&w=1200&q=80,https://images.unsplash.com/photo-1469854523086-cc02fe5d8800?auto=format&fit=crop&w=1200&q=80,"{寺庙道观,西宁市,青海省}"
2331,文化公园,西宁市,海晏路72号,1,4.20,0,generic_unsplash_fallback,https://images.unsplash.com/photo-1500530855697-b586d89ba3ee?auto=format&fit=crop&w=1200&q=80,https://images.unsplash.com/photo-1500530855697-b586d89ba3ee?auto=format&fit=crop&w=1200&q=80,"{公园,西宁市,青海省}"
2355,文庙,西宁市,文化街18号,1,4.20,0,generic_unsplash_fallback,https://images.unsplash.com/photo-1513415756790-2ac1db1297d0?auto=format&fit=crop&w=1200&q=80,https://images.unsplash.com/photo-1513415756790-2ac1db1297d0?auto=format&fit=crop&w=1200&q=80,"{寺庙道观,西宁市,青海省}"
2396,西郊乐园,西宁市,湟水湿地公园内(东侧),1,4.20,0,generic_unsplash_fallback,https://images.unsplash.com/photo-1500530855697-b586d89ba3ee?auto=format&fit=crop&w=1200&q=80,https://images.unsplash.com/photo-1500530855697-b586d89ba3ee?auto=format&fit=crop&w=1200&q=80,"{公园,西宁市,青海省}"
2350,西宁北山大墩岭景区,西宁市,西宁北山美丽园北山烟雨景区附近,1,4.20,0,generic_unsplash_fallback,https://images.unsplash.com/photo-1469854523086-cc02fe5d8800?auto=format&fit=crop&w=1200&q=80,https://images.unsplash.com/photo-1469854523086-cc02fe5d8800?auto=format&fit=crop&w=1200&q=80,"{国家级景点,西宁市,青海省}"
2335,西宁东关清真大寺,西宁市,东关大街34号,1,4.20,0,generic_unsplash_fallback,https://images.unsplash.com/photo-1513415756790-2ac1db1297d0?auto=format&fit=crop&w=1200&q=80,https://images.unsplash.com/photo-1513415756790-2ac1db1297d0?auto=format&fit=crop&w=1200&q=80,"{回教寺,西宁市,青海省}"
2387,西宁甘河城市郊野公园,西宁市,甘河工业园多巴镇下扎扎村,1,4.20,0,generic_unsplash_fallback,https://images.unsplash.com/photo-1500530855697-b586d89ba3ee?auto=format&fit=crop&w=1200&q=80,https://images.unsplash.com/photo-1500530855697-b586d89ba3ee?auto=format&fit=crop&w=1200&q=80,"{公园,西宁市,青海省}"
2373,西宁湟水国家湿地公园,西宁市,海湖路立交桥与柴达木路交叉口西南380米,1,4.20,0,generic_unsplash_fallback,https://images.unsplash.com/photo-1500530855697-b586d89ba3ee?auto=format&fit=crop&w=1200&q=80,https://images.unsplash.com/photo-1500530855697-b586d89ba3ee?auto=format&fit=crop&w=1200&q=80,"{公园,西宁市,青海省}"
2359,西宁南凉虎台遗址公园,西宁市,虎台公交站附近,1,4.20,0,generic_unsplash_fallback,https://images.unsplash.com/photo-1500530855697-b586d89ba3ee?auto=format&fit=crop&w=1200&q=80,https://images.unsplash.com/photo-1500530855697-b586d89ba3ee?auto=format&fit=crop&w=1200&q=80,"{公园,西宁市,青海省}"
2357,西宁浦宁之珠,西宁市,虎台街道西山一巷5号,1,4.20,0,generic_unsplash_fallback,https://images.unsplash.com/photo-1469854523086-cc02fe5d8800?auto=format&fit=crop&w=1200&q=80,https://images.unsplash.com/photo-1469854523086-cc02fe5d8800?auto=format&fit=crop&w=1200&q=80,"{旅游景点,西宁市,青海省}"
2379,西宁市人民公园-西花房,西宁市,胜利路西宁市人民公园,1,4.20,0,generic_unsplash_fallback,https://images.unsplash.com/photo-1500530855697-b586d89ba3ee?auto=format&fit=crop&w=1200&q=80,https://images.unsplash.com/photo-1500530855697-b586d89ba3ee?auto=format&fit=crop&w=1200&q=80,"{旅游景点,西宁市,青海省}"
2333,西宁市体育公园,西宁市,海湖大道附近,1,4.20,0,generic_unsplash_fallback,https://images.unsplash.com/photo-1500530855697-b586d89ba3ee?auto=format&fit=crop&w=1200&q=80,https://images.unsplash.com/photo-1500530855697-b586d89ba3ee?auto=format&fit=crop&w=1200&q=80,"{公园,西宁市,青海省}"
2329,西宁野生动物园,西宁市,行知路9号,1,4.20,0,generic_unsplash_fallback,https://images.unsplash.com/photo-1469854523086-cc02fe5d8800?auto=format&fit=crop&w=1200&q=80,https://images.unsplash.com/photo-1469854523086-cc02fe5d8800?auto=format&fit=crop&w=1200&q=80,"{动物园,西宁市,青海省}"
2337,西宁之眼,西宁市,远山与风野奢露营基地东南侧90米,1,4.20,0,generic_unsplash_fallback,https://images.unsplash.com/photo-1469854523086-cc02fe5d8800?auto=format&fit=crop&w=1200&q=80,https://images.unsplash.com/photo-1469854523086-cc02fe5d8800?auto=format&fit=crop&w=1200&q=80,"{旅游景点,西宁市,青海省}"
2332,西宁植物园,西宁市,虎台街道古城台街道西山三巷5号,1,4.20,0,generic_unsplash_fallback,https://images.unsplash.com/photo-1469854523086-cc02fe5d8800?auto=format&fit=crop&w=1200&q=80,https://images.unsplash.com/photo-1469854523086-cc02fe5d8800?auto=format&fit=crop&w=1200&q=80,"{植物园,西宁市,青海省}"
2397,行知公园,西宁市,行知路和昆仑路路口处,1,4.20,0,generic_unsplash_fallback,https://images.unsplash.com/photo-1500530855697-b586d89ba3ee?auto=format&fit=crop&w=1200&q=80,https://images.unsplash.com/photo-1500530855697-b586d89ba3ee?auto=format&fit=crop&w=1200&q=80,"{公园,西宁市,青海省}"
2344,秀水路城市公园,西宁市,七一西路辅路与同仁路交叉口东240米,1,4.20,0,generic_unsplash_fallback,https://images.unsplash.com/photo-1500530855697-b586d89ba3ee?auto=format&fit=crop&w=1200&q=80,https://images.unsplash.com/photo-1500530855697-b586d89ba3ee?auto=format&fit=crop&w=1200&q=80,"{公园,西宁市,青海省}"
2354,中华枸杞养生苑,西宁市,昆仑东路21号三江雪广场,1,4.20,0,generic_unsplash_fallback,https://images.unsplash.com/photo-1469854523086-cc02fe5d8800?auto=format&fit=crop&w=1200&q=80,https://images.unsplash.com/photo-1469854523086-cc02fe5d8800?auto=format&fit=crop&w=1200&q=80,"{风景名胜,西宁市,青海省}"
2368,中心广场,西宁市,西门王府井百货附近,1,4.20,0,generic_unsplash_fallback,https://images.unsplash.com/photo-1500530855697-b586d89ba3ee?auto=format&fit=crop&w=1200&q=80,https://images.unsplash.com/photo-1500530855697-b586d89ba3ee?auto=format&fit=crop&w=1200&q=80,"{公园广场,西宁市,青海省}"
2351,中心广场北广场,西宁市,七一路,1,4.20,0,generic_unsplash_fallback,https://images.unsplash.com/photo-1444723121867-7a241cacace9?auto=format&fit=crop&w=1200&q=80,https://images.unsplash.com/photo-1444723121867-7a241cacace9?auto=format&fit=crop&w=1200&q=80,"{城市广场,西宁市,青海省}"
2365,宗喀大慈宏觉寺,西宁市,莫家街,1,4.20,0,generic_unsplash_fallback,https://images.unsplash.com/photo-1513415756790-2ac1db1297d0?auto=format&fit=crop&w=1200&q=80,https://images.unsplash.com/photo-1513415756790-2ac1db1297d0?auto=format&fit=crop&w=1200&q=80,"{寺庙道观,西宁市,青海省}"
2244,八一公园,银川市,贺兰山西路与爱民巷交汇处,1,4.20,0,generic_unsplash_fallback,https://images.unsplash.com/photo-1500530855697-b586d89ba3ee?auto=format&fit=crop&w=1200&q=80,https://images.unsplash.com/photo-1500530855697-b586d89ba3ee?auto=format&fit=crop&w=1200&q=80,"{公园,银川市,宁夏回族自治区}"
2253,白芨滩沙漠公园,银川市,"",1,4.20,0,generic_unsplash_fallback,https://images.unsplash.com/photo-1500530855697-b586d89ba3ee?auto=format&fit=crop&w=1200&q=80,https://images.unsplash.com/photo-1500530855697-b586d89ba3ee?auto=format&fit=crop&w=1200&q=80,"{公园广场,银川市,宁夏回族自治区}"
2227,晨晚练广场,银川市,黄河东路与绿园巷交叉口北40米,1,4.20,0,generic_unsplash_fallback,https://images.unsplash.com/photo-1444723121867-7a241cacace9?auto=format&fit=crop&w=1200&q=80,https://images.unsplash.com/photo-1444723121867-7a241cacace9?auto=format&fit=crop&w=1200&q=80,"{城市广场,银川市,宁夏回族自治区}"
2206,城市之眼,银川市,宁安北街1号,1,4.20,0,generic_unsplash_fallback,https://images.unsplash.com/photo-1469854523086-cc02fe5d8800?auto=format&fit=crop&w=1200&q=80,https://images.unsplash.com/photo-1469854523086-cc02fe5d8800?auto=format&fit=crop&w=1200&q=80,"{风景名胜,银川市,宁夏回族自治区}"
2204,大碱湖湿地公园,银川市,大连东路与阅福路交叉口西北240米,1,4.20,0,generic_unsplash_fallback,https://images.unsplash.com/photo-1500530855697-b586d89ba3ee?auto=format&fit=crop&w=1200&q=80,https://images.unsplash.com/photo-1500530855697-b586d89ba3ee?auto=format&fit=crop&w=1200&q=80,"{风景名胜,银川市,宁夏回族自治区}"
2215,大团结广场,银川市,银古路街道丽景南街206号,1,4.20,0,generic_unsplash_fallback,https://images.unsplash.com/photo-1444723121867-7a241cacace9?auto=format&fit=crop&w=1200&q=80,https://images.unsplash.com/photo-1444723121867-7a241cacace9?auto=format&fit=crop&w=1200&q=80,"{城市广场,银川市,宁夏回族自治区}"
2226,德馨公园,银川市,上海西路与人民广场东街交叉口西侧,1,4.20,0,generic_unsplash_fallback,https://images.unsplash.com/photo-1500530855697-b586d89ba3ee?auto=format&fit=crop&w=1200&q=80,https://images.unsplash.com/photo-1500530855697-b586d89ba3ee?auto=format&fit=crop&w=1200&q=80,"{公园,银川市,宁夏回族自治区}"
2219,德馨公园(南区),银川市,德馨公园,1,4.20,0,generic_unsplash_fallback,https://images.unsplash.com/photo-1500530855697-b586d89ba3ee?auto=format&fit=crop&w=1200&q=80,https://images.unsplash.com/photo-1500530855697-b586d89ba3ee?auto=format&fit=crop&w=1200&q=80,"{公园,银川市,宁夏回族自治区}"
2228,地藏寺,银川市,前进街173号,1,4.20,0,generic_unsplash_fallback,https://images.unsplash.com/photo-1513415756790-2ac1db1297d0?auto=format&fit=crop&w=1200&q=80,https://images.unsplash.com/photo-1513415756790-2ac1db1297d0?auto=format&fit=crop&w=1200&q=80,"{寺庙道观,银川市,宁夏回族自治区}"
2190,典农河滨水景观公园,银川市,亲水南大街与长城中路交叉口,1,4.20,0,generic_unsplash_fallback,https://images.unsplash.com/photo-1500530855697-b586d89ba3ee?auto=format&fit=crop&w=1200&q=80,https://images.unsplash.com/photo-1500530855697-b586d89ba3ee?auto=format&fit=crop&w=1200&q=80,"{公园,银川市,宁夏回族自治区}"
2201,凤凰碑,银川市,解放西街315号,1,4.20,0,generic_unsplash_fallback,https://images.unsplash.com/photo-1469854523086-cc02fe5d8800?auto=format&fit=crop&w=1200&q=80,https://images.unsplash.com/photo-1469854523086-cc02fe5d8800?auto=format&fit=crop&w=1200&q=80,"{风景名胜,银川市,宁夏回族自治区}"
2183,凤凰公园,银川市,上海西路与亲水北大街交汇处东北侧,1,4.20,0,generic_unsplash_fallback,https://images.unsplash.com/photo-1500530855697-b586d89ba3ee?auto=format&fit=crop&w=1200&q=80,https://images.unsplash.com/photo-1500530855697-b586d89ba3ee?auto=format&fit=crop&w=1200&q=80,"{公园,银川市,宁夏回族自治区}"
2188,鼓楼,银川市,解放东街和鼓楼南北街十字路口,1,4.20,0,generic_unsplash_fallback,https://images.unsplash.com/photo-1519608487953-e999c86e7455?auto=format&fit=crop&w=1200&q=80,https://images.unsplash.com/photo-1519608487953-e999c86e7455?auto=format&fit=crop&w=1200&q=80,"{城市漫步,胡同,摄影,休闲,夜游,美食}"
2196,光明广场,银川市,公园街10号,1,4.20,0,generic_unsplash_fallback,https://images.unsplash.com/photo-1444723121867-7a241cacace9?auto=format&fit=crop&w=1200&q=80,https://images.unsplash.com/photo-1444723121867-7a241cacace9?auto=format&fit=crop&w=1200&q=80,"{城市广场,银川市,宁夏回族自治区}"
2202,海宝塔寺,银川市,民族北街路西(北塔湖北侧),1,4.20,0,generic_unsplash_fallback,https://images.unsplash.com/photo-1513415756790-2ac1db1297d0?auto=format&fit=crop&w=1200&q=80,https://images.unsplash.com/photo-1513415756790-2ac1db1297d0?auto=format&fit=crop&w=1200&q=80,"{寺庙道观,银川市,宁夏回族自治区}"
2236,贺兰山运动公园,银川市,110国道西侧志辉酒庄西边,1,4.20,0,generic_unsplash_fallback,https://images.unsplash.com/photo-1500530855697-b586d89ba3ee?auto=format&fit=crop&w=1200&q=80,https://images.unsplash.com/photo-1500530855697-b586d89ba3ee?auto=format&fit=crop&w=1200&q=80,"{公园,银川市,宁夏回族自治区}"
2211,贺兰山自然保护区,银川市,110国道,1,4.20,0,generic_unsplash_fallback,https://images.unsplash.com/photo-1469854523086-cc02fe5d8800?auto=format&fit=crop&w=1200&q=80,https://images.unsplash.com/photo-1469854523086-cc02fe5d8800?auto=format&fit=crop&w=1200&q=80,"{国家级景点,银川市,宁夏回族自治区}"
2213,华雁湖公园,银川市,紫檀水景西门正对面,1,4.20,0,generic_unsplash_fallback,https://images.unsplash.com/photo-1500530855697-b586d89ba3ee?auto=format&fit=crop&w=1200&q=80,https://images.unsplash.com/photo-1500530855697-b586d89ba3ee?auto=format&fit=crop&w=1200&q=80,"{公园,银川市,宁夏回族自治区}"
2239,黄河湿地公园,银川市,滨河大道,1,4.20,0,generic_unsplash_fallback,https://images.unsplash.com/photo-1500530855697-b586d89ba3ee?auto=format&fit=crop&w=1200&q=80,https://images.unsplash.com/photo-1500530855697-b586d89ba3ee?auto=format&fit=crop&w=1200&q=80,"{旅游景点,银川市,宁夏回族自治区}"
2238,节水主题公园,银川市,兴春路与友爱街交叉路口往东南约250米,1,4.20,0,generic_unsplash_fallback,https://images.unsplash.com/photo-1500530855697-b586d89ba3ee?auto=format&fit=crop&w=1200&q=80,https://images.unsplash.com/photo-1500530855697-b586d89ba3ee?auto=format&fit=crop&w=1200&q=80,"{公园,银川市,宁夏回族自治区}"
2251,解放公园,银川市,北京西路80号,1,4.20,0,generic_unsplash_fallback,https://images.unsplash.com/photo-1500530855697-b586d89ba3ee?auto=format&fit=crop&w=1200&q=80,https://images.unsplash.com/photo-1500530855697-b586d89ba3ee?auto=format&fit=crop&w=1200&q=80,"{公园,银川市,宁夏回族自治区}"
2250,徕龙公园,银川市,109国道与G0601银川绕城高速出口交叉口西北50米,1,4.20,0,generic_unsplash_fallback,https://images.unsplash.com/photo-1500530855697-b586d89ba3ee?auto=format&fit=crop&w=1200&q=80,https://images.unsplash.com/photo-1500530855697-b586d89ba3ee?auto=format&fit=crop&w=1200&q=80,"{公园,银川市,宁夏回族自治区}"
2246,兰山公园,银川市,习岗镇富兴北街,1,4.20,0,generic_unsplash_fallback,https://images.unsplash.com/photo-1500530855697-b586d89ba3ee?auto=format&fit=crop&w=1200&q=80,https://images.unsplash.com/photo-1500530855697-b586d89ba3ee?auto=format&fit=crop&w=1200&q=80,"{公园,银川市,宁夏回族自治区}"
2182,览山公园,银川市,亲水大街与沈阳路交叉口向西300米,1,4.20,0,generic_unsplash_fallback,https://images.unsplash.com/photo-1500530855697-b586d89ba3ee?auto=format&fit=crop&w=1200&q=80,https://images.unsplash.com/photo-1500530855697-b586d89ba3ee?auto=format&fit=crop&w=1200&q=80,"{公园,银川市,宁夏回族自治区}"
2208,丽景湖公园,银川市,丽景街街道丽景北街,1,4.20,0,generic_unsplash_fallback,https://images.unsplash.com/photo-1500530855697-b586d89ba3ee?auto=format&fit=crop&w=1200&q=80,https://images.unsplash.com/photo-1500530855697-b586d89ba3ee?auto=format&fit=crop&w=1200&q=80,"{公园,银川市,宁夏回族自治区}"
2210,龙谕酒庄,银川市,文昌路街道经济技术开发区六盘山路359号,1,4.20,0,generic_unsplash_fallback,https://images.unsplash.com/photo-1469854523086-cc02fe5d8800?auto=format&fit=crop&w=1200&q=80,https://images.unsplash.com/photo-1469854523086-cc02fe5d8800?auto=format&fit=crop&w=1200&q=80,"{国家级景点,银川市,宁夏回族自治区}"
2254,满春园,银川市,通达北街99号,1,4.20,0,generic_unsplash_fallback,https://images.unsplash.com/photo-1500530855697-b586d89ba3ee?auto=format&fit=crop&w=1200&q=80,https://images.unsplash.com/photo-1500530855697-b586d89ba3ee?auto=format&fit=crop&w=1200&q=80,"{公园,银川市,宁夏回族自治区}"
2216,漫葡·看见贺兰沉浸式演艺小镇,银川市,镇北堡影城斜对面,1,4.20,0,generic_unsplash_fallback,https://images.unsplash.com/photo-1469854523086-cc02fe5d8800?auto=format&fit=crop&w=1200&q=80,https://images.unsplash.com/photo-1469854523086-cc02fe5d8800?auto=format&fit=crop&w=1200&q=80,"{风景名胜,银川市,宁夏回族自治区}"
2200,南薰门,银川市,"",1,4.20,0,generic_unsplash_fallback,https://images.unsplash.com/photo-1469854523086-cc02fe5d8800?auto=format&fit=crop&w=1200&q=80,https://images.unsplash.com/photo-1469854523086-cc02fe5d8800?auto=format&fit=crop&w=1200&q=80,"{风景名胜,银川市,宁夏回族自治区}"
2234,宁夏贺兰山国家森林公园,银川市,贺兰山国家级自然保护区内,1,4.20,0,generic_unsplash_fallback,https://images.unsplash.com/photo-1500530855697-b586d89ba3ee?auto=format&fit=crop&w=1200&q=80,https://images.unsplash.com/photo-1500530855697-b586d89ba3ee?auto=format&fit=crop&w=1200&q=80,"{国家级景点,银川市,宁夏回族自治区}"
2235,宁夏贺兰山国家森林公园青松岭,银川市,贺兰山苏峪口国家森林公园内,1,4.20,0,generic_unsplash_fallback,https://images.unsplash.com/photo-1500530855697-b586d89ba3ee?auto=format&fit=crop&w=1200&q=80,https://images.unsplash.com/photo-1500530855697-b586d89ba3ee?auto=format&fit=crop&w=1200&q=80,"{旅游景点,银川市,宁夏回族自治区}"
2248,宁夏鹤泉湖国家湿地公园,银川市,杨和镇永红村宁安大街,1,4.20,0,generic_unsplash_fallback,https://images.unsplash.com/photo-1500530855697-b586d89ba3ee?auto=format&fit=crop&w=1200&q=80,https://images.unsplash.com/photo-1500530855697-b586d89ba3ee?auto=format&fit=crop&w=1200&q=80,"{公园,银川市,宁夏回族自治区}"
2241,宁夏灵武恐龙地质公园,银川市,古石线东150米,1,4.20,0,generic_unsplash_fallback,https://images.unsplash.com/photo-1500530855697-b586d89ba3ee?auto=format&fit=crop&w=1200&q=80,https://images.unsplash.com/photo-1500530855697-b586d89ba3ee?auto=format&fit=crop&w=1200&q=80,"{公园,银川市,宁夏回族自治区}"
2203,清廉广场,银川市,丽景北街与北京东路交叉口西南80米,1,4.20,0,generic_unsplash_fallback,https://images.unsplash.com/photo-1444723121867-7a241cacace9?auto=format&fit=crop&w=1200&q=80,https://images.unsplash.com/photo-1444723121867-7a241cacace9?auto=format&fit=crop&w=1200&q=80,"{城市广场,银川市,宁夏回族自治区}"
2185,人民广场,银川市,北京中路与人民广场东街交叉处西侧,1,4.20,0,generic_unsplash_fallback,https://images.unsplash.com/photo-1444723121867-7a241cacace9?auto=format&fit=crop&w=1200&q=80,https://images.unsplash.com/photo-1444723121867-7a241cacace9?auto=format&fit=crop&w=1200&q=80,"{城市广场,银川市,宁夏回族自治区}"
2186,日新公园,银川市,正源北街与育安巷交叉口东300米,1,4.20,0,generic_unsplash_fallback,https://images.unsplash.com/photo-1500530855697-b586d89ba3ee?auto=format&fit=crop&w=1200&q=80,https://images.unsplash.com/photo-1500530855697-b586d89ba3ee?auto=format&fit=crop&w=1200&q=80,"{公园,银川市,宁夏回族自治区}"
2247,如意湖公园,银川市,习岗镇,1,4.20,0,generic_unsplash_fallback,https://images.unsplash.com/photo-1500530855697-b586d89ba3ee?auto=format&fit=crop&w=1200&q=80,https://images.unsplash.com/photo-1500530855697-b586d89ba3ee?auto=format&fit=crop&w=1200&q=80,"{公园,银川市,宁夏回族自治区}"
2249,三沙源·中央公园,银川市,望远镇三沙源国际生态文化旅游度假区,1,4.20,0,generic_unsplash_fallback,https://images.unsplash.com/photo-1500530855697-b586d89ba3ee?auto=format&fit=crop&w=1200&q=80,https://images.unsplash.com/photo-1500530855697-b586d89ba3ee?auto=format&fit=crop&w=1200&q=80,"{公园,银川市,宁夏回族自治区}"
2212,三沙源国际生态文化旅游度假区,银川市,望远镇,1,4.20,0,generic_unsplash_fallback,https://images.unsplash.com/photo-1469854523086-cc02fe5d8800?auto=format&fit=crop&w=1200&q=80,https://images.unsplash.com/photo-1469854523086-cc02fe5d8800?auto=format&fit=crop&w=1200&q=80,"{风景名胜,银川市,宁夏回族自治区}"
2255,沙枣林公园,银川市,三沙源国际生态文化旅游度假区(东南角),1,4.20,0,generic_unsplash_fallback,https://images.unsplash.com/photo-1500530855697-b586d89ba3ee?auto=format&fit=crop&w=1200&q=80,https://images.unsplash.com/photo-1500530855697-b586d89ba3ee?auto=format&fit=crop&w=1200&q=80,"{公园,银川市,宁夏回族自治区}"
2243,世界枣树博览园,银川市,灵州大道东段两侧,1,4.20,0,generic_unsplash_fallback,https://images.unsplash.com/photo-1500530855697-b586d89ba3ee?auto=format&fit=crop&w=1200&q=80,https://images.unsplash.com/photo-1500530855697-b586d89ba3ee?auto=format&fit=crop&w=1200&q=80,"{公园,银川市,宁夏回族自治区}"
2214,双渠口清真寺,银川市,双渠口村4-87号附近,1,4.20,0,generic_unsplash_fallback,https://images.unsplash.com/photo-1513415756790-2ac1db1297d0?auto=format&fit=crop&w=1200&q=80,https://images.unsplash.com/photo-1513415756790-2ac1db1297d0?auto=format&fit=crop&w=1200&q=80,"{回教寺,银川市,宁夏回族自治区}"
2232,水洞沟旅游区,银川市,临河镇,1,4.20,0,generic_unsplash_fallback,https://images.unsplash.com/photo-1469854523086-cc02fe5d8800?auto=format&fit=crop&w=1200&q=80,https://images.unsplash.com/photo-1469854523086-cc02fe5d8800?auto=format&fit=crop&w=1200&q=80,"{国家级景点,银川市,宁夏回族自治区}"
2184,水上公园,银川市,亲水北大街与南海路交叉口东350米,1,4.20,0,generic_unsplash_fallback,https://images.unsplash.com/photo-1500530855697-b586d89ba3ee?auto=format&fit=crop&w=1200&q=80,https://images.unsplash.com/photo-1500530855697-b586d89ba3ee?auto=format&fit=crop&w=1200&q=80,"{公园,银川市,宁夏回族自治区}"
2230,唐徕公园,银川市,上海西路与正源北街交叉口东300米,1,4.20,0,generic_unsplash_fallback,https://images.unsplash.com/photo-1500530855697-b586d89ba3ee?auto=format&fit=crop&w=1200&q=80,https://images.unsplash.com/photo-1500530855697-b586d89ba3ee?auto=format&fit=crop&w=1200&q=80,"{公园,银川市,宁夏回族自治区}"
2223,西关清真寺,银川市,唐槐小区附近,1,4.20,0,generic_unsplash_fallback,https://images.unsplash.com/photo-1513415756790-2ac1db1297d0?auto=format&fit=crop&w=1200&q=80,https://images.unsplash.com/photo-1513415756790-2ac1db1297d0?auto=format&fit=crop&w=1200&q=80,"{回教寺,银川市,宁夏回族自治区}"
2225,西环清真大寺,银川市,正源南街22号,1,4.20,0,generic_unsplash_fallback,https://images.unsplash.com/photo-1513415756790-2ac1db1297d0?auto=format&fit=crop&w=1200&q=80,https://images.unsplash.com/photo-1513415756790-2ac1db1297d0?auto=format&fit=crop&w=1200&q=80,"{回教寺,银川市,宁夏回族自治区}"
2237,西夏公园,银川市,怀远西路350号,1,4.20,0,generic_unsplash_fallback,https://images.unsplash.com/photo-1500530855697-b586d89ba3ee?auto=format&fit=crop&w=1200&q=80,https://images.unsplash.com/photo-1500530855697-b586d89ba3ee?auto=format&fit=crop&w=1200&q=80,"{公园,银川市,宁夏回族自治区}"
2209,西夏古城,银川市,贺兰山西路和兴洲北街交汇处,1,4.20,0,generic_unsplash_fallback,https://images.unsplash.com/photo-1469854523086-cc02fe5d8800?auto=format&fit=crop&w=1200&q=80,https://images.unsplash.com/photo-1469854523086-cc02fe5d8800?auto=format&fit=crop&w=1200&q=80,"{旅游景点,银川市,宁夏回族自治区}"
2233,西夏陵国家考古遗址公园,银川市,西夏陵景区内,1,4.20,0,generic_unsplash_fallback,https://images.unsplash.com/photo-1500530855697-b586d89ba3ee?auto=format&fit=crop&w=1200&q=80,https://images.unsplash.com/photo-1500530855697-b586d89ba3ee?auto=format&fit=crop&w=1200&q=80,"{国家级景点,银川市,宁夏回族自治区}"
2245,燕鸽湖公园,银川市,石油城燕鸽湖,1,4.20,0,generic_unsplash_fallback,https://images.unsplash.com/photo-1500530855697-b586d89ba3ee?auto=format&fit=crop&w=1200&q=80,https://images.unsplash.com/photo-1500530855697-b586d89ba3ee?auto=format&fit=crop&w=1200&q=80,"{公园,银川市,宁夏回族自治区}"
2220,银川国际岩画园,银川市,水上公园内(东侧),1,4.20,0,generic_unsplash_fallback,https://images.unsplash.com/photo-1469854523086-cc02fe5d8800?auto=format&fit=crop&w=1200&q=80,https://images.unsplash.com/photo-1469854523086-cc02fe5d8800?auto=format&fit=crop&w=1200&q=80,"{风景名胜,银川市,宁夏回族自治区}"
2207,银川海洋馆,银川市,康平路与正源北街交叉口西北240米,1,4.20,0,generic_unsplash_fallback,https://images.unsplash.com/photo-1469854523086-cc02fe5d8800?auto=format&fit=crop&w=1200&q=80,https://images.unsplash.com/photo-1469854523086-cc02fe5d8800?auto=format&fit=crop&w=1200&q=80,"{水族馆,银川市,宁夏回族自治区}"
2240,银川景城公园,银川市,星河街,1,4.20,0,generic_unsplash_fallback,https://images.unsplash.com/photo-1500530855697-b586d89ba3ee?auto=format&fit=crop&w=1200&q=80,https://images.unsplash.com/photo-1500530855697-b586d89ba3ee?auto=format&fit=crop&w=1200&q=80,"{公园,银川市,宁夏回族自治区}"
2218,银川鸣翠湖国家湿地公园,银川市,掌政镇东1公里,1,4.20,0,generic_unsplash_fallback,https://images.unsplash.com/photo-1500530855697-b586d89ba3ee?auto=format&fit=crop&w=1200&q=80,https://images.unsplash.com/photo-1500530855697-b586d89ba3ee?auto=format&fit=crop&w=1200&q=80,"{国家级景点,银川市,宁夏回族自治区}"
2199,银川南关清真大寺,银川市,玉皇阁南街288号,1,4.20,0,generic_unsplash_fallback,https://images.unsplash.com/photo-1513415756790-2ac1db1297d0?auto=format&fit=crop&w=1200&q=80,https://images.unsplash.com/photo-1513415756790-2ac1db1297d0?auto=format&fit=crop&w=1200&q=80,"{回教寺,银川市,宁夏回族自治区}"
2217,银川清真中寺,银川市,中寺巷12号,1,4.20,0,generic_unsplash_fallback,https://images.unsplash.com/photo-1513415756790-2ac1db1297d0?auto=format&fit=crop&w=1200&q=80,https://images.unsplash.com/photo-1513415756790-2ac1db1297d0?auto=format&fit=crop&w=1200&q=80,"{回教寺,银川市,宁夏回族自治区}"
2179,银川森林公园,银川市,新昌西路与亲水南大街交汇处附近,1,4.20,0,generic_unsplash_fallback,https://images.unsplash.com/photo-1500530855697-b586d89ba3ee?auto=format&fit=crop&w=1200&q=80,https://images.unsplash.com/photo-1500530855697-b586d89ba3ee?auto=format&fit=crop&w=1200&q=80,"{旅游景点,银川市,宁夏回族自治区}"
2194,银川市玉皇阁,银川市,文化街街道文化街街道玉皇北街8号,1,4.20,0,generic_unsplash_fallback,https://images.unsplash.com/photo-1469854523086-cc02fe5d8800?auto=format&fit=crop&w=1200&q=80,https://images.unsplash.com/photo-1469854523086-cc02fe5d8800?auto=format&fit=crop&w=1200&q=80,"{风景名胜,银川市,宁夏回族自治区}"
2181,银川文化城凤凰幻城,银川市,北京中路269号,1,4.20,0,generic_unsplash_fallback,https://images.unsplash.com/photo-1469854523086-cc02fe5d8800?auto=format&fit=crop&w=1200&q=80,https://images.unsplash.com/photo-1469854523086-cc02fe5d8800?auto=format&fit=crop&w=1200&q=80,"{旅游景点,银川市,宁夏回族自治区}"
2198,银川文化城壹区1栋,银川市,银川文化城壹区壹栋,1,4.20,0,generic_unsplash_fallback,https://images.unsplash.com/photo-1469854523086-cc02fe5d8800?auto=format&fit=crop&w=1200&q=80,https://images.unsplash.com/photo-1469854523086-cc02fe5d8800?auto=format&fit=crop&w=1200&q=80,"{风景名胜,银川市,宁夏回族自治区}"
2222,银川站东广场,银川市,惠北巷1号,1,4.20,0,generic_unsplash_fallback,https://images.unsplash.com/photo-1444723121867-7a241cacace9?auto=format&fit=crop&w=1200&q=80,https://images.unsplash.com/photo-1444723121867-7a241cacace9?auto=format&fit=crop&w=1200&q=80,"{城市广场,银川市,宁夏回族自治区}"
2224,银川站西广场,银川市,兴州路,1,4.20,0,generic_unsplash_fallback,https://images.unsplash.com/photo-1444723121867-7a241cacace9?auto=format&fit=crop&w=1200&q=80,https://images.unsplash.com/photo-1444723121867-7a241cacace9?auto=format&fit=crop&w=1200&q=80,"{城市广场,银川市,宁夏回族自治区}"
2242,永宁人民公园,银川市,宁丰南街与团结路交叉口东300米,1,4.20,0,generic_unsplash_fallback,https://images.unsplash.com/photo-1500530855697-b586d89ba3ee?auto=format&fit=crop&w=1200&q=80,https://images.unsplash.com/photo-1500530855697-b586d89ba3ee?auto=format&fit=crop&w=1200&q=80,"{公园,银川市,宁夏回族自治区}"
2195,毓秀公园,银川市,兴泰巷与惠北巷交叉口东南100米,1,4.20,0,generic_unsplash_fallback,https://images.unsplash.com/photo-1500530855697-b586d89ba3ee?auto=format&fit=crop&w=1200&q=80,https://images.unsplash.com/photo-1500530855697-b586d89ba3ee?auto=format&fit=crop&w=1200&q=80,"{公园,银川市,宁夏回族自治区}"
2191,阅海国家湿地公园,银川市,环阅海湖公路,1,4.20,0,generic_unsplash_fallback,https://images.unsplash.com/photo-1500530855697-b586d89ba3ee?auto=format&fit=crop&w=1200&q=80,https://images.unsplash.com/photo-1500530855697-b586d89ba3ee?auto=format&fit=crop&w=1200&q=80,"{公园,银川市,宁夏回族自治区}"
2193,阅海滑草场,银川市,满城北街与沈阳路交汇处向北2km,1,4.20,0,generic_unsplash_fallback,https://images.unsplash.com/photo-1469854523086-cc02fe5d8800?auto=format&fit=crop&w=1200&q=80,https://images.unsplash.com/photo-1469854523086-cc02fe5d8800?auto=format&fit=crop&w=1200&q=80,"{旅游景点,银川市,宁夏回族自治区}"
2221,阅海湾水上公园梦幻岛,银川市,阅海湾水上公园内(西南角),1,4.20,0,generic_unsplash_fallback,https://images.unsplash.com/photo-1500530855697-b586d89ba3ee?auto=format&fit=crop&w=1200&q=80,https://images.unsplash.com/photo-1500530855697-b586d89ba3ee?auto=format&fit=crop&w=1200&q=80,"{风景名胜,银川市,宁夏回族自治区}"
2192,阅海湾水上公园沙滩,银川市,水上公园内(西侧),1,4.20,0,generic_unsplash_fallback,https://images.unsplash.com/photo-1500530855697-b586d89ba3ee?auto=format&fit=crop&w=1200&q=80,https://images.unsplash.com/photo-1500530855697-b586d89ba3ee?auto=format&fit=crop&w=1200&q=80,"{海滩,银川市,宁夏回族自治区}"
2252,章子湖公园,银川市,塔白路76号,1,4.20,0,generic_unsplash_fallback,https://images.unsplash.com/photo-1500530855697-b586d89ba3ee?auto=format&fit=crop&w=1200&q=80,https://images.unsplash.com/photo-1500530855697-b586d89ba3ee?auto=format&fit=crop&w=1200&q=80,"{公园,银川市,宁夏回族自治区}"
2205,镇北堡西部影城,银川市,镇北堡110国道路东,1,4.20,0,generic_unsplash_fallback,https://images.unsplash.com/photo-1469854523086-cc02fe5d8800?auto=format&fit=crop&w=1200&q=80,https://images.unsplash.com/photo-1469854523086-cc02fe5d8800?auto=format&fit=crop&w=1200&q=80,"{国家级景点,银川市,宁夏回族自治区}"
2229,中阿之轴小微公园,银川市,亲水北大街,1,4.20,0,generic_unsplash_fallback,https://images.unsplash.com/photo-1500530855697-b586d89ba3ee?auto=format&fit=crop&w=1200&q=80,https://images.unsplash.com/photo-1500530855697-b586d89ba3ee?auto=format&fit=crop&w=1200&q=80,"{公园,银川市,宁夏回族自治区}"
2189,中国花博园,银川市,花博园中阿友谊博览园,1,4.20,0,generic_unsplash_fallback,https://images.unsplash.com/photo-1469854523086-cc02fe5d8800?auto=format&fit=crop&w=1200&q=80,https://images.unsplash.com/photo-1469854523086-cc02fe5d8800?auto=format&fit=crop&w=1200&q=80,"{旅游景点,银川市,宁夏回族自治区}"
2180,中山公园,银川市,湖滨西街203号,1,4.20,0,generic_unsplash_fallback,https://images.unsplash.com/photo-1500530855697-b586d89ba3ee?auto=format&fit=crop&w=1200&q=80,https://images.unsplash.com/photo-1500530855697-b586d89ba3ee?auto=format&fit=crop&w=1200&q=80,"{公园,银川市,宁夏回族自治区}"
1980,百草园,长春市,丙十七路与翠语路交汇,1,4.20,0,generic_unsplash_fallback,https://images.unsplash.com/photo-1500530855697-b586d89ba3ee?auto=format&fit=crop&w=1200&q=80,https://images.unsplash.com/photo-1500530855697-b586d89ba3ee?auto=format&fit=crop&w=1200&q=80,"{公园,长春市,吉林省}"
1965,百木园,长春市,明珠街道前进大街4146号,1,4.20,0,generic_unsplash_fallback,https://images.unsplash.com/photo-1500530855697-b586d89ba3ee?auto=format&fit=crop&w=1200&q=80,https://images.unsplash.com/photo-1500530855697-b586d89ba3ee?auto=format&fit=crop&w=1200&q=80,"{公园,长春市,吉林省}"
1995,北海湿地公园,长春市,堤顶东路,1,4.20,0,generic_unsplash_fallback,https://images.unsplash.com/photo-1500530855697-b586d89ba3ee?auto=format&fit=crop&w=1200&q=80,https://images.unsplash.com/photo-1500530855697-b586d89ba3ee?auto=format&fit=crop&w=1200&q=80,"{公园,长春市,吉林省}"
1991,博文湖公园,长春市,华新街与政兴路交叉口西180米,1,4.20,0,generic_unsplash_fallback,https://images.unsplash.com/photo-1500530855697-b586d89ba3ee?auto=format&fit=crop&w=1200&q=80,https://images.unsplash.com/photo-1500530855697-b586d89ba3ee?auto=format&fit=crop&w=1200&q=80,"{公园,长春市,吉林省}"
1958,城投·南溪里,长春市,听溪路与溪畔街交汇城投南溪里文旅小镇,1,4.20,0,generic_unsplash_fallback,https://images.unsplash.com/photo-1469854523086-cc02fe5d8800?auto=format&fit=crop&w=1200&q=80,https://images.unsplash.com/photo-1469854523086-cc02fe5d8800?auto=format&fit=crop&w=1200&q=80,"{风景名胜,长春市,吉林省}"
2011,岱山公园,长春市,创业大街4413号,1,4.20,0,generic_unsplash_fallback,https://images.unsplash.com/photo-1500530855697-b586d89ba3ee?auto=format&fit=crop&w=1200&q=80,https://images.unsplash.com/photo-1500530855697-b586d89ba3ee?auto=format&fit=crop&w=1200&q=80,"{公园,长春市,吉林省}"
1993,工农广场,长春市,人民大街6969号(工农广场地铁站A口旁),1,4.20,0,generic_unsplash_fallback,https://images.unsplash.com/photo-1444723121867-7a241cacace9?auto=format&fit=crop&w=1200&q=80,https://images.unsplash.com/photo-1444723121867-7a241cacace9?auto=format&fit=crop&w=1200&q=80,"{城市广场,长春市,吉林省}"
1992,光明公园,长春市,南四环路,1,4.20,0,generic_unsplash_fallback,https://images.unsplash.com/photo-1500530855697-b586d89ba3ee?auto=format&fit=crop&w=1200&q=80,https://images.unsplash.com/photo-1500530855697-b586d89ba3ee?auto=format&fit=crop&w=1200&q=80,"{公园,长春市,吉林省}"
1967,海洋女神雕塑,长春市,人民大街友谊公园中国长春国际友好城市雕塑园,1,4.20,0,generic_unsplash_fallback,https://images.unsplash.com/photo-1469854523086-cc02fe5d8800?auto=format&fit=crop&w=1200&q=80,https://images.unsplash.com/photo-1469854523086-cc02fe5d8800?auto=format&fit=crop&w=1200&q=80,"{旅游景点,长春市,吉林省}"
1986,护国般若寺,长春市,长春大街137号(人民广场地铁站C口步行310米),1,4.20,0,generic_unsplash_fallback,https://images.unsplash.com/photo-1513415756790-2ac1db1297d0?auto=format&fit=crop&w=1200&q=80,https://images.unsplash.com/photo-1513415756790-2ac1db1297d0?auto=format&fit=crop&w=1200&q=80,"{寺庙道观,长春市,吉林省}"
2002,回忆岛,长春市,临河街与浦东路交叉口西380米,1,4.20,0,generic_unsplash_fallback,https://images.unsplash.com/photo-1500530855697-b586d89ba3ee?auto=format&fit=crop&w=1200&q=80,https://images.unsplash.com/photo-1500530855697-b586d89ba3ee?auto=format&fit=crop&w=1200&q=80,"{公园,长春市,吉林省}"
2012,锦程公园,长春市,汽车产业开发区锦程大街和奔驰路交汇处,1,4.20,0,generic_unsplash_fallback,https://images.unsplash.com/photo-1500530855697-b586d89ba3ee?auto=format&fit=crop&w=1200&q=80,https://images.unsplash.com/photo-1500530855697-b586d89ba3ee?auto=format&fit=crop&w=1200&q=80,"{公园,长春市,吉林省}"
1971,净月潭国家森林公园,长春市,净月大街5840号,1,4.20,0,generic_unsplash_fallback,https://images.unsplash.com/photo-1500530855697-b586d89ba3ee?auto=format&fit=crop&w=1200&q=80,https://images.unsplash.com/photo-1500530855697-b586d89ba3ee?auto=format&fit=crop&w=1200&q=80,"{国家级景点,长春市,吉林省}"
2001,净月中央公园,长春市,新城大街与银杏路交会处,1,4.20,0,generic_unsplash_fallback,https://images.unsplash.com/photo-1500530855697-b586d89ba3ee?auto=format&fit=crop&w=1200&q=80,https://images.unsplash.com/photo-1500530855697-b586d89ba3ee?auto=format&fit=crop&w=1200&q=80,"{公园,长春市,吉林省}"
1978,孔子文化园,长春市,亚泰大街与东头道交汇处(东天街239号),1,4.20,0,generic_unsplash_fallback,https://images.unsplash.com/photo-1469854523086-cc02fe5d8800?auto=format&fit=crop&w=1200&q=80,https://images.unsplash.com/photo-1469854523086-cc02fe5d8800?auto=format&fit=crop&w=1200&q=80,"{风景名胜,长春市,吉林省}"
1974,兰桡湖公园,长春市,幸福乡南部新城至前进大街、西至丙六十四路、南至金宇大路、北至丙四十七路,1,4.20,0,generic_unsplash_fallback,https://images.unsplash.com/photo-1500530855697-b586d89ba3ee?auto=format&fit=crop&w=1200&q=80,https://images.unsplash.com/photo-1500530855697-b586d89ba3ee?auto=format&fit=crop&w=1200&q=80,"{公园,长春市,吉林省}"
2005,蓝天公园,长春市,航空展览馆前面,1,4.20,0,generic_unsplash_fallback,https://images.unsplash.com/photo-1500530855697-b586d89ba3ee?auto=format&fit=crop&w=1200&q=80,https://images.unsplash.com/photo-1500530855697-b586d89ba3ee?auto=format&fit=crop&w=1200&q=80,"{公园,长春市,吉林省}"
1970,劳动公园,长春市,岭东路465号,1,4.20,0,generic_unsplash_fallback,https://images.unsplash.com/photo-1500530855697-b586d89ba3ee?auto=format&fit=crop&w=1200&q=80,https://images.unsplash.com/photo-1500530855697-b586d89ba3ee?auto=format&fit=crop&w=1200&q=80,"{公园,长春市,吉林省}"
1957,梨花园,长春市,明珠街道华运街与华昌路交汇,1,4.20,0,generic_unsplash_fallback,https://images.unsplash.com/photo-1500530855697-b586d89ba3ee?auto=format&fit=crop&w=1200&q=80,https://images.unsplash.com/photo-1500530855697-b586d89ba3ee?auto=format&fit=crop&w=1200&q=80,"{公园,长春市,吉林省}"
2006,莲秀峰森林公园,长春市,莲花山生态旅游度假区四家乡青山村,1,4.20,0,generic_unsplash_fallback,https://images.unsplash.com/photo-1500530855697-b586d89ba3ee?auto=format&fit=crop&w=1200&q=80,https://images.unsplash.com/photo-1500530855697-b586d89ba3ee?auto=format&fit=crop&w=1200&q=80,"{旅游景点,长春市,吉林省}"
1988,牡丹园,长春市,人民大街3133号(解放大路地铁站A口步行230米),1,4.20,0,generic_unsplash_fallback,https://images.unsplash.com/photo-1500530855697-b586d89ba3ee?auto=format&fit=crop&w=1200&q=80,https://images.unsplash.com/photo-1500530855697-b586d89ba3ee?auto=format&fit=crop&w=1200&q=80,"{公园,长春市,吉林省}"
1955,南湖公园,长春市,工农大路2715号,1,4.20,0,generic_unsplash_fallback,https://images.unsplash.com/photo-1500530855697-b586d89ba3ee?auto=format&fit=crop&w=1200&q=80,https://images.unsplash.com/photo-1500530855697-b586d89ba3ee?auto=format&fit=crop&w=1200&q=80,"{公园,长春市,吉林省}"
2018,南山公园,长春市,华恒大街,1,4.20,0,generic_unsplash_fallback,https://images.unsplash.com/photo-1500530855697-b586d89ba3ee?auto=format&fit=crop&w=1200&q=80,https://images.unsplash.com/photo-1500530855697-b586d89ba3ee?auto=format&fit=crop&w=1200&q=80,"{公园,长春市,吉林省}"
1951,南溪湿地公园,长春市,富裕街道畅溪路与荷香路交叉口,1,4.20,0,generic_unsplash_fallback,https://images.unsplash.com/photo-1500530855697-b586d89ba3ee?auto=format&fit=crop&w=1200&q=80,https://images.unsplash.com/photo-1500530855697-b586d89ba3ee?auto=format&fit=crop&w=1200&q=80,"{风景名胜,长春市,吉林省}"
1990,清水音公园,长春市,新明街附近,1,4.20,0,generic_unsplash_fallback,https://images.unsplash.com/photo-1500530855697-b586d89ba3ee?auto=format&fit=crop&w=1200&q=80,https://images.unsplash.com/photo-1500530855697-b586d89ba3ee?auto=format&fit=crop&w=1200&q=80,"{公园,长春市,吉林省}"
1966,人民广场,长春市,人民大街中段,1,4.20,0,generic_unsplash_fallback,https://images.unsplash.com/photo-1444723121867-7a241cacace9?auto=format&fit=crop&w=1200&q=80,https://images.unsplash.com/photo-1444723121867-7a241cacace9?auto=format&fit=crop&w=1200&q=80,"{城市广场,长春市,吉林省}"
1997,如意湖,长春市,翠语路与前进大街辅路交叉口东120米,1,4.20,0,generic_unsplash_fallback,https://images.unsplash.com/photo-1469854523086-cc02fe5d8800?auto=format&fit=crop&w=1200&q=80,https://images.unsplash.com/photo-1469854523086-cc02fe5d8800?auto=format&fit=crop&w=1200&q=80,"{风景名胜,长春市,吉林省}"
1984,三佳湖公园,长春市,飞跃街道吉林大学前卫校区南区(中心校区)西门对面,1,4.20,0,generic_unsplash_fallback,https://images.unsplash.com/photo-1500530855697-b586d89ba3ee?auto=format&fit=crop&w=1200&q=80,https://images.unsplash.com/photo-1500530855697-b586d89ba3ee?auto=format&fit=crop&w=1200&q=80,"{公园,长春市,吉林省}"
1999,三角广场,长春市,谊民路与华弘街交叉口东120米,1,4.20,0,generic_unsplash_fallback,https://images.unsplash.com/photo-1444723121867-7a241cacace9?auto=format&fit=crop&w=1200&q=80,https://images.unsplash.com/photo-1444723121867-7a241cacace9?auto=format&fit=crop&w=1200&q=80,"{城市广场,长春市,吉林省}"
1996,山水湾公园,长春市,湖畔路与警港路交叉口西北200米,1,4.20,0,generic_unsplash_fallback,https://images.unsplash.com/photo-1500530855697-b586d89ba3ee?auto=format&fit=crop&w=1200&q=80,https://images.unsplash.com/photo-1500530855697-b586d89ba3ee?auto=format&fit=crop&w=1200&q=80,"{公园,长春市,吉林省}"
1963,肆季南河粉色沙滩,长春市,畅溪街与勤学路交叉口西南360米,1,4.20,0,generic_unsplash_fallback,https://images.unsplash.com/photo-1469854523086-cc02fe5d8800?auto=format&fit=crop&w=1200&q=80,https://images.unsplash.com/photo-1469854523086-cc02fe5d8800?auto=format&fit=crop&w=1200&q=80,"{海滩,长春市,吉林省}"
2019,天嘉公园,长春市,清溪路与新竹路交汇处,1,4.20,0,generic_unsplash_fallback,https://images.unsplash.com/photo-1500530855697-b586d89ba3ee?auto=format&fit=crop&w=1200&q=80,https://images.unsplash.com/photo-1500530855697-b586d89ba3ee?auto=format&fit=crop&w=1200&q=80,"{公园,长春市,吉林省}"
2013,同心湖公园,长春市,自立街与振兴路交叉口东北380米,1,4.20,0,generic_unsplash_fallback,https://images.unsplash.com/photo-1500530855697-b586d89ba3ee?auto=format&fit=crop&w=1200&q=80,https://images.unsplash.com/photo-1500530855697-b586d89ba3ee?auto=format&fit=crop&w=1200&q=80,"{公园,长春市,吉林省}"
1979,伪满皇宫博物院,长春市,光复北路5号,1,4.20,0,generic_unsplash_fallback,https://images.unsplash.com/photo-1469854523086-cc02fe5d8800?auto=format&fit=crop&w=1200&q=80,https://images.unsplash.com/photo-1469854523086-cc02fe5d8800?auto=format&fit=crop&w=1200&q=80,"{国家级景点,长春市,吉林省}"
1969,伪满洲国国务院旧址,长春市,新民大街126号(文化广场地铁站C1口步行90米),1,4.20,0,generic_unsplash_fallback,https://images.unsplash.com/photo-1469854523086-cc02fe5d8800?auto=format&fit=crop&w=1200&q=80,https://images.unsplash.com/photo-1469854523086-cc02fe5d8800?auto=format&fit=crop&w=1200&q=80,"{纪念馆,长春市,吉林省}"
1950,卫星广场,长春市,卫星路与人民大街交汇处,1,4.20,0,generic_unsplash_fallback,https://images.unsplash.com/photo-1444723121867-7a241cacace9?auto=format&fit=crop&w=1200&q=80,https://images.unsplash.com/photo-1444723121867-7a241cacace9?auto=format&fit=crop&w=1200&q=80,"{城市广场,长春市,吉林省}"
1972,文化广场,长春市,清和街道新民大街与解放大路交汇处,1,4.20,0,generic_unsplash_fallback,https://images.unsplash.com/photo-1444723121867-7a241cacace9?auto=format&fit=crop&w=1200&q=80,https://images.unsplash.com/photo-1444723121867-7a241cacace9?auto=format&fit=crop&w=1200&q=80,"{城市广场,长春市,吉林省}"
2014,响铃公园,长春市,公主东大街2140号,1,4.20,0,generic_unsplash_fallback,https://images.unsplash.com/photo-1500530855697-b586d89ba3ee?auto=format&fit=crop&w=1200&q=80,https://images.unsplash.com/photo-1500530855697-b586d89ba3ee?auto=format&fit=crop&w=1200&q=80,"{公园,长春市,吉林省}"
1953,樱花岛,长春市,东南湖大路220号,1,4.20,0,generic_unsplash_fallback,https://images.unsplash.com/photo-1500530855697-b586d89ba3ee?auto=format&fit=crop&w=1200&q=80,https://images.unsplash.com/photo-1500530855697-b586d89ba3ee?auto=format&fit=crop&w=1200&q=80,"{公园,长春市,吉林省}"
2010,咏春公园,长春市,永春街777号,1,4.20,0,generic_unsplash_fallback,https://images.unsplash.com/photo-1500530855697-b586d89ba3ee?auto=format&fit=crop&w=1200&q=80,https://images.unsplash.com/photo-1500530855697-b586d89ba3ee?auto=format&fit=crop&w=1200&q=80,"{公园,长春市,吉林省}"
1952,友谊公园,长春市,政府南侧,1,4.20,0,generic_unsplash_fallback,https://images.unsplash.com/photo-1500530855697-b586d89ba3ee?auto=format&fit=crop&w=1200&q=80,https://images.unsplash.com/photo-1500530855697-b586d89ba3ee?auto=format&fit=crop&w=1200&q=80,"{公园,长春市,吉林省}"
1983,渔航文化公园,长春市,南部快速路入口与卫星路交叉口南400米,1,4.20,0,generic_unsplash_fallback,https://images.unsplash.com/photo-1500530855697-b586d89ba3ee?auto=format&fit=crop&w=1200&q=80,https://images.unsplash.com/photo-1500530855697-b586d89ba3ee?auto=format&fit=crop&w=1200&q=80,"{公园,长春市,吉林省}"
2016,榆树公园,长春市,华昌街道工农大街,1,4.20,0,generic_unsplash_fallback,https://images.unsplash.com/photo-1500530855697-b586d89ba3ee?auto=format&fit=crop&w=1200&q=80,https://images.unsplash.com/photo-1500530855697-b586d89ba3ee?auto=format&fit=crop&w=1200&q=80,"{公园,长春市,吉林省}"
2017,月荷文化公园,长春市,吉林街道滨河路与公平桥交汇北行200米,1,4.20,0,generic_unsplash_fallback,https://images.unsplash.com/photo-1500530855697-b586d89ba3ee?auto=format&fit=crop&w=1200&q=80,https://images.unsplash.com/photo-1500530855697-b586d89ba3ee?auto=format&fit=crop&w=1200&q=80,"{公园,长春市,吉林省}"
2000,月亮湾烟雨涧,长春市,南四环与畅溪街交汇延畅溪街南行300米路左,1,4.20,0,generic_unsplash_fallback,https://images.unsplash.com/photo-1469854523086-cc02fe5d8800?auto=format&fit=crop&w=1200&q=80,https://images.unsplash.com/photo-1469854523086-cc02fe5d8800?auto=format&fit=crop&w=1200&q=80,"{旅游景点,长春市,吉林省}"
2008,长春奥林匹克公园,长春市,长春新区中科大街与大学城路交汇处,1,4.20,0,generic_unsplash_fallback,https://images.unsplash.com/photo-1500530855697-b586d89ba3ee?auto=format&fit=crop&w=1200&q=80,https://images.unsplash.com/photo-1500530855697-b586d89ba3ee?auto=format&fit=crop&w=1200&q=80,"{公园,长春市,吉林省}"
2004,长春北湖湿地公园,长春市,天拓路666号,1,4.20,0,generic_unsplash_fallback,https://images.unsplash.com/photo-1500530855697-b586d89ba3ee?auto=format&fit=crop&w=1200&q=80,https://images.unsplash.com/photo-1500530855697-b586d89ba3ee?auto=format&fit=crop&w=1200&q=80,"{国家级景点,长春市,吉林省}"
1975,长春德苑,长春市,红旗街道新民大街7号,1,4.20,0,generic_unsplash_fallback,https://images.unsplash.com/photo-1500530855697-b586d89ba3ee?auto=format&fit=crop&w=1200&q=80,https://images.unsplash.com/photo-1500530855697-b586d89ba3ee?auto=format&fit=crop&w=1200&q=80,"{公园,长春市,吉林省}"
1982,长春动植物公园-动物表演场,长春市,曙光街道自由大路2121号长春市动植物公园,1,4.20,0,generic_unsplash_fallback,https://images.unsplash.com/photo-1500530855697-b586d89ba3ee?auto=format&fit=crop&w=1200&q=80,https://images.unsplash.com/photo-1500530855697-b586d89ba3ee?auto=format&fit=crop&w=1200&q=80,"{旅游景点,长春市,吉林省}"
1987,长春动植物公园-主入口广场,长春市,自由大路2121号长春市动植物公园内(南侧),1,4.20,0,generic_unsplash_fallback,https://images.unsplash.com/photo-1500530855697-b586d89ba3ee?auto=format&fit=crop&w=1200&q=80,https://images.unsplash.com/photo-1500530855697-b586d89ba3ee?auto=format&fit=crop&w=1200&q=80,"{城市广场,长春市,吉林省}"
1961,长春工业轨迹公园,长春市,东岭南街长春工业轨迹公园,1,4.20,0,generic_unsplash_fallback,https://images.unsplash.com/photo-1500530855697-b586d89ba3ee?auto=format&fit=crop&w=1200&q=80,https://images.unsplash.com/photo-1500530855697-b586d89ba3ee?auto=format&fit=crop&w=1200&q=80,"{公园,长春市,吉林省}"
1981,长春公园,长春市,皓月大路1411号,1,4.20,0,generic_unsplash_fallback,https://images.unsplash.com/photo-1500530855697-b586d89ba3ee?auto=format&fit=crop&w=1200&q=80,https://images.unsplash.com/photo-1500530855697-b586d89ba3ee?auto=format&fit=crop&w=1200&q=80,"{公园,长春市,吉林省}"
2007,长春国际汽车公园,长春市,长春汽车产业开发区长春汽车产业开发区东风街道长春汽车产业开发区东风大街与西湖大路交汇处,1,4.20,0,generic_unsplash_fallback,https://images.unsplash.com/photo-1500530855697-b586d89ba3ee?auto=format&fit=crop&w=1200&q=80,https://images.unsplash.com/photo-1500530855697-b586d89ba3ee?auto=format&fit=crop&w=1200&q=80,"{公园,长春市,吉林省}"
1973,长春莲花岛影视城,长春市,永春镇柳家村文化路1777号,1,4.20,0,generic_unsplash_fallback,https://images.unsplash.com/photo-1469854523086-cc02fe5d8800?auto=format&fit=crop&w=1200&q=80,https://images.unsplash.com/photo-1469854523086-cc02fe5d8800?auto=format&fit=crop&w=1200&q=80,"{国家级景点,长春市,吉林省}"
2009,长春宁溪公园,长春市,中盛路与北湾东街交叉口西北160米,1,4.20,0,generic_unsplash_fallback,https://images.unsplash.com/photo-1500530855697-b586d89ba3ee?auto=format&fit=crop&w=1200&q=80,https://images.unsplash.com/photo-1500530855697-b586d89ba3ee?auto=format&fit=crop&w=1200&q=80,"{公园,长春市,吉林省}"
1968,长春农业博览园,长春市,净月大街4775号,1,4.20,0,generic_unsplash_fallback,https://images.unsplash.com/photo-1469854523086-cc02fe5d8800?auto=format&fit=crop&w=1200&q=80,https://images.unsplash.com/photo-1469854523086-cc02fe5d8800?auto=format&fit=crop&w=1200&q=80,"{风景名胜,长春市,吉林省}"
1949,长春世界雕塑园,长春市,人民大街9518号,1,4.20,0,generic_unsplash_fallback,https://images.unsplash.com/photo-1469854523086-cc02fe5d8800?auto=format&fit=crop&w=1200&q=80,https://images.unsplash.com/photo-1469854523086-cc02fe5d8800?auto=format&fit=crop&w=1200&q=80,"{国家级景点,长春市,吉林省}"
1954,长春市百花园,长春市,南三环蔚山路与芳草街交会处,1,4.20,0,generic_unsplash_fallback,https://images.unsplash.com/photo-1469854523086-cc02fe5d8800?auto=format&fit=crop&w=1200&q=80,https://images.unsplash.com/photo-1469854523086-cc02fe5d8800?auto=format&fit=crop&w=1200&q=80,"{植物园,长春市,吉林省}"
1956,长春市动植物公园,长春市,自由大路2121号,1,4.20,0,generic_unsplash_fallback,https://images.unsplash.com/photo-1500530855697-b586d89ba3ee?auto=format&fit=crop&w=1200&q=80,https://images.unsplash.com/photo-1500530855697-b586d89ba3ee?auto=format&fit=crop&w=1200&q=80,"{动物园,长春市,吉林省}"
1985,长春市儿童公园,长春市,民康街道树勋街248号,1,4.20,0,generic_unsplash_fallback,https://images.unsplash.com/photo-1500530855697-b586d89ba3ee?auto=format&fit=crop&w=1200&q=80,https://images.unsplash.com/photo-1500530855697-b586d89ba3ee?auto=format&fit=crop&w=1200&q=80,"{公园,长春市,吉林省}"
1976,长春市胜利公园,长春市,人民大街955号(胜利公园地铁站A口步行50米),1,4.20,0,generic_unsplash_fallback,https://images.unsplash.com/photo-1500530855697-b586d89ba3ee?auto=format&fit=crop&w=1200&q=80,https://images.unsplash.com/photo-1500530855697-b586d89ba3ee?auto=format&fit=crop&w=1200&q=80,"{公园,长春市,吉林省}"
1989,长春水文化生态园,长春市,亚泰大街与净水路交汇处北行,1,4.20,0,generic_unsplash_fallback,https://images.unsplash.com/photo-1500530855697-b586d89ba3ee?auto=format&fit=crop&w=1200&q=80,https://images.unsplash.com/photo-1500530855697-b586d89ba3ee?auto=format&fit=crop&w=1200&q=80,"{公园,长春市,吉林省}"
2020,长春肆季南河岸线公园,长春市,畅溪街与敏学路交叉口南160米,1,4.20,0,generic_unsplash_fallback,https://images.unsplash.com/photo-1500530855697-b586d89ba3ee?auto=format&fit=crop&w=1200&q=80,https://images.unsplash.com/photo-1500530855697-b586d89ba3ee?auto=format&fit=crop&w=1200&q=80,"{公园,长春市,吉林省}"
1959,长春新民大街,长春市,新民大街(海航长白山宾馆西),1,4.20,0,generic_unsplash_fallback,https://images.unsplash.com/photo-1519608487953-e999c86e7455?auto=format&fit=crop&w=1200&q=80,https://images.unsplash.com/photo-1519608487953-e999c86e7455?auto=format&fit=crop&w=1200&q=80,"{旅游景点,长春市,吉林省}"
1964,长春中泰海洋世界,长春市,清华路1399号(新民大街与清华路交汇),1,4.20,0,generic_unsplash_fallback,https://images.unsplash.com/photo-1469854523086-cc02fe5d8800?auto=format&fit=crop&w=1200&q=80,https://images.unsplash.com/photo-1469854523086-cc02fe5d8800?auto=format&fit=crop&w=1200&q=80,"{水族馆,长春市,吉林省}"
1960,长影旧址博物馆,长春市,红旗街1118号,1,4.20,0,generic_unsplash_fallback,https://images.unsplash.com/photo-1566127992631-137a642a90f4?auto=format&fit=crop&w=1200&q=80,https://images.unsplash.com/photo-1566127992631-137a642a90f4?auto=format&fit=crop&w=1200&q=80,"{博物馆,长春市,吉林省}"
1977,长影世纪城,长春市,永顺路路北,1,4.20,0,generic_unsplash_fallback,https://images.unsplash.com/photo-1469854523086-cc02fe5d8800?auto=format&fit=crop&w=1200&q=80,https://images.unsplash.com/photo-1469854523086-cc02fe5d8800?auto=format&fit=crop&w=1200&q=80,"{国家级景点,长春市,吉林省}"
2015,长征郊野公园,长春市,玉潭镇南孔家屯,1,4.20,0,generic_unsplash_fallback,https://images.unsplash.com/photo-1500530855697-b586d89ba3ee?auto=format&fit=crop&w=1200&q=80,https://images.unsplash.com/photo-1500530855697-b586d89ba3ee?auto=format&fit=crop&w=1200&q=80,"{旅游景点,长春市,吉林省}"
942,zoolung zoolung动物主题乐园(海信广场长沙店),长沙市,湘江中路36号海信广场6层,1,4.20,0,generic_unsplash_fallback,https://images.unsplash.com/photo-1519608487953-e999c86e7455?auto=format&fit=crop&w=1200&q=80,https://images.unsplash.com/photo-1519608487953-e999c86e7455?auto=format&fit=crop&w=1200&q=80,"{购物相关场所,长沙市,湖南省}"
936,八方公园,长沙市,含光路610附近,1,4.20,0,generic_unsplash_fallback,https://images.unsplash.com/photo-1500530855697-b586d89ba3ee?auto=format&fit=crop&w=1200&q=80,https://images.unsplash.com/photo-1500530855697-b586d89ba3ee?auto=format&fit=crop&w=1200&q=80,"{公园,长沙市,湖南省}"
993,巴溪洲,长沙市,巴溪大道,1,4.20,0,generic_unsplash_fallback,https://images.unsplash.com/photo-1469854523086-cc02fe5d8800?auto=format&fit=crop&w=1200&q=80,https://images.unsplash.com/photo-1469854523086-cc02fe5d8800?auto=format&fit=crop&w=1200&q=80,"{风景名胜,长沙市,湖南省}"
960,北辰滨江公园,长沙市,新河街道湘江北路与秋月路交叉口西南160米,1,4.20,0,generic_unsplash_fallback,https://images.unsplash.com/photo-1500530855697-b586d89ba3ee?auto=format&fit=crop&w=1200&q=80,https://images.unsplash.com/photo-1500530855697-b586d89ba3ee?auto=format&fit=crop&w=1200&q=80,"{公园,长沙市,湖南省}"
965,滨江景观道,长沙市,滨江景观道与佑母塘路交叉口东20米,1,4.20,0,generic_unsplash_fallback,https://images.unsplash.com/photo-1469854523086-cc02fe5d8800?auto=format&fit=crop&w=1200&q=80,https://images.unsplash.com/photo-1469854523086-cc02fe5d8800?auto=format&fit=crop&w=1200&q=80,"{旅游景点,长沙市,湖南省}"
966,滨江新城市民中心广场,长沙市,滨江景观道滨江新城金融广场,1,4.20,0,generic_unsplash_fallback,https://images.unsplash.com/photo-1444723121867-7a241cacace9?auto=format&fit=crop&w=1200&q=80,https://images.unsplash.com/photo-1444723121867-7a241cacace9?auto=format&fit=crop&w=1200&q=80,"{城市广场,长沙市,湖南省}"
929,潮宗街区,长沙市,通泰街街道潮宗街22号,1,4.20,0,generic_unsplash_fallback,https://images.unsplash.com/photo-1519608487953-e999c86e7455?auto=format&fit=crop&w=1200&q=80,https://images.unsplash.com/photo-1519608487953-e999c86e7455?auto=format&fit=crop&w=1200&q=80,"{风景名胜,长沙市,湖南省}"
984,大围山国家森林公园,长沙市,大围山镇,1,4.20,0,generic_unsplash_fallback,https://images.unsplash.com/photo-1500530855697-b586d89ba3ee?auto=format&fit=crop&w=1200&q=80,https://images.unsplash.com/photo-1500530855697-b586d89ba3ee?auto=format&fit=crop&w=1200&q=80,"{国家级景点,长沙市,湖南省}"
986,大泽湖近自然湿地公园,长沙市,"",1,4.20,0,generic_unsplash_fallback,https://images.unsplash.com/photo-1500530855697-b586d89ba3ee?auto=format&fit=crop&w=1200&q=80,https://images.unsplash.com/photo-1500530855697-b586d89ba3ee?auto=format&fit=crop&w=1200&q=80,"{公园,长沙市,湖南省}"
938,东方红广场,长沙市,麓山南路,1,4.20,0,generic_unsplash_fallback,https://images.unsplash.com/photo-1444723121867-7a241cacace9?auto=format&fit=crop&w=1200&q=80,https://images.unsplash.com/photo-1444723121867-7a241cacace9?auto=format&fit=crop&w=1200&q=80,"{城市广场,长沙市,湖南省}"
931,杜甫江阁,长沙市,湘江中路二段108号,1,4.20,0,generic_unsplash_fallback,https://images.unsplash.com/photo-1469854523086-cc02fe5d8800?auto=format&fit=crop&w=1200&q=80,https://images.unsplash.com/photo-1469854523086-cc02fe5d8800?auto=format&fit=crop&w=1200&q=80,"{风景名胜,长沙市,湖南省}"
933,杜鹃广场,长沙市,观沙岭街道岳麓大道218号,1,4.20,0,generic_unsplash_fallback,https://images.unsplash.com/photo-1444723121867-7a241cacace9?auto=format&fit=crop&w=1200&q=80,https://images.unsplash.com/photo-1444723121867-7a241cacace9?auto=format&fit=crop&w=1200&q=80,"{城市广场,长沙市,湖南省}"
953,风帆广场,长沙市,通泰街街道湘雅路街道湘春路湘江风光带,1,4.20,0,generic_unsplash_fallback,https://images.unsplash.com/photo-1444723121867-7a241cacace9?auto=format&fit=crop&w=1200&q=80,https://images.unsplash.com/photo-1444723121867-7a241cacace9?auto=format&fit=crop&w=1200&q=80,"{城市广场,长沙市,湖南省}"
928,古开福寺,长沙市,开福寺路152号,1,4.20,0,generic_unsplash_fallback,https://images.unsplash.com/photo-1513415756790-2ac1db1297d0?auto=format&fit=crop&w=1200&q=80,https://images.unsplash.com/photo-1513415756790-2ac1db1297d0?auto=format&fit=crop&w=1200&q=80,"{风景名胜,长沙市,湖南省}"
954,古麓山寺,长沙市,登高路58号岳麓山国家重点风景名胜区内,1,4.20,0,generic_unsplash_fallback,https://images.unsplash.com/photo-1513415756790-2ac1db1297d0?auto=format&fit=crop&w=1200&q=80,https://images.unsplash.com/photo-1513415756790-2ac1db1297d0?auto=format&fit=crop&w=1200&q=80,"{寺庙道观,长沙市,湖南省}"
941,谷山宝宁寺,长沙市,谷山寺路,1,4.20,0,generic_unsplash_fallback,https://images.unsplash.com/photo-1513415756790-2ac1db1297d0?auto=format&fit=crop&w=1200&q=80,https://images.unsplash.com/photo-1513415756790-2ac1db1297d0?auto=format&fit=crop&w=1200&q=80,"{寺庙道观,长沙市,湖南省}"
996,桂花公园,长沙市,桂花路97(桂花公园地铁站3号口步行180米),1,4.20,0,generic_unsplash_fallback,https://images.unsplash.com/photo-1500530855697-b586d89ba3ee?auto=format&fit=crop&w=1200&q=80,https://images.unsplash.com/photo-1500530855697-b586d89ba3ee?auto=format&fit=crop&w=1200&q=80,"{公园,长沙市,湖南省}"
973,汉王陵公园,长沙市,云开书院北侧180米,1,4.20,0,generic_unsplash_fallback,https://images.unsplash.com/photo-1500530855697-b586d89ba3ee?auto=format&fit=crop&w=1200&q=80,https://images.unsplash.com/photo-1500530855697-b586d89ba3ee?auto=format&fit=crop&w=1200&q=80,"{公园,长沙市,湖南省}"
979,荷塘映日,长沙市,东三路118号湖南松雅湖国家湿地公园内(东南角),1,4.20,0,generic_unsplash_fallback,https://images.unsplash.com/photo-1469854523086-cc02fe5d8800?auto=format&fit=crop&w=1200&q=80,https://images.unsplash.com/photo-1469854523086-cc02fe5d8800?auto=format&fit=crop&w=1200&q=80,"{旅游景点,长沙市,湖南省}"
955,湖南金融中心,长沙市,滨江景观道与茶子山路交汇处,1,4.20,0,generic_unsplash_fallback,https://images.unsplash.com/photo-1469854523086-cc02fe5d8800?auto=format&fit=crop&w=1200&q=80,https://images.unsplash.com/photo-1469854523086-cc02fe5d8800?auto=format&fit=crop&w=1200&q=80,"{城市广场,长沙市,湖南省}"
934,湖南烈士公园,长沙市,东风路22号,1,4.20,0,generic_unsplash_fallback,https://images.unsplash.com/photo-1500530855697-b586d89ba3ee?auto=format&fit=crop&w=1200&q=80,https://images.unsplash.com/photo-1500530855697-b586d89ba3ee?auto=format&fit=crop&w=1200&q=80,"{公园,长沙市,湖南省}"
983,湖南省植物园,长沙市,植物园路111号,1,4.20,0,generic_unsplash_fallback,https://images.unsplash.com/photo-1469854523086-cc02fe5d8800?auto=format&fit=crop&w=1200&q=80,https://images.unsplash.com/photo-1469854523086-cc02fe5d8800?auto=format&fit=crop&w=1200&q=80,"{植物园,长沙市,湖南省}"
976,湖南松雅湖国家湿地公园,长沙市,东三路118号,1,4.20,0,generic_unsplash_fallback,https://images.unsplash.com/photo-1500530855697-b586d89ba3ee?auto=format&fit=crop&w=1200&q=80,https://images.unsplash.com/photo-1500530855697-b586d89ba3ee?auto=format&fit=crop&w=1200&q=80,"{风景名胜,长沙市,湖南省}"
964,黄陂塘公园,长沙市,杜鹃路莱茵城北门,1,4.20,0,generic_unsplash_fallback,https://images.unsplash.com/photo-1500530855697-b586d89ba3ee?auto=format&fit=crop&w=1200&q=80,https://images.unsplash.com/photo-1500530855697-b586d89ba3ee?auto=format&fit=crop&w=1200&q=80,"{公园,长沙市,湖南省}"
948,尖山湖公园,长沙市,永青路668号,1,4.20,0,generic_unsplash_fallback,https://images.unsplash.com/photo-1500530855697-b586d89ba3ee?auto=format&fit=crop&w=1200&q=80,https://images.unsplash.com/photo-1500530855697-b586d89ba3ee?auto=format&fit=crop&w=1200&q=80,"{公园,长沙市,湖南省}"
923,橘子洲风景名胜区,长沙市,橘子洲头2号,1,4.20,0,generic_unsplash_fallback,https://images.unsplash.com/photo-1469854523086-cc02fe5d8800?auto=format&fit=crop&w=1200&q=80,https://images.unsplash.com/photo-1469854523086-cc02fe5d8800?auto=format&fit=crop&w=1200&q=80,"{风景名胜,长沙市,湖南省}"
937,橘子洲头,长沙市,橘子洲头2号橘子洲风景名胜区内(南侧),1,4.20,0,generic_unsplash_fallback,https://images.unsplash.com/photo-1469854523086-cc02fe5d8800?auto=format&fit=crop&w=1200&q=80,https://images.unsplash.com/photo-1469854523086-cc02fe5d8800?auto=format&fit=crop&w=1200&q=80,"{风景名胜,长沙市,湖南省}"
968,橘子洲小火车,长沙市,潇湘中路152号,1,4.20,0,generic_unsplash_fallback,https://images.unsplash.com/photo-1469854523086-cc02fe5d8800?auto=format&fit=crop&w=1200&q=80,https://images.unsplash.com/photo-1469854523086-cc02fe5d8800?auto=format&fit=crop&w=1200&q=80,"{旅游景点,长沙市,湖南省}"
974,巨人脸,长沙市,解放西路188号IFS国金购物中心1层GENTLE MONSTER店内,1,4.20,0,generic_unsplash_fallback,https://images.unsplash.com/photo-1469854523086-cc02fe5d8800?auto=format&fit=crop&w=1200&q=80,https://images.unsplash.com/photo-1469854523086-cc02fe5d8800?auto=format&fit=crop&w=1200&q=80,"{风景名胜,长沙市,湖南省}"
975,开福寺文化广场,长沙市,新河街道开福寺路161号,1,4.20,0,generic_unsplash_fallback,https://images.unsplash.com/photo-1513415756790-2ac1db1297d0?auto=format&fit=crop&w=1200&q=80,https://images.unsplash.com/photo-1513415756790-2ac1db1297d0?auto=format&fit=crop&w=1200&q=80,"{城市广场,长沙市,湖南省}"
946,麓谷公园,长沙市,天顶街道麓龙路209号,1,4.20,0,generic_unsplash_fallback,https://images.unsplash.com/photo-1500530855697-b586d89ba3ee?auto=format&fit=crop&w=1200&q=80,https://images.unsplash.com/photo-1500530855697-b586d89ba3ee?auto=format&fit=crop&w=1200&q=80,"{公园,长沙市,湖南省}"
939,麓山景区-观景台,长沙市,登高路58号岳麓山风景名胜区内(北侧),1,4.20,0,generic_unsplash_fallback,https://images.unsplash.com/photo-1469854523086-cc02fe5d8800?auto=format&fit=crop&w=1200&q=80,https://images.unsplash.com/photo-1469854523086-cc02fe5d8800?auto=format&fit=crop&w=1200&q=80,"{观景点,长沙市,湖南省}"
947,毛泽东青年艺术雕塑,长沙市,橘子洲头2号橘子洲景区内,1,4.20,0,generic_unsplash_fallback,https://images.unsplash.com/photo-1469854523086-cc02fe5d8800?auto=format&fit=crop&w=1200&q=80,https://images.unsplash.com/photo-1469854523086-cc02fe5d8800?auto=format&fit=crop&w=1200&q=80,"{风景名胜,长沙市,湖南省}"
999,梅溪海洋公园(步步高·梅溪新天地店),长沙市,东方红路657号步步高梅溪新天地梅溪大街L1层,1,4.20,0,generic_unsplash_fallback,https://images.unsplash.com/photo-1500530855697-b586d89ba3ee?auto=format&fit=crop&w=1200&q=80,https://images.unsplash.com/photo-1500530855697-b586d89ba3ee?auto=format&fit=crop&w=1200&q=80,"{水族馆,长沙市,湖南省}"
935,梅溪湖公园,长沙市,梅溪湖路(近汽车西站),1,4.20,0,generic_unsplash_fallback,https://images.unsplash.com/photo-1500530855697-b586d89ba3ee?auto=format&fit=crop&w=1200&q=80,https://images.unsplash.com/photo-1500530855697-b586d89ba3ee?auto=format&fit=crop&w=1200&q=80,"{公园,长沙市,湖南省}"
962,南郊公园,长沙市,南二环二段442号,1,4.20,0,generic_unsplash_fallback,https://images.unsplash.com/photo-1500530855697-b586d89ba3ee?auto=format&fit=crop&w=1200&q=80,https://images.unsplash.com/photo-1500530855697-b586d89ba3ee?auto=format&fit=crop&w=1200&q=80,"{公园,长沙市,湖南省}"
1001,宁乡香山国家森林公园,长沙市,夏铎铺镇,1,4.20,0,generic_unsplash_fallback,https://images.unsplash.com/photo-1500530855697-b586d89ba3ee?auto=format&fit=crop&w=1200&q=80,https://images.unsplash.com/photo-1500530855697-b586d89ba3ee?auto=format&fit=crop&w=1200&q=80,"{公园,长沙市,湖南省}"
990,千龙湖生态旅游度假区,长沙市,靖港镇千龙湖(环湖路聚龙饭店对面),1,4.20,0,generic_unsplash_fallback,https://images.unsplash.com/photo-1469854523086-cc02fe5d8800?auto=format&fit=crop&w=1200&q=80,https://images.unsplash.com/photo-1469854523086-cc02fe5d8800?auto=format&fit=crop&w=1200&q=80,"{国家级景点,长沙市,湖南省}"
956,三馆一厅旅游码头,长沙市,湘江北路1440号,1,4.20,0,generic_unsplash_fallback,https://images.unsplash.com/photo-1469854523086-cc02fe5d8800?auto=format&fit=crop&w=1200&q=80,https://images.unsplash.com/photo-1469854523086-cc02fe5d8800?auto=format&fit=crop&w=1200&q=80,"{风景名胜,长沙市,湖南省}"
987,沙湾公园,长沙市,劳动东路南侧(沙湾公园地铁站2号口步行90米),1,4.20,0,generic_unsplash_fallback,https://images.unsplash.com/photo-1500530855697-b586d89ba3ee?auto=format&fit=crop&w=1200&q=80,https://images.unsplash.com/photo-1500530855697-b586d89ba3ee?auto=format&fit=crop&w=1200&q=80,"{公园,长沙市,湖南省}"
972,施家港水上公园,长沙市,潇湘北路和含光路交叉口向南200米,1,4.20,0,generic_unsplash_fallback,https://images.unsplash.com/photo-1500530855697-b586d89ba3ee?auto=format&fit=crop&w=1200&q=80,https://images.unsplash.com/photo-1500530855697-b586d89ba3ee?auto=format&fit=crop&w=1200&q=80,"{公园,长沙市,湖南省}"
982,水杉林,长沙市,东风路22号湖南烈士公园(东南角),1,4.20,0,generic_unsplash_fallback,https://images.unsplash.com/photo-1469854523086-cc02fe5d8800?auto=format&fit=crop&w=1200&q=80,https://images.unsplash.com/photo-1469854523086-cc02fe5d8800?auto=format&fit=crop&w=1200&q=80,"{风景名胜,长沙市,湖南省}"
977,松雅湖儿童乐园沙滩,长沙市,松雅湖国家湿地公园内,1,4.20,0,generic_unsplash_fallback,https://images.unsplash.com/photo-1469854523086-cc02fe5d8800?auto=format&fit=crop&w=1200&q=80,https://images.unsplash.com/photo-1469854523086-cc02fe5d8800?auto=format&fit=crop&w=1200&q=80,"{海滩,长沙市,湖南省}"
930,太平老街历史文化街区,长沙市,解放西路449号,1,4.20,0,generic_unsplash_fallback,https://images.unsplash.com/photo-1519608487953-e999c86e7455?auto=format&fit=crop&w=1200&q=80,https://images.unsplash.com/photo-1519608487953-e999c86e7455?auto=format&fit=crop&w=1200&q=80,"{旅游景点,长沙市,湖南省}"
967,桃子湖,长沙市,桃子湖路,1,4.20,0,generic_unsplash_fallback,https://images.unsplash.com/photo-1469854523086-cc02fe5d8800?auto=format&fit=crop&w=1200&q=80,https://images.unsplash.com/photo-1469854523086-cc02fe5d8800?auto=format&fit=crop&w=1200&q=80,"{旅游景点,长沙市,湖南省}"
943,天心阁,长沙市,天心路17号,1,4.20,0,generic_unsplash_fallback,https://images.unsplash.com/photo-1469854523086-cc02fe5d8800?auto=format&fit=crop&w=1200&q=80,https://images.unsplash.com/photo-1469854523086-cc02fe5d8800?auto=format&fit=crop&w=1200&q=80,"{国家级景点,长沙市,湖南省}"
994,乌山森林公园,长沙市,乌山街道普瑞西路与黄桥大道西南方向,1,4.20,0,generic_unsplash_fallback,https://images.unsplash.com/photo-1500530855697-b586d89ba3ee?auto=format&fit=crop&w=1200&q=80,https://images.unsplash.com/photo-1500530855697-b586d89ba3ee?auto=format&fit=crop&w=1200&q=80,"{风景名胜,长沙市,湖南省}"
924,五一广场,长沙市,黄兴中路88号,1,4.20,0,generic_unsplash_fallback,https://images.unsplash.com/photo-1444723121867-7a241cacace9?auto=format&fit=crop&w=1200&q=80,https://images.unsplash.com/photo-1444723121867-7a241cacace9?auto=format&fit=crop&w=1200&q=80,"{城市广场,长沙市,湖南省}"
971,咸嘉广场,长沙市,晨风路72号,1,4.20,0,generic_unsplash_fallback,https://images.unsplash.com/photo-1500530855697-b586d89ba3ee?auto=format&fit=crop&w=1200&q=80,https://images.unsplash.com/photo-1500530855697-b586d89ba3ee?auto=format&fit=crop&w=1200&q=80,"{公园,长沙市,湖南省}"
925,咸嘉湖景区,长沙市,枫林一路与财院路交叉口东北150米,1,4.20,0,generic_unsplash_fallback,https://images.unsplash.com/photo-1500530855697-b586d89ba3ee?auto=format&fit=crop&w=1200&q=80,https://images.unsplash.com/photo-1500530855697-b586d89ba3ee?auto=format&fit=crop&w=1200&q=80,"{公园,长沙市,湖南省}"
1002,湘府文化公园,长沙市,桂花坪街道杉木冲西路(省艺术馆公交站旁),1,4.20,0,generic_unsplash_fallback,https://images.unsplash.com/photo-1500530855697-b586d89ba3ee?auto=format&fit=crop&w=1200&q=80,https://images.unsplash.com/photo-1500530855697-b586d89ba3ee?auto=format&fit=crop&w=1200&q=80,"{公园,长沙市,湖南省}"
963,潇湘风光带,长沙市,观沙岭街道滨江景观道与长望路辅路交叉口东北140米,1,4.20,0,generic_unsplash_fallback,https://images.unsplash.com/photo-1469854523086-cc02fe5d8800?auto=format&fit=crop&w=1200&q=80,https://images.unsplash.com/photo-1469854523086-cc02fe5d8800?auto=format&fit=crop&w=1200&q=80,"{风景名胜,长沙市,湖南省}"
1003,晓园公园,长沙市,五一大道70号(长沙火车站地铁站1号口步行210米),1,4.20,0,generic_unsplash_fallback,https://images.unsplash.com/photo-1500530855697-b586d89ba3ee?auto=format&fit=crop&w=1200&q=80,https://images.unsplash.com/photo-1500530855697-b586d89ba3ee?auto=format&fit=crop&w=1200&q=80,"{公园,长沙市,湖南省}"
961,新民学会成立会旧址,长沙市,周家巷2号,1,4.20,0,generic_unsplash_fallback,https://images.unsplash.com/photo-1469854523086-cc02fe5d8800?auto=format&fit=crop&w=1200&q=80,https://images.unsplash.com/photo-1469854523086-cc02fe5d8800?auto=format&fit=crop&w=1200&q=80,"{红色景区,长沙市,湖南省}"
1000,秀峰山公园,长沙市,秀峰路69号芙蓉北路,1,4.20,0,generic_unsplash_fallback,https://images.unsplash.com/photo-1500530855697-b586d89ba3ee?auto=format&fit=crop&w=1200&q=80,https://images.unsplash.com/photo-1500530855697-b586d89ba3ee?auto=format&fit=crop&w=1200&q=80,"{公园,长沙市,湖南省}"
951,鸭嘴公园,长沙市,浏阳河风光带,1,4.20,0,generic_unsplash_fallback,https://images.unsplash.com/photo-1500530855697-b586d89ba3ee?auto=format&fit=crop&w=1200&q=80,https://images.unsplash.com/photo-1500530855697-b586d89ba3ee?auto=format&fit=crop&w=1200&q=80,"{公园,长沙市,湖南省}"
957,洋湖国家湿地公园,长沙市,洋湖大道680号,1,4.20,0,generic_unsplash_fallback,https://images.unsplash.com/photo-1500530855697-b586d89ba3ee?auto=format&fit=crop&w=1200&q=80,https://images.unsplash.com/photo-1500530855697-b586d89ba3ee?auto=format&fit=crop&w=1200&q=80,"{国家级景点,长沙市,湖南省}"
980,洋湖湿地公园欢动世界,长沙市,坪塘大道与洋湖路交叉口北行白鹭广场,1,4.20,0,generic_unsplash_fallback,https://images.unsplash.com/photo-1500530855697-b586d89ba3ee?auto=format&fit=crop&w=1200&q=80,https://images.unsplash.com/photo-1500530855697-b586d89ba3ee?auto=format&fit=crop&w=1200&q=80,"{旅游景点,长沙市,湖南省}"
998,洋湖体育公园,长沙市,洋湖大道680号,1,4.20,0,generic_unsplash_fallback,https://images.unsplash.com/photo-1500530855697-b586d89ba3ee?auto=format&fit=crop&w=1200&q=80,https://images.unsplash.com/photo-1500530855697-b586d89ba3ee?auto=format&fit=crop&w=1200&q=80,"{公园,长沙市,湖南省}"
958,银星湾公园,长沙市,银星路与潇湘景观道交汇处,1,4.20,0,generic_unsplash_fallback,https://images.unsplash.com/photo-1500530855697-b586d89ba3ee?auto=format&fit=crop&w=1200&q=80,https://images.unsplash.com/photo-1500530855697-b586d89ba3ee?auto=format&fit=crop&w=1200&q=80,"{公园,长沙市,湖南省}"
985,银杏公园,长沙市,梅溪湖路与连湖六路交叉口西南200米,1,4.20,0,generic_unsplash_fallback,https://images.unsplash.com/photo-1500530855697-b586d89ba3ee?auto=format&fit=crop&w=1200&q=80,https://images.unsplash.com/photo-1500530855697-b586d89ba3ee?auto=format&fit=crop&w=1200&q=80,"{公园,长沙市,湖南省}"
992,影珠山抗战遗址公园,长沙市,影珠山村北,1,4.20,0,generic_unsplash_fallback,https://images.unsplash.com/photo-1500530855697-b586d89ba3ee?auto=format&fit=crop&w=1200&q=80,https://images.unsplash.com/photo-1500530855697-b586d89ba3ee?auto=format&fit=crop&w=1200&q=80,"{风景名胜,长沙市,湖南省}"
991,影珠山森林公园,长沙市,福临镇境内,1,4.20,0,generic_unsplash_fallback,https://images.unsplash.com/photo-1500530855697-b586d89ba3ee?auto=format&fit=crop&w=1200&q=80,https://images.unsplash.com/photo-1500530855697-b586d89ba3ee?auto=format&fit=crop&w=1200&q=80,"{风景名胜,长沙市,湖南省}"
1004,玉湖公园,长沙市,喻家坡社区,1,4.20,0,generic_unsplash_fallback,https://images.unsplash.com/photo-1500530855697-b586d89ba3ee?auto=format&fit=crop&w=1200&q=80,https://images.unsplash.com/photo-1500530855697-b586d89ba3ee?auto=format&fit=crop&w=1200&q=80,"{公园,长沙市,湖南省}"
959,月湖公园,长沙市,万家丽北路与三一大道交汇处西北角,1,4.20,0,generic_unsplash_fallback,https://images.unsplash.com/photo-1500530855697-b586d89ba3ee?auto=format&fit=crop&w=1200&q=80,https://images.unsplash.com/photo-1500530855697-b586d89ba3ee?auto=format&fit=crop&w=1200&q=80,"{公园,长沙市,湖南省}"
949,月亮岛,长沙市,湘江西岸,1,4.20,0,generic_unsplash_fallback,https://images.unsplash.com/photo-1469854523086-cc02fe5d8800?auto=format&fit=crop&w=1200&q=80,https://images.unsplash.com/photo-1469854523086-cc02fe5d8800?auto=format&fit=crop&w=1200&q=80,"{旅游景点,长沙市,湖南省}"
927,岳麓山风景名胜区,长沙市,登高路58号,1,4.20,0,generic_unsplash_fallback,https://images.unsplash.com/photo-1469854523086-cc02fe5d8800?auto=format&fit=crop&w=1200&q=80,https://images.unsplash.com/photo-1469854523086-cc02fe5d8800?auto=format&fit=crop&w=1200&q=80,"{国家级景点,长沙市,湖南省}"
969,岳麓山旅游码头,长沙市,新民路沿江风光带,1,4.20,0,generic_unsplash_fallback,https://images.unsplash.com/photo-1469854523086-cc02fe5d8800?auto=format&fit=crop&w=1200&q=80,https://images.unsplash.com/photo-1469854523086-cc02fe5d8800?auto=format&fit=crop&w=1200&q=80,"{交通服务相关,长沙市,湖南省}"
932,岳麓书院,长沙市,麓山路273号,1,4.20,0,generic_unsplash_fallback,https://images.unsplash.com/photo-1469854523086-cc02fe5d8800?auto=format&fit=crop&w=1200&q=80,https://images.unsplash.com/photo-1469854523086-cc02fe5d8800?auto=format&fit=crop&w=1200&q=80,"{国家级景点,长沙市,湖南省}"
945,云麓宫,长沙市,登高路58号东方红广场岳麓山南门入口,1,4.20,0,generic_unsplash_fallback,https://images.unsplash.com/photo-1469854523086-cc02fe5d8800?auto=format&fit=crop&w=1200&q=80,https://images.unsplash.com/photo-1469854523086-cc02fe5d8800?auto=format&fit=crop&w=1200&q=80,"{寺庙道观,长沙市,湖南省}"
997,长沙北山森林公园,长沙市,北山镇晒谷石常家寨,1,4.20,0,generic_unsplash_fallback,https://images.unsplash.com/photo-1500530855697-b586d89ba3ee?auto=format&fit=crop&w=1200&q=80,https://images.unsplash.com/photo-1500530855697-b586d89ba3ee?auto=format&fit=crop&w=1200&q=80,"{风景名胜,长沙市,湖南省}"
989,长沙黑麋峰森林公园,长沙市,桥驿镇黑麋峰村五一林场,1,4.20,0,generic_unsplash_fallback,https://images.unsplash.com/photo-1500530855697-b586d89ba3ee?auto=format&fit=crop&w=1200&q=80,https://images.unsplash.com/photo-1500530855697-b586d89ba3ee?auto=format&fit=crop&w=1200&q=80,"{国家级景点,长沙市,湖南省}"
940,长沙橘子洲,长沙市,橘洲路2号,1,4.20,0,generic_unsplash_fallback,https://images.unsplash.com/photo-1469854523086-cc02fe5d8800?auto=format&fit=crop&w=1200&q=80,https://images.unsplash.com/photo-1469854523086-cc02fe5d8800?auto=format&fit=crop&w=1200&q=80,"{风景名胜,长沙市,湖南省}"
988,长沙石燕湖生态旅游景区,长沙市,跳马镇,1,4.20,0,generic_unsplash_fallback,https://images.unsplash.com/photo-1469854523086-cc02fe5d8800?auto=format&fit=crop&w=1200&q=80,https://images.unsplash.com/photo-1469854523086-cc02fe5d8800?auto=format&fit=crop&w=1200&q=80,"{国家级景点,长沙市,湖南省}"
926,长沙市望月公园,长沙市,咸嘉湖路6号,1,4.20,0,generic_unsplash_fallback,https://images.unsplash.com/photo-1500530855697-b586d89ba3ee?auto=format&fit=crop&w=1200&q=80,https://images.unsplash.com/photo-1500530855697-b586d89ba3ee?auto=format&fit=crop&w=1200&q=80,"{公园,长沙市,湖南省}"
995,长沙铜官窑国家考古遗址公园,长沙市,湘江大道,1,4.20,0,generic_unsplash_fallback,https://images.unsplash.com/photo-1500530855697-b586d89ba3ee?auto=format&fit=crop&w=1200&q=80,https://images.unsplash.com/photo-1500530855697-b586d89ba3ee?auto=format&fit=crop&w=1200&q=80,"{风景名胜,长沙市,湖南省}"
952,长沙湘江海洋王国,长沙市,坪塘街道坪塘街道潭州大道二段207号,1,4.20,0,generic_unsplash_fallback,https://images.unsplash.com/photo-1469854523086-cc02fe5d8800?auto=format&fit=crop&w=1200&q=80,https://images.unsplash.com/photo-1469854523086-cc02fe5d8800?auto=format&fit=crop&w=1200&q=80,"{水族馆,长沙市,湖南省}"
944,中国·长沙后湖国际艺术区,长沙市,岳麓街道后湖村杜家塘15号,1,4.20,0,generic_unsplash_fallback,https://images.unsplash.com/photo-1469854523086-cc02fe5d8800?auto=format&fit=crop&w=1200&q=80,https://images.unsplash.com/photo-1469854523086-cc02fe5d8800?auto=format&fit=crop&w=1200&q=80,"{风景名胜,长沙市,湖南省}"
970,中国共产党长沙历史馆,长沙市,八一路538号(迎宾路口地铁站8号口步行370米),1,4.20,0,generic_unsplash_fallback,https://images.unsplash.com/photo-1469854523086-cc02fe5d8800?auto=format&fit=crop&w=1200&q=80,https://images.unsplash.com/photo-1469854523086-cc02fe5d8800?auto=format&fit=crop&w=1200&q=80,"{科教文化场所,长沙市,湖南省}"
950,紫凤体育公园,长沙市,新河路69号(湘江二桥东),1,4.20,0,generic_unsplash_fallback,https://images.unsplash.com/photo-1500530855697-b586d89ba3ee?auto=format&fit=crop&w=1200&q=80,https://images.unsplash.com/photo-1500530855697-b586d89ba3ee?auto=format&fit=crop&w=1200&q=80,"{运动场所,长沙市,湖南省}"
1400,碧沙岗,郑州市,建设东路31号(碧沙岗地铁站B口步行380米),1,4.20,0,generic_unsplash_fallback,https://images.unsplash.com/photo-1469854523086-cc02fe5d8800?auto=format&fit=crop&w=1200&q=80,https://images.unsplash.com/photo-1469854523086-cc02fe5d8800?auto=format&fit=crop&w=1200&q=80,"{热点地名,郑州市,河南省}"
1397,碧沙岗公园,郑州市,建设东路31号(绿城广场地铁站J口步行50米),1,4.20,0,generic_unsplash_fallback,https://images.unsplash.com/photo-1500530855697-b586d89ba3ee?auto=format&fit=crop&w=1200&q=80,https://images.unsplash.com/photo-1500530855697-b586d89ba3ee?auto=format&fit=crop&w=1200&q=80,"{公园,郑州市,河南省}"
1440,滨河公园,郑州市,陇海西路50号,1,4.20,0,generic_unsplash_fallback,https://images.unsplash.com/photo-1500530855697-b586d89ba3ee?auto=format&fit=crop&w=1200&q=80,https://images.unsplash.com/photo-1500530855697-b586d89ba3ee?auto=format&fit=crop&w=1200&q=80,"{公园,郑州市,河南省}"
1454,滨湖湿地公园,郑州市,郑州龙湖湿地公园(西南角),1,4.20,0,generic_unsplash_fallback,https://images.unsplash.com/photo-1500530855697-b586d89ba3ee?auto=format&fit=crop&w=1200&q=80,https://images.unsplash.com/photo-1500530855697-b586d89ba3ee?auto=format&fit=crop&w=1200&q=80,"{公园,郑州市,河南省}"
1446,东陈伍寨公园,郑州市,金水西路,1,4.20,0,generic_unsplash_fallback,https://images.unsplash.com/photo-1500530855697-b586d89ba3ee?auto=format&fit=crop&w=1200&q=80,https://images.unsplash.com/photo-1500530855697-b586d89ba3ee?auto=format&fit=crop&w=1200&q=80,"{公园,郑州市,河南省}"
1472,东风渠生态文化公园,郑州市,文化路与三全路交叉口东北角,1,4.20,0,generic_unsplash_fallback,https://images.unsplash.com/photo-1500530855697-b586d89ba3ee?auto=format&fit=crop&w=1200&q=80,https://images.unsplash.com/photo-1500530855697-b586d89ba3ee?auto=format&fit=crop&w=1200&q=80,"{公园,郑州市,河南省}"
1441,儿童公园,郑州市,陇海西路与桐柏南路交汇处向西250米路南,1,4.20,0,generic_unsplash_fallback,https://images.unsplash.com/photo-1500530855697-b586d89ba3ee?auto=format&fit=crop&w=1200&q=80,https://images.unsplash.com/photo-1500530855697-b586d89ba3ee?auto=format&fit=crop&w=1200&q=80,"{公园,郑州市,河南省}"
1398,二七广场,郑州市,西大街21号,1,4.20,0,generic_unsplash_fallback,https://images.unsplash.com/photo-1444723121867-7a241cacace9?auto=format&fit=crop&w=1200&q=80,https://images.unsplash.com/photo-1444723121867-7a241cacace9?auto=format&fit=crop&w=1200&q=80,"{城市广场,郑州市,河南省}"
1444,二七广场(北入口),郑州市,正兴街与西大街交叉口西南60米(二七广场地铁站D口旁),1,4.20,0,generic_unsplash_fallback,https://images.unsplash.com/photo-1444723121867-7a241cacace9?auto=format&fit=crop&w=1200&q=80,https://images.unsplash.com/photo-1444723121867-7a241cacace9?auto=format&fit=crop&w=1200&q=80,"{城市广场,郑州市,河南省}"
1405,二七纪念馆-纪念塔,郑州市,解放路与西大街交叉口南40米,1,4.20,0,generic_unsplash_fallback,https://images.unsplash.com/photo-1444723121867-7a241cacace9?auto=format&fit=crop&w=1200&q=80,https://images.unsplash.com/photo-1444723121867-7a241cacace9?auto=format&fit=crop&w=1200&q=80,"{风景名胜,郑州市,河南省}"
1422,阜民里广场,郑州市,城南路101号,1,4.20,0,generic_unsplash_fallback,https://images.unsplash.com/photo-1444723121867-7a241cacace9?auto=format&fit=crop&w=1200&q=80,https://images.unsplash.com/photo-1444723121867-7a241cacace9?auto=format&fit=crop&w=1200&q=80,"{城市广场,郑州市,河南省}"
1439,欢乐湖,郑州市,陇海东路188号,1,4.20,0,generic_unsplash_fallback,https://images.unsplash.com/photo-1469854523086-cc02fe5d8800?auto=format&fit=crop&w=1200&q=80,https://images.unsplash.com/photo-1469854523086-cc02fe5d8800?auto=format&fit=crop&w=1200&q=80,"{旅游景点,郑州市,河南省}"
1442,金沙月季园,郑州市,金水路48号,1,4.20,0,generic_unsplash_fallback,https://images.unsplash.com/photo-1469854523086-cc02fe5d8800?auto=format&fit=crop&w=1200&q=80,https://images.unsplash.com/photo-1469854523086-cc02fe5d8800?auto=format&fit=crop&w=1200&q=80,"{风景名胜,郑州市,河南省}"
1458,经开滨河公园,郑州市,东三环,1,4.20,0,generic_unsplash_fallback,https://images.unsplash.com/photo-1500530855697-b586d89ba3ee?auto=format&fit=crop&w=1200&q=80,https://images.unsplash.com/photo-1500530855697-b586d89ba3ee?auto=format&fit=crop&w=1200&q=80,"{公园,郑州市,河南省}"
1453,龙湖沙滩,郑州市,郑州龙湖湿地公园(西北角),1,4.20,0,generic_unsplash_fallback,https://images.unsplash.com/photo-1469854523086-cc02fe5d8800?auto=format&fit=crop&w=1200&q=80,https://images.unsplash.com/photo-1469854523086-cc02fe5d8800?auto=format&fit=crop&w=1200&q=80,"{海滩,郑州市,河南省}"
1464,龙子湖公园,郑州市,博学路街道龙子湖东路秋实街交叉口公园内,1,4.20,0,generic_unsplash_fallback,https://images.unsplash.com/photo-1500530855697-b586d89ba3ee?auto=format&fit=crop&w=1200&q=80,https://images.unsplash.com/photo-1500530855697-b586d89ba3ee?auto=format&fit=crop&w=1200&q=80,"{公园,郑州市,河南省}"
1459,梦溪园,郑州市,金水路108号紫荆山公园(东南角),1,4.20,0,generic_unsplash_fallback,https://images.unsplash.com/photo-1469854523086-cc02fe5d8800?auto=format&fit=crop&w=1200&q=80,https://images.unsplash.com/photo-1469854523086-cc02fe5d8800?auto=format&fit=crop&w=1200&q=80,"{旅游景点,郑州市,河南省}"
1415,明伦岛,郑州市,侯寨乡鲁河明伦岛A区9号楼,1,4.20,0,generic_unsplash_fallback,https://images.unsplash.com/photo-1469854523086-cc02fe5d8800?auto=format&fit=crop&w=1200&q=80,https://images.unsplash.com/photo-1469854523086-cc02fe5d8800?auto=format&fit=crop&w=1200&q=80,"{风景名胜,郑州市,河南省}"
1443,牡丹园,郑州市,北二七路97号郑州市人民公园内(西侧),1,4.20,0,generic_unsplash_fallback,https://images.unsplash.com/photo-1469854523086-cc02fe5d8800?auto=format&fit=crop&w=1200&q=80,https://images.unsplash.com/photo-1469854523086-cc02fe5d8800?auto=format&fit=crop&w=1200&q=80,"{旅游景点,郑州市,河南省}"
1424,青少年公园,郑州市,农业路天明路20号院东北侧约250米,1,4.20,0,generic_unsplash_fallback,https://images.unsplash.com/photo-1500530855697-b586d89ba3ee?auto=format&fit=crop&w=1200&q=80,https://images.unsplash.com/photo-1500530855697-b586d89ba3ee?auto=format&fit=crop&w=1200&q=80,"{公园,郑州市,河南省}"
1465,沙滩公园,郑州市,龙子湖公园(龙子湖西地铁站A口步行310米),1,4.20,0,generic_unsplash_fallback,https://images.unsplash.com/photo-1500530855697-b586d89ba3ee?auto=format&fit=crop&w=1200&q=80,https://images.unsplash.com/photo-1500530855697-b586d89ba3ee?auto=format&fit=crop&w=1200&q=80,"{公园广场,郑州市,河南省}"
1475,沙窝森林世界,郑州市,雁鸣湖镇朱固村南3公里沙窝驿站,1,4.20,0,generic_unsplash_fallback,https://images.unsplash.com/photo-1469854523086-cc02fe5d8800?auto=format&fit=crop&w=1200&q=80,https://images.unsplash.com/photo-1469854523086-cc02fe5d8800?auto=format&fit=crop&w=1200&q=80,"{风景名胜,郑州市,河南省}"
1463,双鹤湖中央公园,郑州市,郑州航空港区梁州大道西侧,1,4.20,0,generic_unsplash_fallback,https://images.unsplash.com/photo-1500530855697-b586d89ba3ee?auto=format&fit=crop&w=1200&q=80,https://images.unsplash.com/photo-1500530855697-b586d89ba3ee?auto=format&fit=crop&w=1200&q=80,"{公园,郑州市,河南省}"
1468,水墨香山旅游区,郑州市,大冶镇周山村一组,1,4.20,0,generic_unsplash_fallback,https://images.unsplash.com/photo-1469854523086-cc02fe5d8800?auto=format&fit=crop&w=1200&q=80,https://images.unsplash.com/photo-1469854523086-cc02fe5d8800?auto=format&fit=crop&w=1200&q=80,"{国家级景点,郑州市,河南省}"
1451,嵩山国家重点风景名胜区,郑州市,嵩山,1,4.20,0,generic_unsplash_fallback,https://images.unsplash.com/photo-1469854523086-cc02fe5d8800?auto=format&fit=crop&w=1200&q=80,https://images.unsplash.com/photo-1469854523086-cc02fe5d8800?auto=format&fit=crop&w=1200&q=80,"{国家级景点,郑州市,河南省}"
1416,隋河宋肆,郑州市,"陇海中路与嵩山路交又口往北100米左右,路西即到",1,4.20,0,generic_unsplash_fallback,https://images.unsplash.com/photo-1469854523086-cc02fe5d8800?auto=format&fit=crop&w=1200&q=80,https://images.unsplash.com/photo-1469854523086-cc02fe5d8800?auto=format&fit=crop&w=1200&q=80,"{风景名胜,郑州市,河南省}"
1466,天健湖公园,郑州市,枫香街与创新大道交叉口西北侧,1,4.20,0,generic_unsplash_fallback,https://images.unsplash.com/photo-1500530855697-b586d89ba3ee?auto=format&fit=crop&w=1200&q=80,https://images.unsplash.com/photo-1500530855697-b586d89ba3ee?auto=format&fit=crop&w=1200&q=80,"{公园,郑州市,河南省}"
1401,五一公园,郑州市,文化宫路68号(五一公园地铁站D2口步行440米),1,4.20,0,generic_unsplash_fallback,https://images.unsplash.com/photo-1500530855697-b586d89ba3ee?auto=format&fit=crop&w=1200&q=80,https://images.unsplash.com/photo-1500530855697-b586d89ba3ee?auto=format&fit=crop&w=1200&q=80,"{公园,郑州市,河南省}"
1404,西流湖公园,郑州市,建设西路与湖西路交叉口,1,4.20,0,generic_unsplash_fallback,https://images.unsplash.com/photo-1500530855697-b586d89ba3ee?auto=format&fit=crop&w=1200&q=80,https://images.unsplash.com/photo-1500530855697-b586d89ba3ee?auto=format&fit=crop&w=1200&q=80,"{公园,郑州市,河南省}"
1462,象湖生态湿地公园,郑州市,郑东新区郑开大道,1,4.20,0,generic_unsplash_fallback,https://images.unsplash.com/photo-1500530855697-b586d89ba3ee?auto=format&fit=crop&w=1200&q=80,https://images.unsplash.com/photo-1500530855697-b586d89ba3ee?auto=format&fit=crop&w=1200&q=80,"{公园,郑州市,河南省}"
1449,小楼清真寺,郑州市,解放路28号,1,4.20,0,generic_unsplash_fallback,https://images.unsplash.com/photo-1513415756790-2ac1db1297d0?auto=format&fit=crop&w=1200&q=80,https://images.unsplash.com/photo-1513415756790-2ac1db1297d0?auto=format&fit=crop&w=1200&q=80,"{回教寺,郑州市,河南省}"
1473,新郑市南龙湖城市湿地公园,郑州市,祥云路,1,4.20,0,generic_unsplash_fallback,https://images.unsplash.com/photo-1500530855697-b586d89ba3ee?auto=format&fit=crop&w=1200&q=80,https://images.unsplash.com/photo-1500530855697-b586d89ba3ee?auto=format&fit=crop&w=1200&q=80,"{公园,郑州市,河南省}"
1477,新郑市轩辕湖湿地文化园,郑州市,人民路,1,4.20,0,generic_unsplash_fallback,https://images.unsplash.com/photo-1500530855697-b586d89ba3ee?auto=format&fit=crop&w=1200&q=80,https://images.unsplash.com/photo-1500530855697-b586d89ba3ee?auto=format&fit=crop&w=1200&q=80,"{公园,郑州市,河南省}"
1474,荥阳市人民公园,郑州市,京城路31号,1,4.20,0,generic_unsplash_fallback,https://images.unsplash.com/photo-1500530855697-b586d89ba3ee?auto=format&fit=crop&w=1200&q=80,https://images.unsplash.com/photo-1500530855697-b586d89ba3ee?auto=format&fit=crop&w=1200&q=80,"{植物园,郑州市,河南省}"
1431,序园,郑州市,淮河西路与工人路交汇处东18,1,4.20,0,generic_unsplash_fallback,https://images.unsplash.com/photo-1500530855697-b586d89ba3ee?auto=format&fit=crop&w=1200&q=80,https://images.unsplash.com/photo-1500530855697-b586d89ba3ee?auto=format&fit=crop&w=1200&q=80,"{公园,郑州市,河南省}"
1434,樱桃沟景区,郑州市,侯寨乡凤栖南路,1,4.20,0,generic_unsplash_fallback,https://images.unsplash.com/photo-1469854523086-cc02fe5d8800?auto=format&fit=crop&w=1200&q=80,https://images.unsplash.com/photo-1469854523086-cc02fe5d8800?auto=format&fit=crop&w=1200&q=80,"{国家级景点,郑州市,河南省}"
1471,苑城文化公园,郑州市,航空港区苑陵路园博园C区,1,4.20,0,generic_unsplash_fallback,https://images.unsplash.com/photo-1500530855697-b586d89ba3ee?auto=format&fit=crop&w=1200&q=80,https://images.unsplash.com/photo-1500530855697-b586d89ba3ee?auto=format&fit=crop&w=1200&q=80,"{风景名胜,郑州市,河南省}"
1427,月季公园-南广场,郑州市,西站路80号月季公园,1,4.20,0,generic_unsplash_fallback,https://images.unsplash.com/photo-1500530855697-b586d89ba3ee?auto=format&fit=crop&w=1200&q=80,https://images.unsplash.com/photo-1500530855697-b586d89ba3ee?auto=format&fit=crop&w=1200&q=80,"{城市广场,郑州市,河南省}"
1448,长江公园,郑州市,桐柏南路,1,4.20,0,generic_unsplash_fallback,https://images.unsplash.com/photo-1500530855697-b586d89ba3ee?auto=format&fit=crop&w=1200&q=80,https://images.unsplash.com/photo-1500530855697-b586d89ba3ee?auto=format&fit=crop&w=1200&q=80,"{公园,郑州市,河南省}"
1435,郑州北大清真寺,郑州市,清真寺街128号,1,4.20,0,generic_unsplash_fallback,https://images.unsplash.com/photo-1513415756790-2ac1db1297d0?auto=format&fit=crop&w=1200&q=80,https://images.unsplash.com/photo-1513415756790-2ac1db1297d0?auto=format&fit=crop&w=1200&q=80,"{回教寺,郑州市,河南省}"
1419,郑州大观音寺,郑州市,国基路76号,1,4.20,0,generic_unsplash_fallback,https://images.unsplash.com/photo-1513415756790-2ac1db1297d0?auto=format&fit=crop&w=1200&q=80,https://images.unsplash.com/photo-1513415756790-2ac1db1297d0?auto=format&fit=crop&w=1200&q=80,"{寺庙道观,郑州市,河南省}"
1409,郑州雕塑公园,郑州市,化工路28号,1,4.20,0,generic_unsplash_fallback,https://images.unsplash.com/photo-1500530855697-b586d89ba3ee?auto=format&fit=crop&w=1200&q=80,https://images.unsplash.com/photo-1500530855697-b586d89ba3ee?auto=format&fit=crop&w=1200&q=80,"{公园,郑州市,河南省}"
1457,郑州蝶湖公园,郑州市,蝶湖东一街,1,4.20,0,generic_unsplash_fallback,https://images.unsplash.com/photo-1500530855697-b586d89ba3ee?auto=format&fit=crop&w=1200&q=80,https://images.unsplash.com/photo-1500530855697-b586d89ba3ee?auto=format&fit=crop&w=1200&q=80,"{公园,郑州市,河南省}"
1406,郑州二七纪念馆,郑州市,德化街街道二七路230号二七广场(近火车站),1,4.20,0,generic_unsplash_fallback,https://images.unsplash.com/photo-1469854523086-cc02fe5d8800?auto=format&fit=crop&w=1200&q=80,https://images.unsplash.com/photo-1469854523086-cc02fe5d8800?auto=format&fit=crop&w=1200&q=80,"{纪念馆,郑州市,河南省}"
1417,郑州二七纪念堂,郑州市,一马路街道钱塘路82号,1,4.20,0,generic_unsplash_fallback,https://images.unsplash.com/photo-1469854523086-cc02fe5d8800?auto=format&fit=crop&w=1200&q=80,https://images.unsplash.com/photo-1469854523086-cc02fe5d8800?auto=format&fit=crop&w=1200&q=80,"{风景名胜,郑州市,河南省}"
1403,郑州二砂文化创意园,郑州市,华山路与颍河西路交叉口西500米路北,1,4.20,0,generic_unsplash_fallback,https://images.unsplash.com/photo-1469854523086-cc02fe5d8800?auto=format&fit=crop&w=1200&q=80,https://images.unsplash.com/photo-1469854523086-cc02fe5d8800?auto=format&fit=crop&w=1200&q=80,"{风景名胜,郑州市,河南省}"
1452,郑州海昌海洋公园,郑州市,大孟街道平安大道东1号,1,4.20,0,generic_unsplash_fallback,https://images.unsplash.com/photo-1500530855697-b586d89ba3ee?auto=format&fit=crop&w=1200&q=80,https://images.unsplash.com/photo-1500530855697-b586d89ba3ee?auto=format&fit=crop&w=1200&q=80,"{风景名胜,郑州市,河南省}"
1420,郑州海洋馆,郑州市,国基路86号,1,4.20,0,generic_unsplash_fallback,https://images.unsplash.com/photo-1469854523086-cc02fe5d8800?auto=format&fit=crop&w=1200&q=80,https://images.unsplash.com/photo-1469854523086-cc02fe5d8800?auto=format&fit=crop&w=1200&q=80,"{水族馆,郑州市,河南省}"
1433,郑州海洋世界,郑州市,乐城祥锐广场负一楼,1,4.20,0,generic_unsplash_fallback,https://images.unsplash.com/photo-1469854523086-cc02fe5d8800?auto=format&fit=crop&w=1200&q=80,https://images.unsplash.com/photo-1469854523086-cc02fe5d8800?auto=format&fit=crop&w=1200&q=80,"{水族馆,郑州市,河南省}"
1461,郑州黄河国家湿地公园,郑州市,黄河大堤,1,4.20,0,generic_unsplash_fallback,https://images.unsplash.com/photo-1500530855697-b586d89ba3ee?auto=format&fit=crop&w=1200&q=80,https://images.unsplash.com/photo-1500530855697-b586d89ba3ee?auto=format&fit=crop&w=1200&q=80,"{风景名胜,郑州市,河南省}"
1469,郑州黄河滩地公园,郑州市,黄河大坝路郑州黄河国家湿地公园,1,4.20,0,generic_unsplash_fallback,https://images.unsplash.com/photo-1500530855697-b586d89ba3ee?auto=format&fit=crop&w=1200&q=80,https://images.unsplash.com/photo-1500530855697-b586d89ba3ee?auto=format&fit=crop&w=1200&q=80,"{公园,郑州市,河南省}"
1460,郑州黄河文化公园,郑州市,江山路黄河南岸1号,1,4.20,0,generic_unsplash_fallback,https://images.unsplash.com/photo-1500530855697-b586d89ba3ee?auto=format&fit=crop&w=1200&q=80,https://images.unsplash.com/photo-1500530855697-b586d89ba3ee?auto=format&fit=crop&w=1200&q=80,"{国家级景点,郑州市,河南省}"
1430,郑州龙湖湿地公园,郑州市,源十三街隧道附近,1,4.20,0,generic_unsplash_fallback,https://images.unsplash.com/photo-1500530855697-b586d89ba3ee?auto=format&fit=crop&w=1200&q=80,https://images.unsplash.com/photo-1500530855697-b586d89ba3ee?auto=format&fit=crop&w=1200&q=80,"{公园,郑州市,河南省}"
1450,郑州绿城公园,郑州市,化工物流园斜对面,1,4.20,0,generic_unsplash_fallback,https://images.unsplash.com/photo-1500530855697-b586d89ba3ee?auto=format&fit=crop&w=1200&q=80,https://images.unsplash.com/photo-1500530855697-b586d89ba3ee?auto=format&fit=crop&w=1200&q=80,"{公园,郑州市,河南省}"
1470,郑州牟山湿地公园,郑州市,大孟镇,1,4.20,0,generic_unsplash_fallback,https://images.unsplash.com/photo-1500530855697-b586d89ba3ee?auto=format&fit=crop&w=1200&q=80,https://images.unsplash.com/photo-1500530855697-b586d89ba3ee?auto=format&fit=crop&w=1200&q=80,"{公园,郑州市,河南省}"
1436,郑州商都古城旅游区,郑州市,东大街292号,1,4.20,0,generic_unsplash_fallback,https://images.unsplash.com/photo-1469854523086-cc02fe5d8800?auto=format&fit=crop&w=1200&q=80,https://images.unsplash.com/photo-1469854523086-cc02fe5d8800?auto=format&fit=crop&w=1200&q=80,"{风景名胜,郑州市,河南省}"
1423,郑州世纪公园,郑州市,石化路1号,1,4.20,0,generic_unsplash_fallback,https://images.unsplash.com/photo-1500530855697-b586d89ba3ee?auto=format&fit=crop&w=1200&q=80,https://images.unsplash.com/photo-1500530855697-b586d89ba3ee?auto=format&fit=crop&w=1200&q=80,"{旅游景点,郑州市,河南省}"
1445,郑州市碧沙岗公园-南草坪,郑州市,建设东路31号郑州市碧沙岗公园,1,4.20,0,generic_unsplash_fallback,https://images.unsplash.com/photo-1500530855697-b586d89ba3ee?auto=format&fit=crop&w=1200&q=80,https://images.unsplash.com/photo-1500530855697-b586d89ba3ee?auto=format&fit=crop&w=1200&q=80,"{旅游景点,郑州市,河南省}"
1425,郑州市滨河公园,郑州市,兴华北街8号,1,4.20,0,generic_unsplash_fallback,https://images.unsplash.com/photo-1500530855697-b586d89ba3ee?auto=format&fit=crop&w=1200&q=80,https://images.unsplash.com/photo-1500530855697-b586d89ba3ee?auto=format&fit=crop&w=1200&q=80,"{公园,郑州市,河南省}"
1410,郑州市动物园,郑州市,花园路103号(关虎屯地铁站A口步行120米),1,4.20,0,generic_unsplash_fallback,https://images.unsplash.com/photo-1469854523086-cc02fe5d8800?auto=format&fit=crop&w=1200&q=80,https://images.unsplash.com/photo-1469854523086-cc02fe5d8800?auto=format&fit=crop&w=1200&q=80,"{动物园,郑州市,河南省}"
1402,郑州市人民公园,郑州市,北二七路97号,1,4.20,0,generic_unsplash_fallback,https://images.unsplash.com/photo-1500530855697-b586d89ba3ee?auto=format&fit=crop&w=1200&q=80,https://images.unsplash.com/photo-1500530855697-b586d89ba3ee?auto=format&fit=crop&w=1200&q=80,"{公园,郑州市,河南省}"
1407,郑州市西流湖公园(北区),郑州市,化工路,1,4.20,0,generic_unsplash_fallback,https://images.unsplash.com/photo-1500530855697-b586d89ba3ee?auto=format&fit=crop&w=1200&q=80,https://images.unsplash.com/photo-1500530855697-b586d89ba3ee?auto=format&fit=crop&w=1200&q=80,"{公园,郑州市,河南省}"
1412,郑州市西流湖公园北区-牡丹园,郑州市,化工路郑州西流湖公园北园内,1,4.20,0,generic_unsplash_fallback,https://images.unsplash.com/photo-1500530855697-b586d89ba3ee?auto=format&fit=crop&w=1200&q=80,https://images.unsplash.com/photo-1500530855697-b586d89ba3ee?auto=format&fit=crop&w=1200&q=80,"{植物园,郑州市,河南省}"
1399,郑州市月季公园,郑州市,西站路80号(桐柏路西站街81号院旁),1,4.20,0,generic_unsplash_fallback,https://images.unsplash.com/photo-1500530855697-b586d89ba3ee?auto=format&fit=crop&w=1200&q=80,https://images.unsplash.com/photo-1500530855697-b586d89ba3ee?auto=format&fit=crop&w=1200&q=80,"{公园,郑州市,河南省}"
1429,郑州树木园,郑州市,侯寨乡316省道,1,4.20,0,generic_unsplash_fallback,https://images.unsplash.com/photo-1469854523086-cc02fe5d8800?auto=format&fit=crop&w=1200&q=80,https://images.unsplash.com/photo-1469854523086-cc02fe5d8800?auto=format&fit=crop&w=1200&q=80,"{风景名胜,郑州市,河南省}"
1467,郑州索河郊野公园,郑州市,乔楼镇塔山南路,1,4.20,0,generic_unsplash_fallback,https://images.unsplash.com/photo-1500530855697-b586d89ba3ee?auto=format&fit=crop&w=1200&q=80,https://images.unsplash.com/photo-1500530855697-b586d89ba3ee?auto=format&fit=crop&w=1200&q=80,"{公园,郑州市,河南省}"
1411,郑州文庙,郑州市,东大街301号(郑州文庙地铁站D口步行440米),1,4.20,0,generic_unsplash_fallback,https://images.unsplash.com/photo-1513415756790-2ac1db1297d0?auto=format&fit=crop&w=1200&q=80,https://images.unsplash.com/photo-1513415756790-2ac1db1297d0?auto=format&fit=crop&w=1200&q=80,"{寺庙道观,郑州市,河南省}"
1438,郑州站东广场,郑州市,大同路与一马路交汇处,1,4.20,0,generic_unsplash_fallback,https://images.unsplash.com/photo-1444723121867-7a241cacace9?auto=format&fit=crop&w=1200&q=80,https://images.unsplash.com/photo-1444723121867-7a241cacace9?auto=format&fit=crop&w=1200&q=80,"{城市广场,郑州市,河南省}"
1437,郑州站西广场,郑州市,京广路,1,4.20,0,generic_unsplash_fallback,https://images.unsplash.com/photo-1444723121867-7a241cacace9?auto=format&fit=crop&w=1200&q=80,https://images.unsplash.com/photo-1444723121867-7a241cacace9?auto=format&fit=crop&w=1200&q=80,"{城市广场,郑州市,河南省}"
1421,郑州之林,郑州市,众意西路,1,4.20,0,generic_unsplash_fallback,https://images.unsplash.com/photo-1500530855697-b586d89ba3ee?auto=format&fit=crop&w=1200&q=80,https://images.unsplash.com/photo-1500530855697-b586d89ba3ee?auto=format&fit=crop&w=1200&q=80,"{公园,郑州市,河南省}"
1413,郑州植物园,郑州市,四环路,1,4.20,0,generic_unsplash_fallback,https://images.unsplash.com/photo-1469854523086-cc02fe5d8800?auto=format&fit=crop&w=1200&q=80,https://images.unsplash.com/photo-1469854523086-cc02fe5d8800?auto=format&fit=crop&w=1200&q=80,"{植物园,郑州市,河南省}"
1418,中铁·泰和里火车公园,郑州市,陇海中路5号附6号,1,4.20,0,generic_unsplash_fallback,https://images.unsplash.com/photo-1500530855697-b586d89ba3ee?auto=format&fit=crop&w=1200&q=80,https://images.unsplash.com/photo-1500530855697-b586d89ba3ee?auto=format&fit=crop&w=1200&q=80,"{公园,郑州市,河南省}"
1426,中原福塔,郑州市,经济技术开发区航海东路1206号,1,4.20,0,generic_unsplash_fallback,https://images.unsplash.com/photo-1444723121867-7a241cacace9?auto=format&fit=crop&w=1200&q=80,https://images.unsplash.com/photo-1444723121867-7a241cacace9?auto=format&fit=crop&w=1200&q=80,"{国家级景点,郑州市,河南省}"
1447,中原英烈纪念馆,郑州市,嵩山路街道工人路与丹青路交叉口向东100米,1,4.20,0,generic_unsplash_fallback,https://images.unsplash.com/photo-1469854523086-cc02fe5d8800?auto=format&fit=crop&w=1200&q=80,https://images.unsplash.com/photo-1469854523086-cc02fe5d8800?auto=format&fit=crop&w=1200&q=80,"{纪念馆,郑州市,河南省}"
1408,紫荆山公园,郑州市,金水路108号(紫荆山地铁站B口步行270米),1,4.20,0,generic_unsplash_fallback,https://images.unsplash.com/photo-1500530855697-b586d89ba3ee?auto=format&fit=crop&w=1200&q=80,https://images.unsplash.com/photo-1500530855697-b586d89ba3ee?auto=format&fit=crop&w=1200&q=80,"{公园,郑州市,河南省}"
1476,足球公园,郑州市,众意路与如意河西二街交叉口西260米,1,4.20,0,generic_unsplash_fallback,https://images.unsplash.com/photo-1500530855697-b586d89ba3ee?auto=format&fit=crop&w=1200&q=80,https://images.unsplash.com/photo-1500530855697-b586d89ba3ee?auto=format&fit=crop&w=1200&q=80,"{公园,郑州市,河南省}"
743,白鱼石公园,重庆市,嘉陵江边,1,4.20,0,generic_unsplash_fallback,https://images.unsplash.com/photo-1500530855697-b586d89ba3ee?auto=format&fit=crop&w=1200&q=80,https://images.unsplash.com/photo-1500530855697-b586d89ba3ee?auto=format&fit=crop&w=1200&q=80,"{公园,重庆市,重庆市}"
738,碧津公园,重庆市,两路街道胜利路172号,1,4.20,0,generic_unsplash_fallback,https://images.unsplash.com/photo-1500530855697-b586d89ba3ee?auto=format&fit=crop&w=1200&q=80,https://images.unsplash.com/photo-1500530855697-b586d89ba3ee?auto=format&fit=crop&w=1200&q=80,"{公园,重庆市,重庆市}"
716,曾家岩临崖步道,重庆市,曾家岩隧道与曾家岩嘉陵江大桥交叉口西300米,1,4.20,0,generic_unsplash_fallback,https://images.unsplash.com/photo-1469854523086-cc02fe5d8800?auto=format&fit=crop&w=1200&q=80,https://images.unsplash.com/photo-1469854523086-cc02fe5d8800?auto=format&fit=crop&w=1200&q=80,"{风景名胜,重庆市,重庆市}"
747,大圆洞国家森林公园,重庆市,永兴镇,1,4.20,0,generic_unsplash_fallback,https://images.unsplash.com/photo-1500530855697-b586d89ba3ee?auto=format&fit=crop&w=1200&q=80,https://images.unsplash.com/photo-1500530855697-b586d89ba3ee?auto=format&fit=crop&w=1200&q=80,"{国家级景点,重庆市,重庆市}"
701,戴家巷崖壁步道,重庆市,嘉陵江临江路,1,4.20,0,generic_unsplash_fallback,https://images.unsplash.com/photo-1500530855697-b586d89ba3ee?auto=format&fit=crop&w=1200&q=80,https://images.unsplash.com/photo-1500530855697-b586d89ba3ee?auto=format&fit=crop&w=1200&q=80,"{公园,重庆市,重庆市}"
682,鹅岭公园,重庆市,鹅岭正街176号(鹅岭地铁站2A口步行360米),1,4.20,0,generic_unsplash_fallback,https://images.unsplash.com/photo-1500530855697-b586d89ba3ee?auto=format&fit=crop&w=1200&q=80,https://images.unsplash.com/photo-1500530855697-b586d89ba3ee?auto=format&fit=crop&w=1200&q=80,"{公园,重庆市,重庆市}"
695,鹅岭栈桥,重庆市,化龙桥街道长江一路鹅颈巷8号,1,4.20,0,generic_unsplash_fallback,https://images.unsplash.com/photo-1469854523086-cc02fe5d8800?auto=format&fit=crop&w=1200&q=80,https://images.unsplash.com/photo-1469854523086-cc02fe5d8800?auto=format&fit=crop&w=1200&q=80,"{风景名胜,重庆市,重庆市}"
731,枫香湖儿童公园,重庆市,枫香路与福顺大道交叉口南400米路西,1,4.20,0,generic_unsplash_fallback,https://images.unsplash.com/photo-1500530855697-b586d89ba3ee?auto=format&fit=crop&w=1200&q=80,https://images.unsplash.com/photo-1500530855697-b586d89ba3ee?auto=format&fit=crop&w=1200&q=80,"{公园,重庆市,重庆市}"
755,凤栖湖公园,重庆市,新州大道与高腾大道交汇处东南角,1,4.20,0,generic_unsplash_fallback,https://images.unsplash.com/photo-1500530855697-b586d89ba3ee?auto=format&fit=crop&w=1200&q=80,https://images.unsplash.com/photo-1500530855697-b586d89ba3ee?auto=format&fit=crop&w=1200&q=80,"{公园,重庆市,重庆市}"
709,佛图关公园,重庆市,长江一路鹅颈巷8号,1,4.20,0,generic_unsplash_fallback,https://images.unsplash.com/photo-1500530855697-b586d89ba3ee?auto=format&fit=crop&w=1200&q=80,https://images.unsplash.com/photo-1500530855697-b586d89ba3ee?auto=format&fit=crop&w=1200&q=80,"{公园,重庆市,重庆市}"
749,溉澜溪体育公园,重庆市,泰山大道东段与知行路交叉口西南260米,1,4.20,0,generic_unsplash_fallback,https://images.unsplash.com/photo-1500530855697-b586d89ba3ee?auto=format&fit=crop&w=1200&q=80,https://images.unsplash.com/photo-1500530855697-b586d89ba3ee?auto=format&fit=crop&w=1200&q=80,"{公园,重庆市,重庆市}"
727,歌乐山国家森林公园,重庆市,歌乐山街道森林路,1,4.20,0,generic_unsplash_fallback,https://images.unsplash.com/photo-1500530855697-b586d89ba3ee?auto=format&fit=crop&w=1200&q=80,https://images.unsplash.com/photo-1500530855697-b586d89ba3ee?auto=format&fit=crop&w=1200&q=80,"{国家级景点,重庆市,重庆市}"
711,观音桥步行街中心广场,重庆市,观音桥地铁站5号口旁,1,4.20,0,generic_unsplash_fallback,https://images.unsplash.com/photo-1519608487953-e999c86e7455?auto=format&fit=crop&w=1200&q=80,https://images.unsplash.com/photo-1519608487953-e999c86e7455?auto=format&fit=crop&w=1200&q=80,"{城市广场,重庆市,重庆市}"
715,桂园,重庆市,上清寺中山四路65号(求精中学旁),1,4.20,0,generic_unsplash_fallback,https://images.unsplash.com/photo-1469854523086-cc02fe5d8800?auto=format&fit=crop&w=1200&q=80,https://images.unsplash.com/photo-1469854523086-cc02fe5d8800?auto=format&fit=crop&w=1200&q=80,"{风景名胜,重庆市,重庆市}"
693,洪崖洞-大桥对面拍照打卡点,重庆市,汇川门路6号,1,4.20,0,generic_unsplash_fallback,https://images.unsplash.com/photo-1469854523086-cc02fe5d8800?auto=format&fit=crop&w=1200&q=80,https://images.unsplash.com/photo-1469854523086-cc02fe5d8800?auto=format&fit=crop&w=1200&q=80,"{旅游景点,重庆市,重庆市}"
678,洪崖洞民俗风貌区,重庆市,嘉陵江滨江路88号(小什字地铁站9号口步行430米),1,4.20,0,generic_unsplash_fallback,https://images.unsplash.com/photo-1469854523086-cc02fe5d8800?auto=format&fit=crop&w=1200&q=80,https://images.unsplash.com/photo-1469854523086-cc02fe5d8800?auto=format&fit=crop&w=1200&q=80,"{风景名胜,重庆市,重庆市}"
680,洪崖洞夜景观景台,重庆市,沧白路88号洪崖洞民俗风貌区11层,1,4.20,0,generic_unsplash_fallback,https://images.unsplash.com/photo-1469854523086-cc02fe5d8800?auto=format&fit=crop&w=1200&q=80,https://images.unsplash.com/photo-1469854523086-cc02fe5d8800?auto=format&fit=crop&w=1200&q=80,"{观景点,重庆市,重庆市}"
698,鸿恩寺森林公园,重庆市,鸿恩路,1,4.20,0,generic_unsplash_fallback,https://images.unsplash.com/photo-1500530855697-b586d89ba3ee?auto=format&fit=crop&w=1200&q=80,https://images.unsplash.com/photo-1500530855697-b586d89ba3ee?auto=format&fit=crop&w=1200&q=80,"{风景名胜,重庆市,重庆市}"
696,湖广会馆,重庆市,长江滨江路芭蕉园1号,1,4.20,0,generic_unsplash_fallback,https://images.unsplash.com/photo-1469854523086-cc02fe5d8800?auto=format&fit=crop&w=1200&q=80,https://images.unsplash.com/photo-1469854523086-cc02fe5d8800?auto=format&fit=crop&w=1200&q=80,"{国家级景点,重庆市,重庆市}"
721,黄花园大桥,重庆市,重庆市江北城街道重庆嘉陵江大桥与北滨一路交叉口,1,4.20,0,generic_unsplash_fallback,https://images.unsplash.com/photo-1469854523086-cc02fe5d8800?auto=format&fit=crop&w=1200&q=80,https://images.unsplash.com/photo-1469854523086-cc02fe5d8800?auto=format&fit=crop&w=1200&q=80,"{风景名胜,重庆市,重庆市}"
756,火凤山生态公园,重庆市,万年路398号,1,4.20,0,generic_unsplash_fallback,https://images.unsplash.com/photo-1500530855697-b586d89ba3ee?auto=format&fit=crop&w=1200&q=80,https://images.unsplash.com/photo-1500530855697-b586d89ba3ee?auto=format&fit=crop&w=1200&q=80,"{公园,重庆市,重庆市}"
708,江北a~台,重庆市,北滨一路与培唐路交叉口东80米,1,4.20,0,generic_unsplash_fallback,https://images.unsplash.com/photo-1469854523086-cc02fe5d8800?auto=format&fit=crop&w=1200&q=80,https://images.unsplash.com/photo-1469854523086-cc02fe5d8800?auto=format&fit=crop&w=1200&q=80,"{风景名胜,重庆市,重庆市}"
736,金海湾滨江公园,重庆市,大竹林江与城别墅住宅区旁(嘉陵江沿岸),1,4.20,0,generic_unsplash_fallback,https://images.unsplash.com/photo-1500530855697-b586d89ba3ee?auto=format&fit=crop&w=1200&q=80,https://images.unsplash.com/photo-1500530855697-b586d89ba3ee?auto=format&fit=crop&w=1200&q=80,"{公园,重庆市,重庆市}"
735,九曲河湿地公园,重庆市,康美街道,1,4.20,0,generic_unsplash_fallback,https://images.unsplash.com/photo-1500530855697-b586d89ba3ee?auto=format&fit=crop&w=1200&q=80,https://images.unsplash.com/photo-1500530855697-b586d89ba3ee?auto=format&fit=crop&w=1200&q=80,"{公园,重庆市,重庆市}"
684,魁星楼,重庆市,临江门大唐广场17号(临江门地铁站2号口步行220米),1,4.20,0,generic_unsplash_fallback,https://images.unsplash.com/photo-1469854523086-cc02fe5d8800?auto=format&fit=crop&w=1200&q=80,https://images.unsplash.com/photo-1469854523086-cc02fe5d8800?auto=format&fit=crop&w=1200&q=80,"{旅游景点,重庆市,重庆市}"
714,老君洞道观,重庆市,崇文路彩瑞苑对面,1,4.20,0,generic_unsplash_fallback,https://images.unsplash.com/photo-1469854523086-cc02fe5d8800?auto=format&fit=crop&w=1200&q=80,https://images.unsplash.com/photo-1469854523086-cc02fe5d8800?auto=format&fit=crop&w=1200&q=80,"{寺庙道观,重庆市,重庆市}"
705,两江小渡,重庆市,嘉陵江滨江路98号,1,4.20,0,generic_unsplash_fallback,https://images.unsplash.com/photo-1469854523086-cc02fe5d8800?auto=format&fit=crop&w=1200&q=80,https://images.unsplash.com/photo-1469854523086-cc02fe5d8800?auto=format&fit=crop&w=1200&q=80,"{旅游景点,重庆市,重庆市}"
702,临江门,重庆市,临江路35号(临江门地铁站2号口步行250米),1,4.20,0,generic_unsplash_fallback,https://images.unsplash.com/photo-1469854523086-cc02fe5d8800?auto=format&fit=crop&w=1200&q=80,https://images.unsplash.com/photo-1469854523086-cc02fe5d8800?auto=format&fit=crop&w=1200&q=80,"{风景名胜,重庆市,重庆市}"
700,龙门浩老街,重庆市,南滨路105号(上新街地铁站2号口步行320米),1,4.20,0,generic_unsplash_fallback,https://images.unsplash.com/photo-1519608487953-e999c86e7455?auto=format&fit=crop&w=1200&q=80,https://images.unsplash.com/photo-1519608487953-e999c86e7455?auto=format&fit=crop&w=1200&q=80,"{国家级景点,重庆市,重庆市}"
691,龙头寺公园,重庆市,红土地地铁站1A口步行150米,1,4.20,0,generic_unsplash_fallback,https://images.unsplash.com/photo-1500530855697-b586d89ba3ee?auto=format&fit=crop&w=1200&q=80,https://images.unsplash.com/photo-1500530855697-b586d89ba3ee?auto=format&fit=crop&w=1200&q=80,"{公园,重庆市,重庆市}"
745,麓溪湖 LUXE VALLEY,重庆市,欣悦路260号,1,4.20,0,generic_unsplash_fallback,https://images.unsplash.com/photo-1469854523086-cc02fe5d8800?auto=format&fit=crop&w=1200&q=80,https://images.unsplash.com/photo-1469854523086-cc02fe5d8800?auto=format&fit=crop&w=1200&q=80,"{风景名胜,重庆市,重庆市}"
686,罗汉寺,重庆市,解放碑街道罗汉寺街7号(小什字地铁站6号口旁),1,4.20,0,generic_unsplash_fallback,https://images.unsplash.com/photo-1513415756790-2ac1db1297d0?auto=format&fit=crop&w=1200&q=80,https://images.unsplash.com/photo-1513415756790-2ac1db1297d0?auto=format&fit=crop&w=1200&q=80,"{寺庙道观,重庆市,重庆市}"
697,马鞍山堂里,重庆市,学田湾正街枣子垭正街交汇处(大礼堂地铁站1号口步行290米),1,4.20,0,generic_unsplash_fallback,https://images.unsplash.com/photo-1469854523086-cc02fe5d8800?auto=format&fit=crop&w=1200&q=80,https://images.unsplash.com/photo-1469854523086-cc02fe5d8800?auto=format&fit=crop&w=1200&q=80,"{旅游景点,重庆市,重庆市}"
719,南坪会展中心,重庆市,亚太路与南坪北路交叉口西南140米,1,4.20,0,generic_unsplash_fallback,https://images.unsplash.com/photo-1469854523086-cc02fe5d8800?auto=format&fit=crop&w=1200&q=80,https://images.unsplash.com/photo-1469854523086-cc02fe5d8800?auto=format&fit=crop&w=1200&q=80,"{旅游景点,重庆市,重庆市}"
751,平顶山文化公园,重庆市,石小路155号,1,4.20,0,generic_unsplash_fallback,https://images.unsplash.com/photo-1500530855697-b586d89ba3ee?auto=format&fit=crop&w=1200&q=80,https://images.unsplash.com/photo-1500530855697-b586d89ba3ee?auto=format&fit=crop&w=1200&q=80,"{公园,重庆市,重庆市}"
752,綦江国家地质公园,重庆市,綦登路东北侧,1,4.20,0,generic_unsplash_fallback,https://images.unsplash.com/photo-1500530855697-b586d89ba3ee?auto=format&fit=crop&w=1200&q=80,https://images.unsplash.com/photo-1500530855697-b586d89ba3ee?auto=format&fit=crop&w=1200&q=80,"{国家级景点,重庆市,重庆市}"
753,綦江国家地质公园老瀛山景区,重庆市,三角镇红岩村,1,4.20,0,generic_unsplash_fallback,https://images.unsplash.com/photo-1500530855697-b586d89ba3ee?auto=format&fit=crop&w=1200&q=80,https://images.unsplash.com/photo-1500530855697-b586d89ba3ee?auto=format&fit=crop&w=1200&q=80,"{国家级景点,重庆市,重庆市}"
683,人民解放纪念碑,重庆市,邹容路133号,1,4.20,0,generic_unsplash_fallback,https://images.unsplash.com/photo-1469854523086-cc02fe5d8800?auto=format&fit=crop&w=1200&q=80,https://images.unsplash.com/photo-1469854523086-cc02fe5d8800?auto=format&fit=crop&w=1200&q=80,"{纪念馆,重庆市,重庆市}"
733,三板溪鹿野公园,重庆市,复盛镇101省道与现代大道交叉口东南260米,1,4.20,0,generic_unsplash_fallback,https://images.unsplash.com/photo-1500530855697-b586d89ba3ee?auto=format&fit=crop&w=1200&q=80,https://images.unsplash.com/photo-1500530855697-b586d89ba3ee?auto=format&fit=crop&w=1200&q=80,"{公园,重庆市,重庆市}"
734,沙坪公园,重庆市,天陈路52号,1,4.20,0,generic_unsplash_fallback,https://images.unsplash.com/photo-1500530855697-b586d89ba3ee?auto=format&fit=crop&w=1200&q=80,https://images.unsplash.com/photo-1500530855697-b586d89ba3ee?auto=format&fit=crop&w=1200&q=80,"{公园,重庆市,重庆市}"
679,山城步道,重庆市,中兴路234号旁,1,4.20,0,generic_unsplash_fallback,https://images.unsplash.com/photo-1469854523086-cc02fe5d8800?auto=format&fit=crop&w=1200&q=80,https://images.unsplash.com/photo-1469854523086-cc02fe5d8800?auto=format&fit=crop&w=1200&q=80,"{风景名胜,重庆市,重庆市}"
712,山城巷传统风貌区,重庆市,七星岗街道南区路与中兴路交叉口东北50米,1,4.20,0,generic_unsplash_fallback,https://images.unsplash.com/photo-1469854523086-cc02fe5d8800?auto=format&fit=crop&w=1200&q=80,https://images.unsplash.com/photo-1469854523086-cc02fe5d8800?auto=format&fit=crop&w=1200&q=80,"{旅游景点,重庆市,重庆市}"
688,十八梯观景台,重庆市,较场口临68-17号,1,4.20,0,generic_unsplash_fallback,https://images.unsplash.com/photo-1469854523086-cc02fe5d8800?auto=format&fit=crop&w=1200&q=80,https://images.unsplash.com/photo-1469854523086-cc02fe5d8800?auto=format&fit=crop&w=1200&q=80,"{风景名胜,重庆市,重庆市}"
739,石子山体育公园,重庆市,盘溪路406号,1,4.20,0,generic_unsplash_fallback,https://images.unsplash.com/photo-1500530855697-b586d89ba3ee?auto=format&fit=crop&w=1200&q=80,https://images.unsplash.com/photo-1500530855697-b586d89ba3ee?auto=format&fit=crop&w=1200&q=80,"{公园,重庆市,重庆市}"
713,通远门城墙遗址公园,重庆市,金汤街53号(七星岗地铁站1号口步行430米),1,4.20,0,generic_unsplash_fallback,https://images.unsplash.com/photo-1500530855697-b586d89ba3ee?auto=format&fit=crop&w=1200&q=80,https://images.unsplash.com/photo-1500530855697-b586d89ba3ee?auto=format&fit=crop&w=1200&q=80,"{风景名胜,重庆市,重庆市}"
710,通远门段城门及城墙,重庆市,和平路和金汤街交汇处(七星岗地铁站1号口步行390米),1,4.20,0,generic_unsplash_fallback,https://images.unsplash.com/photo-1469854523086-cc02fe5d8800?auto=format&fit=crop&w=1200&q=80,https://images.unsplash.com/photo-1469854523086-cc02fe5d8800?auto=format&fit=crop&w=1200&q=80,"{风景名胜,重庆市,重庆市}"
746,万盛国家地质公园,重庆市,万盛经开区万盛开发区黑山镇,1,4.20,0,generic_unsplash_fallback,https://images.unsplash.com/photo-1500530855697-b586d89ba3ee?auto=format&fit=crop&w=1200&q=80,https://images.unsplash.com/photo-1500530855697-b586d89ba3ee?auto=format&fit=crop&w=1200&q=80,"{公园,重庆市,重庆市}"
748,武陵山国家森林公园,重庆市,022乡道北50米,1,4.20,0,generic_unsplash_fallback,https://images.unsplash.com/photo-1500530855697-b586d89ba3ee?auto=format&fit=crop&w=1200&q=80,https://images.unsplash.com/photo-1500530855697-b586d89ba3ee?auto=format&fit=crop&w=1200&q=80,"{国家级景点,重庆市,重庆市}"
690,下浩里,重庆市,南滨路与东水门长江大桥交叉口东北角,1,4.20,0,generic_unsplash_fallback,https://images.unsplash.com/photo-1469854523086-cc02fe5d8800?auto=format&fit=crop&w=1200&q=80,https://images.unsplash.com/photo-1469854523086-cc02fe5d8800?auto=format&fit=crop&w=1200&q=80,"{旅游景点,重庆市,重庆市}"
728,仙女山国家森林公园,重庆市,双河乡,1,4.20,0,generic_unsplash_fallback,https://images.unsplash.com/photo-1500530855697-b586d89ba3ee?auto=format&fit=crop&w=1200&q=80,https://images.unsplash.com/photo-1500530855697-b586d89ba3ee?auto=format&fit=crop&w=1200&q=80,"{国家级景点,重庆市,重庆市}"
750,雅巴洞江滩公园,重庆市,丹龙路与青龙路交叉口西220米,1,4.20,0,generic_unsplash_fallback,https://images.unsplash.com/photo-1500530855697-b586d89ba3ee?auto=format&fit=crop&w=1200&q=80,https://images.unsplash.com/photo-1500530855697-b586d89ba3ee?auto=format&fit=crop&w=1200&q=80,"{公园,重庆市,重庆市}"
706,萤火虫港湾猫猫主题公园,重庆市,"",1,4.20,0,generic_unsplash_fallback,https://images.unsplash.com/photo-1500530855697-b586d89ba3ee?auto=format&fit=crop&w=1200&q=80,https://images.unsplash.com/photo-1500530855697-b586d89ba3ee?auto=format&fit=crop&w=1200&q=80,"{公园,重庆市,重庆市}"
744,玉峰山森林公园,重庆市,玉峰山镇玉峰村6社31号,1,4.20,0,generic_unsplash_fallback,https://images.unsplash.com/photo-1500530855697-b586d89ba3ee?auto=format&fit=crop&w=1200&q=80,https://images.unsplash.com/photo-1500530855697-b586d89ba3ee?auto=format&fit=crop&w=1200&q=80,"{风景名胜,重庆市,重庆市}"
699,长嘉汇弹子石老街,重庆市,泰昌路69号,1,4.20,0,generic_unsplash_fallback,https://images.unsplash.com/photo-1519608487953-e999c86e7455?auto=format&fit=crop&w=1200&q=80,https://images.unsplash.com/photo-1519608487953-e999c86e7455?auto=format&fit=crop&w=1200&q=80,"{国家级景点,重庆市,重庆市}"
707,长江艺术广场,重庆市,南滨路千佛寺旁,1,4.20,0,generic_unsplash_fallback,https://images.unsplash.com/photo-1444723121867-7a241cacace9?auto=format&fit=crop&w=1200&q=80,https://images.unsplash.com/photo-1444723121867-7a241cacace9?auto=format&fit=crop&w=1200&q=80,"{城市广场,重庆市,重庆市}"
730,照母山森林公园,重庆市,金开大道西段88号,1,4.20,0,generic_unsplash_fallback,https://images.unsplash.com/photo-1500530855697-b586d89ba3ee?auto=format&fit=crop&w=1200&q=80,https://images.unsplash.com/photo-1500530855697-b586d89ba3ee?auto=format&fit=crop&w=1200&q=80,"{风景名胜,重庆市,重庆市}"
703,重庆白象街传统风貌区,重庆市,解放西路复旦中学(凯旋路校区),1,4.20,0,generic_unsplash_fallback,https://images.unsplash.com/photo-1519608487953-e999c86e7455?auto=format&fit=crop&w=1200&q=80,https://images.unsplash.com/photo-1519608487953-e999c86e7455?auto=format&fit=crop&w=1200&q=80,"{风景名胜,重庆市,重庆市}"
717,重庆滨江公园,重庆市,南纪门街道长江滨江路,1,4.20,0,generic_unsplash_fallback,https://images.unsplash.com/photo-1500530855697-b586d89ba3ee?auto=format&fit=crop&w=1200&q=80,https://images.unsplash.com/photo-1500530855697-b586d89ba3ee?auto=format&fit=crop&w=1200&q=80,"{公园,重庆市,重庆市}"
732,重庆茶山竹海国家森林公园,重庆市,413省道,1,4.20,0,generic_unsplash_fallback,https://images.unsplash.com/photo-1500530855697-b586d89ba3ee?auto=format&fit=crop&w=1200&q=80,https://images.unsplash.com/photo-1500530855697-b586d89ba3ee?auto=format&fit=crop&w=1200&q=80,"{国家级景点,重庆市,重庆市}"
687,重庆朝天门广场,重庆市,朝千路1号,1,4.20,0,generic_unsplash_fallback,https://images.unsplash.com/photo-1444723121867-7a241cacace9?auto=format&fit=crop&w=1200&q=80,https://images.unsplash.com/photo-1444723121867-7a241cacace9?auto=format&fit=crop&w=1200&q=80,"{城市广场,重庆市,重庆市}"
722,重庆大轰炸遗址群“六·五”隧道惨案遗址,重庆市,较场口87号附4号得意世界1层(较场口地铁站9号口步行150米),1,4.20,0,generic_unsplash_fallback,https://images.unsplash.com/photo-1469854523086-cc02fe5d8800?auto=format&fit=crop&w=1200&q=80,https://images.unsplash.com/photo-1469854523086-cc02fe5d8800?auto=format&fit=crop&w=1200&q=80,"{红色景区,重庆市,重庆市}"
740,重庆汉海海洋公园,重庆市,嘉龙路133号,1,4.20,0,generic_unsplash_fallback,https://images.unsplash.com/photo-1500530855697-b586d89ba3ee?auto=format&fit=crop&w=1200&q=80,https://images.unsplash.com/photo-1500530855697-b586d89ba3ee?auto=format&fit=crop&w=1200&q=80,"{水族馆,重庆市,重庆市}"
754,重庆欢乐海底世界,重庆市,化龙桥重庆天地企业天地2号楼1层,1,4.20,0,generic_unsplash_fallback,https://images.unsplash.com/photo-1469854523086-cc02fe5d8800?auto=format&fit=crop&w=1200&q=80,https://images.unsplash.com/photo-1469854523086-cc02fe5d8800?auto=format&fit=crop&w=1200&q=80,"{动物园,重庆市,重庆市}"
742,重庆开埠遗址公园,重庆市,马鞍山56号,1,4.20,0,generic_unsplash_fallback,https://images.unsplash.com/photo-1500530855697-b586d89ba3ee?auto=format&fit=crop&w=1200&q=80,https://images.unsplash.com/photo-1500530855697-b586d89ba3ee?auto=format&fit=crop&w=1200&q=80,"{公园,重庆市,重庆市}"
692,重庆枇杷山公园,重庆市,两路口街道枇杷山正街74号,1,4.20,0,generic_unsplash_fallback,https://images.unsplash.com/photo-1500530855697-b586d89ba3ee?auto=format&fit=crop&w=1200&q=80,https://images.unsplash.com/photo-1500530855697-b586d89ba3ee?auto=format&fit=crop&w=1200&q=80,"{公园,重庆市,重庆市}"
720,重庆人民广场,重庆市,人民路173号,1,4.20,0,generic_unsplash_fallback,https://images.unsplash.com/photo-1444723121867-7a241cacace9?auto=format&fit=crop&w=1200&q=80,https://images.unsplash.com/photo-1444723121867-7a241cacace9?auto=format&fit=crop&w=1200&q=80,"{城市广场,重庆市,重庆市}"
685,重庆珊瑚公园,重庆市,长江滨江路336号,1,4.20,0,generic_unsplash_fallback,https://images.unsplash.com/photo-1500530855697-b586d89ba3ee?auto=format&fit=crop&w=1200&q=80,https://images.unsplash.com/photo-1500530855697-b586d89ba3ee?auto=format&fit=crop&w=1200&q=80,"{公园,重庆市,重庆市}"
681,重庆十八梯传统风貌区,重庆市,中兴路1号(较场口地铁站出入口旁),1,4.20,0,generic_unsplash_fallback,https://images.unsplash.com/photo-1469854523086-cc02fe5d8800?auto=format&fit=crop&w=1200&q=80,https://images.unsplash.com/photo-1469854523086-cc02fe5d8800?auto=format&fit=crop&w=1200&q=80,"{风景名胜,重庆市,重庆市}"
723,重庆市江北嘴中央商务区中央公园,重庆市,黄花园大桥北桥头江北嘴中央商务区,1,4.20,0,generic_unsplash_fallback,https://images.unsplash.com/photo-1500530855697-b586d89ba3ee?auto=format&fit=crop&w=1200&q=80,https://images.unsplash.com/photo-1500530855697-b586d89ba3ee?auto=format&fit=crop&w=1200&q=80,"{公园,重庆市,重庆市}"
726,重庆铁山坪森林公园,重庆市,铁山坪,1,4.20,0,generic_unsplash_fallback,https://images.unsplash.com/photo-1500530855697-b586d89ba3ee?auto=format&fit=crop&w=1200&q=80,https://images.unsplash.com/photo-1500530855697-b586d89ba3ee?auto=format&fit=crop&w=1200&q=80,"{国家级景点,重庆市,重庆市}"
737,重庆铜锣山矿山公园,重庆市,007乡道附近,1,4.20,0,generic_unsplash_fallback,https://images.unsplash.com/photo-1500530855697-b586d89ba3ee?auto=format&fit=crop&w=1200&q=80,https://images.unsplash.com/photo-1500530855697-b586d89ba3ee?auto=format&fit=crop&w=1200&q=80,"{公园,重庆市,重庆市}"
704,重庆小渡,重庆市,嘉陵江滨江路与洪崖门地下道交叉口东北120米,1,4.20,0,generic_unsplash_fallback,https://images.unsplash.com/photo-1469854523086-cc02fe5d8800?auto=format&fit=crop&w=1200&q=80,https://images.unsplash.com/photo-1469854523086-cc02fe5d8800?auto=format&fit=crop&w=1200&q=80,"{旅游景点,重庆市,重庆市}"
729,重庆云阳龙缸国家地质公园,重庆市,清水乡云利路,1,4.20,0,generic_unsplash_fallback,https://images.unsplash.com/photo-1500530855697-b586d89ba3ee?auto=format&fit=crop&w=1200&q=80,https://images.unsplash.com/photo-1500530855697-b586d89ba3ee?auto=format&fit=crop&w=1200&q=80,"{国家级景点,重庆市,重庆市}"
718,重庆长江大桥,重庆市,菜园坝街道南滨路与江南大道交叉口北侧,1,4.20,0,generic_unsplash_fallback,https://images.unsplash.com/photo-1469854523086-cc02fe5d8800?auto=format&fit=crop&w=1200&q=80,https://images.unsplash.com/photo-1469854523086-cc02fe5d8800?auto=format&fit=crop&w=1200&q=80,"{风景名胜,重庆市,重庆市}"
694,重庆长江索道,重庆市,"新华路151号(小什字地铁站5B口旁),上新街4号(索道南站)",1,4.20,0,generic_unsplash_fallback,https://images.unsplash.com/photo-1469854523086-cc02fe5d8800?auto=format&fit=crop&w=1200&q=80,https://images.unsplash.com/photo-1469854523086-cc02fe5d8800?auto=format&fit=crop&w=1200&q=80,"{省级景点,重庆市,重庆市}"
724,重庆中央公园,重庆市,同茂大道,1,4.20,0,generic_unsplash_fallback,https://images.unsplash.com/photo-1500530855697-b586d89ba3ee?auto=format&fit=crop&w=1200&q=80,https://images.unsplash.com/photo-1500530855697-b586d89ba3ee?auto=format&fit=crop&w=1200&q=80,"{公园,重庆市,重庆市}"
689,周公馆,重庆市,上清寺中山四路曾家岩50号(曾家岩地铁站2号口步行90米),1,4.20,0,generic_unsplash_fallback,https://images.unsplash.com/photo-1469854523086-cc02fe5d8800?auto=format&fit=crop&w=1200&q=80,https://images.unsplash.com/photo-1469854523086-cc02fe5d8800?auto=format&fit=crop&w=1200&q=80,"{风景名胜,重庆市,重庆市}"
757,竹林公园,重庆市,楠竹路5号对面,1,4.20,0,generic_unsplash_fallback,https://images.unsplash.com/photo-1500530855697-b586d89ba3ee?auto=format&fit=crop&w=1200&q=80,https://images.unsplash.com/photo-1500530855697-b586d89ba3ee?auto=format&fit=crop&w=1200&q=80,"{公园,重庆市,重庆市}"
741,竹溪河湿地公园,重庆市,万福路辅路与云生大道交叉口东南460米,1,4.20,0,generic_unsplash_fallback,https://images.unsplash.com/photo-1500530855697-b586d89ba3ee?auto=format&fit=crop&w=1200&q=80,https://images.unsplash.com/photo-1500530855697-b586d89ba3ee?auto=format&fit=crop&w=1200&q=80,"{公园,重庆市,重庆市}"
4,北海公园,北京,北京市西城区文津街1号,3,4.50,540,placeholder_example,https://example.com/images/beihai-thumb.jpg,https://example.com/images/beihai.jpg,"{公园,自然,湖景,摄影,亲子,低预算}"
1,故宫博物院,北京,北京市东城区景山前街4号,1,5.00,1,placeholder_example,https://example.com/images/forbidden-city-thumb.jpg,https://example.com/images/forbidden-city.jpg,"{历史古迹,博物馆,世界遗产,历史,摄影,亲子,室内}"
5,国家博物馆,北京,北京市东城区东长安街16号,2,5.00,1,placeholder_example,https://example.com/images/national-museum-thumb.jpg,https://example.com/images/national-museum.jpg,"{博物馆,历史,展览,室内,低预算,亲子}"
6,前门大街,北京,北京市东城区前门大街,4,4.00,1,placeholder_example,https://example.com/images/qianmen-thumb.jpg,https://example.com/images/qianmen.jpg,"{商业街区,美食,夜游,购物,城市漫步,低预算}"
2,天安门广场,北京,北京市东城区东长安街,1,4.60,980,placeholder_example,https://example.com/images/tiananmen-thumb.jpg,https://example.com/images/tiananmen.jpg,"{城市地标,历史,摄影,步行,低预算,城市漫步}"
7,王府井步行街,北京,北京市东城区王府井大街,4,4.20,520,placeholder_example,https://example.com/images/wangfujing-thumb.jpg,https://example.com/images/wangfujing.jpg,"{商业街区,购物,美食,夜游,城市地标}"
